attraction_id,attraction_name,nearest_station_id,nearest_station_name,distance_to_station_m,pressure_score,lat,lon,category,type,popularity_score,rating,review_count,source_name,original_name,nearest_metro_line,source_url,google_place_id,google_maps_uri,google_website_uri,google_types,include_in_model,exclude_reason,mapping_confidence,visitor_count_score,official_recognition_score,attraction_scale_score,metro_access_score,opening_availability_score,mapping_confidence_score,penalty_score,attraction_score,scoring_note,data_quality_note,osm_type,osm_id,tourism,historic,leisure,amenity,wikidata,wikipedia,google_match_distance_m
P0001,Ueno Zoological Gardens,G16,Ueno,441.1,0.91079,35.7153093,139.7732671,zoo,zoo|point_of_interest|establishment,18.187,4.2,39709.0,curated_representative,恩賜上野動物園,Ginza,https://www.tokyo-zoo.net/english/ueno/,ChIJf2129yiMGGAR9I6Yoe-1uHY,https://maps.google.com/?cid=8554787533003198196&g_mp=Cidnb29nbGUubWFwcy5wbGFjZXMudjEuUGxhY2VzLlNlYXJjaFRleHQQAhgEIAA,https://www.tokyo-zoo.net/ueno/,zoo|point_of_interest|establishment,True,NA,high,20,20,20,12,5,5,0,100.187,"score=100.2/110; visitor=20, google=18.2, official=20, scale=20, metro=12, opening=5, mapping=5, penalty=0",Official source gives average annual visitors before COVID rather than a single-year count. Ueno tourism cluster; aggregate with cap to avoid over-amplifying one station.,NA,NA,NA,NA,NA,NA,NA,NA,85.9
P0002,National Museum of Nature and Science,G16,Ueno,470.4,0.796609,35.7159919,139.7765927,museum,tourist_attraction|museum|store|point_of_interest|establishment,17.627,4.5,28661.0,curated_representative,国立科学博物館,Ginza,https://www.kahaku.go.jp/english/,ChIJ8Vuh65yOGGARyj4L5IBFiIk,https://maps.google.com/?cid=9910247399912849098&g_mp=Cidnb29nbGUubWFwcy5wbGFjZXMudjEuUGxhY2VzLlNlYXJjaFRleHQQAhgEIAA,https://www.kahaku.go.jp/,tourist_attraction|museum|store|point_of_interest|establishment,True,NA,high,16,20,12,12,5,5,0,87.627,"score=87.6/110; visitor=16, google=17.6, official=20, scale=12, metro=12, opening=5, mapping=5, penalty=0",Ueno tourism cluster; aggregate with cap to avoid over-amplifying one station.,NA,NA,NA,NA,NA,NA,NA,NA,53.8
P0003,Shibuya Scramble Crossing,Z01,Shibuya,49.2,0.79153,35.6595216,139.7004973,public_landmark,tourist_attraction|point_of_interest|establishment,17.068,4.5,20702.0,curated_representative,渋谷スクランブル交差点,Hanzomon,https://www.gotokyo.org/en/spot/78/index.html,ChIJK9EM68qLGGARacmu4KJj5SA,https://maps.google.com/?cid=2370410330085837161&g_mp=Cidnb29nbGUubWFwcy5wbGFjZXMudjEuUGxhY2VzLlNlYXJjaFRleHQQAhgEIAA,https://play-shibuya.com/,tourist_attraction|point_of_interest|establishment,True,NA,high,0,20,20,15,10,5,0,87.068,"score=87.1/110; visitor=0, google=17.1, official=20, scale=20, metro=15, opening=10, mapping=5, penalty=0",Open public area; surrounding facility hours vary. Commercial district; store hours vary and opening hours are coarse modeling assumptions. No reliable annual visitor count found; included as representative tourism proxy.,NA,NA,NA,NA,NA,NA,NA,NA,7.1
P0004,teamLab Planets TOKYO,Y22,Toyosu,855.9,0.787602,35.64938,139.789728,digital_art_museum,tourist_attraction|art_museum|museum|amusement_park|amusement_center|point_of_interest|establishment,18.636,4.5,51585.0,curated_representative,チームラボプラネッツ TOKYO,Yurakucho,https://www.teamlab.art/e/planets/,ChIJSeco5wiJGGARItbTS8lQ5G0,https://maps.google.com/?cid=7918542870314997282&g_mp=Cidnb29nbGUubWFwcy5wbGFjZXMudjEuUGxhY2VzLlNlYXJjaFRleHQQAhgEIAA,https://www.teamlab.art/jp/e/planets/,tourist_attraction|art_museum|museum|amusement_park|amusement_center|point_of_interest|establishment,True,NA,high,12,15,20,8,8,5,0,86.636,"score=86.6/110; visitor=12, google=18.6, official=15, scale=20, metro=8, opening=8, mapping=5, penalty=0",Kept as representative tourism cluster.,NA,NA,NA,NA,NA,NA,NA,NA,29.1
P0005,Tokyo National Museum,G16,Ueno,804.2,0.761058,35.7190658,139.7758162,museum,tourist_attraction|art_museum|museum|point_of_interest|establishment,17.716,4.5,30193.0,curated_representative,東京国立博物館,Ginza,https://www.tnm.jp/?lang=en,ChIJEX3XFIOOGGAR3XdJvRjWLyM,https://maps.google.com/?cid=2535480516976146397&g_mp=Cidnb29nbGUubWFwcy5wbGFjZXMudjEuUGxhY2VzLlNlYXJjaFRleHQQAhgEIAA,https://www.tnm.jp/,tourist_attraction|art_museum|museum|point_of_interest|establishment,True,NA,medium,16,15,20,8,4,3,0,83.716,"score=83.7/110; visitor=16, google=17.7, official=15, scale=20, metro=8, opening=4, mapping=3, penalty=0","Nearest station adjusted from geometric nearest station to likely tourist access station. Ueno tourism cluster; aggregate with cap to avoid over-amplifying one station. Opening hours are coarse modeling assumptions for a district, facility, or variable schedule. Opening hours are coarse modeling assumptions for a district, commercial area, or variable facility schedule.",NA,NA,NA,NA,NA,NA,NA,NA,68.6
P0006,Tokyo Metropolitan Ueno Park,G16,Ueno,441.1,0.753808,35.7153093,139.7732671,park_museum_cluster,park|state_park|point_of_interest|establishment,17.919,4.4,33972.0,curated_representative,上野恩賜公園,Ginza,https://www.gotokyo.org/en/spot/482/index.html,ChIJw2qQRZuOGGARWmROEiM2y7E,https://maps.google.com/?cid=12811393089244390490&g_mp=Cidnb29nbGUubWFwcy5wbGFjZXMudjEuUGxhY2VzLlNlYXJjaFRleHQQAhgEIAA,https://www.kensetsu.metro.tokyo.lg.jp/jimusho/toubuk/ueno,park|state_park|point_of_interest|establishment,True,NA,high,0,20,20,12,8,5,0,82.919,"score=82.9/110; visitor=0, google=17.9, official=20, scale=20, metro=12, opening=8, mapping=5, penalty=0",Ueno tourism cluster; aggregate with cap to avoid over-amplifying one station. No reliable annual visitor count found; included as representative tourism proxy.,NA,NA,NA,NA,NA,NA,NA,NA,63.3
P0007,Shibuya Sky,F16,Shibuya,93.9,0.730684,35.6582857,139.7022617,observation_deck,observation_deck|tourist_attraction|point_of_interest|establishment,17.375,4.6,24753.0,curated_representative,渋谷スカイ,Fukutoshin,https://www.shibuya-scramble-square.com/en/,ChIJ4Rr2JWiLGGARcyRSHuZ-9G8,https://maps.google.com/?cid=8067212359343678579&g_mp=Cidnb29nbGUubWFwcy5wbGFjZXMudjEuUGxhY2VzLlNlYXJjaFRleHQQAhgEIAA,https://www.shibuya-scramble-square.com/sky/,observation_deck|tourist_attraction|point_of_interest|establishment,True,NA,high,0,15,20,15,8,5,0,80.375,"score=80.4/110; visitor=0, google=17.4, official=15, scale=20, metro=15, opening=8, mapping=5, penalty=0",Kept as representative tourism cluster. No reliable annual visitor count found; included as representative tourism proxy.,NA,NA,NA,NA,NA,NA,NA,NA,49.7
P0008,Kabukicho / Shinjuku Entertainment District,M08,Shinjuku,217.2,0.72929,35.6943326,139.7011998,entertainment_district,tourist_attraction|ramen_restaurant|japanese_restaurant|bar|restaurant|food|point_of_interest|establishment,16.222,4.3,12647.0,curated_representative,歌舞伎町 / 新宿歓楽街,Marunouchi,https://www.gotokyo.org/en/see-and-do/nightlife/index.html,ChIJr7mGZdmMGGARjxoMFeHApXE,https://maps.google.com/?cid=8189163570396404367&g_mp=Cidnb29nbGUubWFwcy5wbGFjZXMudjEuUGxhY2VzLlNlYXJjaFRleHQQAhgEIAA,http://goldengai.jp/,tourist_attraction|ramen_restaurant|japanese_restaurant|bar|restaurant|food|point_of_interest|establishment,True,NA,high,0,20,20,15,4,5,0,80.222,"score=80.2/110; visitor=0, google=16.2, official=20, scale=20, metro=15, opening=4, mapping=5, penalty=0","Overlaps with nearby Shinjuku nightlife cluster; avoid double-counting in station-level aggregation. Opening hours are coarse modeling assumptions for a district, facility, or variable schedule. No reliable annual visitor count found; included as representative tourism proxy. Opening hours are coarse modeling assumptions for a district, commercial area, or variable facility schedule.",NA,NA,NA,NA,NA,NA,NA,NA,322.5
P0009,Ameyoko Shopping Street,G16,Ueno,220.3,0.727184,35.7100592,139.7745428,market_shopping_street,tourist_attraction|market|point_of_interest|establishment,15.99,4.3,11051.0,curated_representative,アメ横商店街,Ginza,https://www.gotokyo.org/en/spot/71/index.html,ChIJh7eDrwCPGGARCs9fpCkKS2U,https://maps.google.com/?cid=7298938795051699978&g_mp=Cidnb29nbGUubWFwcy5wbGFjZXMudjEuUGxhY2VzLlNlYXJjaFRleHQQAhgEIAA,http://www.ameyoko.net/,tourist_attraction|market|point_of_interest|establishment,True,NA,high,0,20,20,15,4,5,0,79.99,"score=80.0/110; visitor=0, google=16.0, official=20, scale=20, metro=15, opening=4, mapping=5, penalty=0","Ueno tourism cluster; aggregate with cap to avoid over-amplifying one station. Opening hours are coarse modeling assumptions for a district, facility, or variable schedule. No reliable annual visitor count found; included as representative tourism proxy. Opening hours are coarse modeling assumptions for a district, commercial area, or variable facility schedule.",NA,NA,NA,NA,NA,NA,NA,NA,117.7
P0010,Kabuki-za Theatre / Higashi-Ginza,H10,HigashiGinza,66.1,0.726242,35.669669,139.7679383,theatre_culture,performing_arts_theater|event_venue|manufacturer|point_of_interest|establishment,15.887,4.3,10404.0,curated_representative,歌舞伎座 / 東銀座,Hibiya,https://www.kabukiweb.net/theatres/kabukiza/,ChIJbUAZSOeLGGARGMEf4WW16AE,https://maps.google.com/?cid=137559237808079128&g_mp=Cidnb29nbGUubWFwcy5wbGFjZXMudjEuUGxhY2VzLlNlYXJjaFRleHQQAhgEIAA,https://www.kabuki-za.co.jp/,performing_arts_theater|event_venue|manufacturer|point_of_interest|establishment,True,NA,high,0,20,20,15,4,5,0,79.887,"score=79.9/110; visitor=0, google=15.9, official=20, scale=20, metro=15, opening=4, mapping=5, penalty=0",Representative theatre/cultural attraction near Higashi-Ginza. No reliable annual visitor count found; included as representative tourism proxy.,NA,NA,NA,NA,NA,NA,NA,NA,32.3
P0011,Tokyo Tower,H05,Kamiyacho,456.2,0.724628,35.6585639,139.74544,tower_observation_deck,observation_deck|tourist_attraction|landmark|shopping_mall|art_gallery|point_of_interest|establishment,19.709,4.5,96340.0,curated_representative,東京タワー,Hibiya,https://en.tokyotower.co.jp/,ChIJCewJkL2LGGAR3Qmk0vCTGkg,https://maps.google.com/?cid=5195627782660688349&g_mp=Cidnb29nbGUubWFwcy5wbGFjZXMudjEuUGxhY2VzLlNlYXJjaFRleHQQAhgEIAA,https://www.tokyotower.co.jp/,observation_deck|tourist_attraction|landmark|shopping_mall|art_gallery|point_of_interest|establishment,True,NA,high,0,15,20,12,8,5,0,79.709,"score=79.7/110; visitor=0, google=19.7, official=15, scale=20, metro=12, opening=8, mapping=5, penalty=0",Kept as representative tourism cluster. No reliable annual visitor count found; included as representative tourism proxy.,NA,NA,NA,NA,NA,NA,NA,NA,2.0
P0012,Omotesando / Aoyama Shopping District,F15,MeijiJingumae,275.2,0.722915,35.6673218,139.7080856,shopping_district,shopping_mall|point_of_interest|establishment,15.521,4.0,8407.0,curated_representative,表参道 / 青山ショッピング地区,Fukutoshin,https://www.gotokyo.org/en/destinations/western-tokyo/harajuku/index.html,ChIJCx6jgqGMGGARpfB5UIap15k,https://maps.google.com/?cid=11085515402136645797&g_mp=Cidnb29nbGUubWFwcy5wbGFjZXMudjEuUGxhY2VzLlNlYXJjaFRleHQQAhgEIAA,https://www.omotesandohills.com/,shopping_mall|point_of_interest|establishment,True,NA,high,0,20,20,15,4,5,0,79.521,"score=79.5/110; visitor=0, google=15.5, official=20, scale=20, metro=15, opening=4, mapping=5, penalty=0",Representative Omotesando-Harajuku retail corridor; not an individual shop. No reliable annual visitor count found; included as representative tourism proxy. Opening hours are coarse modeling assumptions for a district or commercial area.,NA,NA,NA,NA,NA,NA,NA,NA,48.1
P0013,Akihabara Electric Town,G14,Suehirocho,249.1,0.722721,35.7005422,139.7716248,shopping_entertainment_district,tourist_attraction|point_of_interest|establishment,15.499,4.5,8303.0,curated_representative,秋葉原電気街,Ginza,https://www.gotokyo.org/en/spot/55/index.html,ChIJZzSYoB2MGGARfBcicn7sx28,https://maps.google.com/?cid=8054666486400292732&g_mp=Cidnb29nbGUubWFwcy5wbGFjZXMudjEuUGxhY2VzLlNlYXJjaFRleHQQAhgEIAA,http://akiba.or.jp/,tourist_attraction|point_of_interest|establishment,True,NA,high,0,20,20,15,4,5,0,79.499,"score=79.5/110; visitor=0, google=15.5, official=20, scale=20, metro=15, opening=4, mapping=5, penalty=0","Opening hours are coarse modeling assumptions for a district, facility, or variable schedule. No reliable annual visitor count found; included as representative tourism proxy. Opening hours are coarse modeling assumptions for a district, commercial area, or variable facility schedule.",NA,NA,NA,NA,NA,NA,NA,NA,94.3
P0014,Tsukiji Hongwanji Temple,H11,Tsukiji,180.2,0.721095,35.666338,139.77209,temple_shrine,buddhist_temple|cemetery|place_of_worship|association_or_organization|point_of_interest|service|establishment,15.32,4.3,7482.0,curated_representative,築地本願寺,Hibiya,https://tsukijihongwanji.jp/global/guide/,ChIJjz_yQt-LGGARkyfs8FyJeVA,https://maps.google.com/?cid=5798817027488229267&g_mp=Cidnb29nbGUubWFwcy5wbGFjZXMudjEuUGxhY2VzLlNlYXJjaFRleHQQAhgEIAA,https://tsukijihongwanji.jp/,buddhist_temple|cemetery|place_of_worship|association_or_organization|point_of_interest|service|establishment,True,NA,high,0,20,20,15,4,5,0,79.32,"score=79.3/110; visitor=0, google=15.3, official=20, scale=20, metro=15, opening=4, mapping=5, penalty=0",Manual coordinate used; representative temple next to Tsukiji Station and Tsukiji market cluster. No reliable annual visitor count found; included as representative tourism proxy.,NA,NA,NA,NA,NA,NA,NA,NA,24.0
P0015,Art Aquarium Museum GINZA,G09,Ginza,33.6,0.715604,35.67138,139.7657079,museum_entertainment,art_museum|aquarium|art_gallery|tourist_attraction|amusement_park|pet_store|museum|amusement_center|store|point_of_interest|establishment,14.716,4.1,5263.0,curated_representative,アートアクアリウム美術館 GINZA,Ginza,https://artaquarium.jp/en/,ChIJ6UVSHl2JGGARDurMrMPwvdk,https://maps.google.com/?cid=15689961400037075470&g_mp=Cidnb29nbGUubWFwcy5wbGFjZXMudjEuUGxhY2VzLlNlYXJjaFRleHQQAhgEIAA,https://artaquarium.jp/,art_museum|aquarium|art_gallery|tourist_attraction|amusement_park|pet_store|museum|amusement_center|store|point_of_interest|establishment,True,NA,high,0,20,20,15,4,5,0,78.716,"score=78.7/110; visitor=0, google=14.7, official=20, scale=20, metro=15, opening=4, mapping=5, penalty=0",Representative Ginza indoor tourism attraction; overlaps with Ginza retail cluster. No reliable annual visitor count found; included as representative tourism proxy.,NA,NA,NA,NA,NA,NA,NA,NA,2.9
P0016,Meiji Shrine (Meiji Jingu),C03,MeijiJingumae,587.6,0.714406,35.6731566,139.6997419,shrine_park,shinto_shrine|tourist_attraction|place_of_worship|association_or_organization|point_of_interest|establishment,18.585,4.6,50059.0,curated_representative,明治神宮,Chiyoda,https://www.meijijingu.or.jp/en/visit/,ChIJ5SZMmreMGGARcz8QSTiJyo8,https://maps.google.com/?cid=10361244767556222835&g_mp=Cidnb29nbGUubWFwcy5wbGFjZXMudjEuUGxhY2VzLlNlYXJjaFRleHQQAhgEIAA,https://www.meijijingu.or.jp/,shinto_shrine|tourist_attraction|place_of_worship|association_or_organization|point_of_interest|establishment,True,NA,high,0,15,20,12,8,5,0,78.585,"score=78.6/110; visitor=0, google=18.6, official=15, scale=20, metro=12, opening=8, mapping=5, penalty=0",Kept as representative tourism cluster. No reliable annual visitor count found; included as representative tourism proxy.,NA,NA,NA,NA,NA,NA,NA,NA,362.3
P0017,Hibiya Park,C09,Hibiya,235.4,0.714174,35.6737111,139.7561768,park_public_area,park|historical_landmark|historical_place|point_of_interest|establishment,16.559,4.2,15391.0,curated_representative,日比谷公園,Chiyoda,https://www.tokyo-park.or.jp/park/hibiya/,ChIJx6xXOPKLGGARtPr6qZZ2nHA,https://maps.google.com/?cid=8114491018083760820&g_mp=Cidnb29nbGUubWFwcy5wbGFjZXMudjEuUGxhY2VzLlNlYXJjaFRleHQQAhgEIAA,https://www.tokyo-park.or.jp/park/format/index037.html,park|historical_landmark|historical_place|point_of_interest|establishment,True,NA,high,0,20,12,15,10,5,0,78.559,"score=78.6/110; visitor=0, google=16.6, official=20, scale=12, metro=15, opening=10, mapping=5, penalty=0",Large central park and event space near Hibiya/Kasumigaseki. No reliable annual visitor count found; included as representative tourism proxy. Open public area; surrounding facility hours vary.,NA,NA,NA,NA,NA,NA,NA,NA,29.3
P0018,Senso-ji / Kaminarimon,G19,Asakusa,343.1,0.709748,35.713454,139.7959524,temple_shrine,buddhist_temple|historical_landmark|tourist_attraction|sculpture|historical_place|place_of_worship|association_or_organization|point_of_interest|establishment,18.072,4.5,37145.0,curated_representative,浅草寺 / 雷門,Ginza,https://www.senso-ji.jp/,ChIJ0YwG28aOGGARvRKAXIBWqNk,https://maps.google.com/?cid=15683880811625452221&g_mp=Cidnb29nbGUubWFwcy5wbGFjZXMudjEuUGxhY2VzLlNlYXJjaFRleHQQAhgEIAA,http://www.senso-ji.jp/guide/guide01.html,buddhist_temple|historical_landmark|tourist_attraction|sculpture|historical_place|place_of_worship|association_or_organization|point_of_interest|establishment,True,NA,high,0,15,20,12,8,5,0,78.072,"score=78.1/110; visitor=0, google=18.1, official=15, scale=20, metro=12, opening=8, mapping=5, penalty=0",Asakusa tourism cluster; aggregate with cap to avoid over-amplifying one station. No reliable annual visitor count found; included as representative tourism proxy.,NA,NA,NA,NA,NA,NA,NA,NA,262.6
P0019,Kokyo Gaien National Garden / Imperial Palace Plaza,C10,Nijubashimae,351.1,0.706834,35.6799604,139.7579505,public_garden_landmark,national_park|scenic_spot|tourist_attraction|park|point_of_interest|establishment,15.752,4.4,9618.0,curated_representative,皇居外苑,Chiyoda,https://fng.or.jp/koukyo/en/,ChIJAQCEbPGLGGARFa0L-v-rNtg,https://maps.google.com/?cid=15579829076834888981&g_mp=Cidnb29nbGUubWFwcy5wbGFjZXMudjEuUGxhY2VzLlNlYXJjaFRleHQQAhgEIAA,http://fng.or.jp/koukyo/,national_park|scenic_spot|tourist_attraction|park|point_of_interest|establishment,True,NA,high,0,15,20,12,10,5,0,77.752,"score=77.8/110; visitor=0, google=15.8, official=15, scale=20, metro=12, opening=10, mapping=5, penalty=0",Open public area; surrounding facility hours vary. No reliable annual visitor count found; included as representative tourism proxy.,NA,NA,NA,NA,NA,NA,NA,NA,37.0
P0020,Tokyo International Forum / Marunouchi,Y18,Yurakucho,211.0,0.701546,35.676686,139.7644506,event_complex_district,convention_center|event_venue|service|point_of_interest|establishment,17.17,4.0,21966.0,curated_representative,東京国際フォーラム / 丸の内,Yurakucho,https://www.t-i-forum.co.jp/en/,ChIJ4f1ovPqLGGARPSbtLQBqysQ,https://maps.google.com/?cid=14180262925732488765&g_mp=Cidnb29nbGUubWFwcy5wbGFjZXMudjEuUGxhY2VzLlNlYXJjaFRleHQQAhgEIAA,https://www.t-i-forum.co.jp/,convention_center|event_venue|service|point_of_interest|establishment,True,NA,high,0,20,16,15,4,5,0,77.17,"score=77.2/110; visitor=0, google=17.2, official=20, scale=16, metro=15, opening=4, mapping=5, penalty=0",Representative event and Marunouchi/Yurakucho visitor cluster. No reliable annual visitor count found; included as representative tourism proxy. Opening hours are coarse modeling assumptions for a district or commercial area.,NA,NA,NA,NA,NA,NA,NA,NA,63.3
P0021,Sunshine Aquarium,Y10,HigashiIkebukuro,376.7,0.699392,35.7291388,139.7202726,aquarium,aquarium|tourist_attraction|point_of_interest|establishment,15.933,4.2,10689.0,curated_representative,サンシャイン水族館,Yurakucho,https://sunshinecity.jp/en/aquarium/,ChIJhT_wQW-NGGARyeOCR2L-W-I,https://maps.google.com/?cid=16310910173512393673&g_mp=Cidnb29nbGUubWFwcy5wbGFjZXMudjEuUGxhY2VzLlNlYXJjaFRleHQQAhgEIAA,https://sunshinecity.jp/aquarium/?utm_source=Google&utm_medium=mybusiness&utm_campaign=kutikomi&utm_id=1,aquarium|tourist_attraction|point_of_interest|establishment,True,NA,high,0,20,20,12,4,5,0,76.933,"score=76.9/110; visitor=0, google=15.9, official=20, scale=20, metro=12, opening=4, mapping=5, penalty=0",Facility-level component of Sunshine City/Ikebukuro tourism cluster. No reliable annual visitor count found; included as representative tourism proxy.,NA,NA,NA,NA,NA,NA,NA,NA,25.9
P0022,Nihonbashi / Mitsukoshimae District,Z09,Mitsukoshimae,257.8,0.697896,35.6843176,139.7703261,shopping_district,department_store|store|point_of_interest|establishment,16.769,4.1,17387.0,curated_representative,日本橋 / 三越前地区,Hanzomon,https://www.gotokyo.org/en/destinations/central-tokyo/nihonbashi/index.html,ChIJiXTqi1WJGGAR08VFBmKoNrc,https://maps.google.com/?cid=13201924496648685011&g_mp=Cidnb29nbGUubWFwcy5wbGFjZXMudjEuUGxhY2VzLlNlYXJjaFRleHQQAhgEIAA,https://www.mistore.jp/store/nihombashi.html,department_store|store|point_of_interest|establishment,True,NA,high,0,20,16,15,4,5,0,76.769,"score=76.8/110; visitor=0, google=16.8, official=20, scale=16, metro=15, opening=4, mapping=5, penalty=0",Representative Nihonbashi-Mitsukoshimae commercial/tourism district; candidate geometry uses Tokyo Torch area. No reliable annual visitor count found; included as representative tourism proxy. Opening hours are coarse modeling assumptions for a district or commercial area.,NA,NA,NA,NA,NA,NA,NA,NA,316.2
P0023,Yoyogi Park,C02,YoyogiKoen,596.6,0.695667,35.6699745,139.6963083,park_public_area,park|tourist_attraction|point_of_interest|establishment,17.523,4.4,26983.0,curated_representative,代々木公園,Chiyoda,https://www.tokyo-park.or.jp/park/yoyogi/,ChIJMwpiebSMGGARPr_454zHvDQ,https://maps.google.com/?cid=3800131593595043646&g_mp=Cidnb29nbGUubWFwcy5wbGFjZXMudjEuUGxhY2VzLlNlYXJjaFRleHQQAhgEIAA,https://www.tokyo-park.or.jp/park/yoyogi/,park|tourist_attraction|point_of_interest|establishment,True,NA,high,0,20,12,12,10,5,0,76.523,"score=76.5/110; visitor=0, google=17.5, official=20, scale=12, metro=12, opening=10, mapping=5, penalty=0",Representative large park near Harajuku/Meiji-jingumae; event-day crowds can affect Metro access. No reliable annual visitor count found; included as representative tourism proxy. Open public area; surrounding facility hours vary.,NA,NA,NA,NA,NA,NA,NA,NA,121.7
P0024,Nakamise Shopping Street,G19,Asakusa,215.7,0.686732,35.712388,139.796502,shopping_street,tourist_attraction|shopping_mall|market|point_of_interest|establishment,16.541,4.3,15225.0,curated_representative,仲見世商店街,Ginza,https://www.senso-ji.jp/guide/,ChIJPd37MMGOGGARvJ2hfxoiNVE,https://maps.google.com/?cid=5851620788043619772&g_mp=Cidnb29nbGUubWFwcy5wbGFjZXMudjEuUGxhY2VzLlNlYXJjaFRleHQQAhgEIAA,http://www.asakusa-nakamise.jp/,tourist_attraction|shopping_mall|market|point_of_interest|establishment,True,NA,high,0,15,20,15,4,5,0,75.541,"score=75.5/110; visitor=0, google=16.5, official=15, scale=20, metro=15, opening=4, mapping=5, penalty=0","Asakusa tourism cluster; aggregate with cap to avoid over-amplifying one station. Opening hours are coarse modeling assumptions for a district, facility, or variable schedule. No reliable annual visitor count found; included as representative tourism proxy. Opening hours are coarse modeling assumptions for a district, commercial area, or variable facility schedule.",NA,NA,NA,NA,NA,NA,NA,NA,60.9
P0025,Yoyogi Park Rockers,C03,MeijiJingumae,255.0,0.686576,35.6690741,139.7011219,tourism=attraction,tourism=attraction,17.523,4.4,26983.0,OSM,Yoyogi Park Rockers,Chiyoda,https://www.tokyo-park.or.jp/park/yoyogi/,ChIJMwpiebSMGGARPr_454zHvDQ,https://maps.google.com/?cid=3800131593595043646&g_mp=Cidnb29nbGUubWFwcy5wbGFjZXMudjEuUGxhY2VzLlNlYXJjaFRleHQQAhgEIAA,https://www.tokyo-park.or.jp/park/yoyogi/,park|tourist_attraction|point_of_interest|establishment,True,NA,high,0,20,16,15,2,5,0,75.523,"score=75.5/110; visitor=0, google=17.5, official=20, scale=16, metro=15, opening=2, mapping=5, penalty=0",No reliable annual visitor count found; included as representative tourism proxy.,node,5537282825.0,attraction,NA,NA,NA,NA,NA,566.9
P0026,Koishikawa Korakuen Gardens,M22,Korakuen,250.9,0.682863,35.7053585,139.7494608,garden_historic_site,garden|tourist_attraction|park|point_of_interest|establishment,15.115,4.4,6638.0,curated_representative,小石川後楽園,Marunouchi,https://www.tokyo-park.or.jp/park/koishikawakorakuen/,ChIJBVDeRkaMGGARXsIjrhYCIhs,https://maps.google.com/?cid=1955127484666331742&g_mp=Cidnb29nbGUubWFwcy5wbGFjZXMudjEuUGxhY2VzLlNlYXJjaFRleHQQAhgEIAA,https://www.tokyo-park.or.jp/park/koishikawakorakuen/,garden|tourist_attraction|park|point_of_interest|establishment,True,NA,high,0,20,12,15,8,5,0,75.115,"score=75.1/110; visitor=0, google=15.1, official=20, scale=12, metro=15, opening=8, mapping=5, penalty=0",Historic garden near Korakuen/Tokyo Dome cluster. No reliable annual visitor count found; included as representative tourism proxy.,NA,NA,NA,NA,NA,NA,NA,NA,40.8
P0027,Kaminarimon,G19,Asakusa,134.0,0.682475,35.7111333,139.7963683,tourism=attraction,tourism=attraction,18.072,4.5,37145.0,OSM,Kaminarimon,Ginza,https://www.senso-ji.jp/guide/kaminari.html,ChIJ0YwG28aOGGARvRKAXIBWqNk,https://maps.google.com/?cid=15683880811625452221&g_mp=Cidnb29nbGUubWFwcy5wbGFjZXMudjEuUGxhY2VzLlNlYXJjaFRleHQQAhgEIAA,http://www.senso-ji.jp/guide/guide01.html,buddhist_temple|sculpture|historical_landmark|tourist_attraction|historical_place|place_of_worship|association_or_organization|point_of_interest|establishment,True,NA,high,0,15,20,15,2,5,0,75.072,"score=75.1/110; visitor=0, google=18.1, official=15, scale=20, metro=15, opening=2, mapping=5, penalty=0",No reliable annual visitor count found; included as representative tourism proxy.,way,173154849.0,attraction,yes,NA,NA,Q2378708,ja:雷門,1.9
P0028,Tsukiji Outer Market,H11,Tsukiji,316.8,0.679684,35.665486,139.770667,market_food_district,wholesaler|point_of_interest|establishment,18.765,4.2,55608.0,curated_representative,築地場外市場,Hibiya,https://www.tsukiji.or.jp/english/plattsukiji/,ChIJW2cLzSGLGGARXAKXv6EkbqI,https://maps.google.com/?cid=11704332758705177180&g_mp=Cidnb29nbGUubWFwcy5wbGFjZXMudjEuUGxhY2VzLlNlYXJjaFRleHQQAhgEIAA,https://www.tsukiji.or.jp/,wholesaler|point_of_interest|establishment,True,NA,high,0,15,20,12,4,5,0,74.765,"score=74.8/110; visitor=0, google=18.8, official=15, scale=20, metro=12, opening=4, mapping=5, penalty=0","Opening hours are coarse modeling assumptions for a district, facility, or variable schedule. No reliable annual visitor count found; included as representative tourism proxy. Opening hours are coarse modeling assumptions for a district, commercial area, or variable facility schedule.",NA,NA,NA,NA,NA,NA,NA,NA,88.0
P0029,teamLab Borderless / Azabudai Hills,H05,Kamiyacho,332.4,0.678109,35.6616023,139.7412674,digital_art_museum_mixed_use,art_museum|museum|point_of_interest|establishment,17.592,4.6,28084.0,curated_representative,チームラボボーダレス / 麻布台ヒルズ,Hibiya,https://www.teamlab.art/e/borderless-azabudai/,ChIJQ5Sa1PqJGGARUSaNKKOrMVg,https://maps.google.com/?cid=6355049266444838481&g_mp=Cidnb29nbGUubWFwcy5wbGFjZXMudjEuUGxhY2VzLlNlYXJjaFRleHQQAhgEIAA,https://www.teamlab.art/jp/e/tokyo/,art_museum|museum|point_of_interest|establishment,True,NA,high,0,20,16,12,4,5,0,74.592,"score=74.6/110; visitor=0, google=17.6, official=20, scale=16, metro=12, opening=4, mapping=5, penalty=0",Major inbound digital-art attraction and Azabudai Hills cluster near Kamiyacho. No reliable annual visitor count found; included as representative tourism proxy.,NA,NA,NA,NA,NA,NA,NA,NA,188.0
P0030,Roppongi Hills,H04,Roppongi,304.2,0.674489,35.6602162,139.7300479,mixed_use_entertainment,point_of_interest|establishment,18.194,4.2,39869.0,curated_representative,六本木ヒルズ,Hibiya,https://www.roppongihills.com/information/,ChIJM9xJEHeLGGARAshMWUgC_ls,https://maps.google.com/?cid=6628738211295053826&g_mp=Cidnb29nbGUubWFwcy5wbGFjZXMudjEuUGxhY2VzLlNlYXJjaFRleHQQAhgEIAA,https://www.roppongihills.com/,point_of_interest|establishment,True,NA,high,0,15,20,12,4,5,0,74.194,"score=74.2/110; visitor=0, google=18.2, official=15, scale=20, metro=12, opening=4, mapping=5, penalty=0","Opening hours are coarse modeling assumptions for a district, facility, or variable schedule. No reliable annual visitor count found; included as representative tourism proxy. Opening hours are coarse modeling assumptions for a district, commercial area, or variable facility schedule.",NA,NA,NA,NA,NA,NA,NA,NA,93.9
P0031,Tokyo Skytree / Tokyo Solamachi,Z14,Oshiage,324.4,0.674055,35.7100455,139.8107139,tower_mixed_use,shopping_mall|restaurant|food|store|point_of_interest|establishment,18.146,4.2,38775.0,curated_representative,東京スカイツリー / 東京ソラマチ,Hanzomon,https://www.tokyo-skytree.jp/en/,ChIJD9Pd-daOGGARCYgMMXqki5E,https://maps.google.com/?cid=10487657001978202121&g_mp=Cidnb29nbGUubWFwcy5wbGFjZXMudjEuUGxhY2VzLlNlYXJjaFRleHQQAhgEIAA,http://www.tokyo-solamachi.jp/,shopping_mall|restaurant|food|store|point_of_interest|establishment,True,NA,high,0,15,20,12,4,5,0,74.146,"score=74.1/110; visitor=0, google=18.1, official=15, scale=20, metro=12, opening=4, mapping=5, penalty=0","Opening hours are coarse modeling assumptions for a district, facility, or variable schedule. No reliable annual visitor count found; included as representative tourism proxy. Opening hours are coarse modeling assumptions for a district, commercial area, or variable facility schedule.",NA,NA,NA,NA,NA,NA,NA,NA,80.5
P0032,Watch Shibuya Crossing,Z01,Shibuya,139.0,0.673348,35.658653,139.6998497,tourism=viewpoint,tourism=viewpoint,17.068,4.5,20702.0,OSM,渋谷スクランブル交差点展望台,Hanzomon,https://play-shibuya.com/,ChIJK9EM68qLGGARacmu4KJj5SA,https://maps.google.com/?cid=2370410330085837161&g_mp=Cidnb29nbGUubWFwcy5wbGFjZXMudjEuUGxhY2VzLlNlYXJjaFRleHQQAhgEIAA,https://play-shibuya.com/,tourist_attraction|point_of_interest|establishment,True,NA,high,0,15,20,15,2,5,0,74.068,"score=74.1/110; visitor=0, google=17.1, official=15, scale=20, metro=15, opening=2, mapping=5, penalty=0",No reliable annual visitor count found; included as representative tourism proxy.,node,4316519292.0,viewpoint,NA,NA,NA,NA,NA,112.3
P0033,Tokyo Skytree,Z14,Oshiage,324.4,0.672727,35.7100455,139.8107139,tourism=attraction,tourism=attraction,20.0,4.4,114123.0,OSM,Tokyo Skytree,Hanzomon,https://www.tokyo-skytree.jp/,ChIJ35ov0dCOGGARKvdDH7NPHX0,https://maps.google.com/?cid=9015449659807889194&g_mp=Cidnb29nbGUubWFwcy5wbGFjZXMudjEuUGxhY2VzLlNlYXJjaFRleHQQAhgEIAA,https://www.tokyo-skytree.jp/?utm_source=google&utm_medium=maps,observation_deck|tourist_attraction|point_of_interest|establishment,True,NA,high,0,15,20,12,2,5,0,74.0,"score=74.0/110; visitor=0, google=20.0, official=15, scale=20, metro=12, opening=2, mapping=5, penalty=0",No reliable annual visitor count found; included as representative tourism proxy.,way,288269147.0,attraction,NA,NA,NA,Q57965,ja:東京スカイツリー,2.3
P0034,Tsukishima Monja Street,Y21,Tsukishima,20.2,0.669244,35.6648,139.7846,food_district,tourist_attraction|market|point_of_interest|establishment,13.617,4.2,2774.0,curated_representative,月島もんじゃストリート,Yurakucho,https://www.gotokyo.org/en/destinations/southern-tokyo/tsukishima/index.html,ChIJZ8PuP3CJGGARAXwWdc4PGQw,https://maps.google.com/?cid=871745382274989057&g_mp=Cidnb29nbGUubWFwcy5wbGFjZXMudjEuUGxhY2VzLlNlYXJjaFRleHQQAhgEIAA,http://www.monja.gr.jp/,tourist_attraction|market|point_of_interest|establishment,True,NA,high,0,20,16,15,4,5,0,73.617,"score=73.6/110; visitor=0, google=13.6, official=20, scale=16, metro=15, opening=4, mapping=5, penalty=0",Manual district centroid used because OSM candidates are mostly small POIs; nearest station set to likely visitor access station. No reliable annual visitor count found; included as representative tourism proxy. Opening hours are coarse modeling assumptions for a district or commercial area.,NA,NA,NA,NA,NA,NA,NA,NA,200.8
P0035,Shinjuku Golden Gai,M09,ShinjukuSanchome,323.6,0.665654,35.6940636,139.7046894,nightlife_district,tourist_attraction|ramen_restaurant|japanese_restaurant|bar|restaurant|food|point_of_interest|establishment,16.222,4.3,12647.0,curated_representative,新宿ゴールデン街,Marunouchi,http://goldengai.jp/,ChIJr7mGZdmMGGARjxoMFeHApXE,https://maps.google.com/?cid=8189163570396404367&g_mp=Cidnb29nbGUubWFwcy5wbGFjZXMudjEuUGxhY2VzLlNlYXJjaFRleHQQAhgEIAA,http://goldengai.jp/,tourist_attraction|ramen_restaurant|japanese_restaurant|bar|restaurant|food|point_of_interest|establishment,True,NA,high,0,20,16,12,4,5,0,73.222,"score=73.2/110; visitor=0, google=16.2, official=20, scale=16, metro=12, opening=4, mapping=5, penalty=0",Overlaps with nearby Shinjuku nightlife cluster; avoid double-counting in station-level aggregation. No reliable annual visitor count found; included as representative tourism proxy. Opening hours are coarse modeling assumptions for a district or commercial area.,NA,NA,NA,NA,NA,NA,NA,NA,8.4
P0036,Meguro River / Nakameguro Cherry Blossom Corridor,H01,NakaMeguro,379.8,0.665546,35.6418004,139.7019322,seasonal_public_corridor,scenic_spot|tourist_attraction|point_of_interest|establishment,14.21,4.4,3919.0,curated_representative,目黒川 / 中目黒桜並木,Hibiya,https://www.gotokyo.org/en/spot/432/index.html,ChIJNVZtkB-LGGAR6Pz2MxHkSFY,https://maps.google.com/?cid=6217470048122371304&g_mp=Cidnb29nbGUubWFwcy5wbGFjZXMudjEuUGxhY2VzLlNlYXJjaFRleHQQAhgEIAA,https://tokyo-meguro.net/megurogawanosakuranamiki/,scenic_spot|tourist_attraction|point_of_interest|establishment,True,NA,high,0,20,12,12,10,5,0,73.21,"score=73.2/110; visitor=0, google=14.2, official=20, scale=12, metro=12, opening=10, mapping=5, penalty=0",Nearest station adjusted to Naka-meguro as likely tourist access for the cherry-blossom corridor. No reliable annual visitor count found; included as representative tourism proxy. Open public area; surrounding facility hours vary.,NA,NA,NA,NA,NA,NA,NA,NA,889.8
P0037,"Akihabara (Manga, Anime, Electronics, Freaks, etc.)",G14,Suehirocho,249.1,0.6655,35.7005422,139.7716248,tourism=attraction,tourism=attraction,16.205,4.2,12523.0,OSM,"Akihabara (Manga, Anime, Electronics, Freaks, etc.)",Ginza,https://www.animate.co.jp/shop/akihabara/,ChIJAVf7lh2MGGARJylRnQ_3dpI,https://maps.google.com/?cid=10553894423225248039&g_mp=Cidnb29nbGUubWFwcy5wbGFjZXMudjEuUGxhY2VzLlNlYXJjaFRleHQQAhgEIAA,https://www.animate.co.jp/shop/akihabara/,toy_store|movie_rental|book_store|store|point_of_interest|service|establishment,True,NA,high,0,15,20,15,2,5,0,73.205,"score=73.2/110; visitor=0, google=16.2, official=15, scale=20, metro=15, opening=2, mapping=5, penalty=0",No reliable annual visitor count found; included as representative tourism proxy.,node,11279681706.0,attraction,NA,NA,NA,NA,NA,11.9
P0038,Kurakoen,M22,Korakuen,297.4,0.664681,35.7061166,139.7538109,tourism=attraction,tourism=attraction,15.115,4.4,6638.0,OSM,Kurakoen,Marunouchi,https://www.tokyo-park.or.jp/park/koishikawakorakuen/,ChIJBVDeRkaMGGARXsIjrhYCIhs,https://maps.google.com/?cid=1955127484666331742&g_mp=Cidnb29nbGUubWFwcy5wbGFjZXMudjEuUGxhY2VzLlNlYXJjaFRleHQQAhgEIAA,https://www.tokyo-park.or.jp/park/koishikawakorakuen/,garden|tourist_attraction|park|point_of_interest|establishment,True,NA,high,0,20,16,15,2,5,0,73.115,"score=73.1/110; visitor=0, google=15.1, official=20, scale=16, metro=15, opening=2, mapping=5, penalty=0",No reliable annual visitor count found; included as representative tourism proxy.,way,374082390.0,attraction,NA,NA,NA,NA,NA,412.6
P0039,Ameyoko Market,G15,UenoHirokoji,204.4,0.663548,35.7089093,139.7747832,tourism=attraction,tourism=attraction,15.99,4.3,11051.0,OSM,Ameyoko Market,Ginza,http://www.ameyoko.net/,ChIJh7eDrwCPGGARCs9fpCkKS2U,https://maps.google.com/?cid=7298938795051699978&g_mp=Cidnb29nbGUubWFwcy5wbGFjZXMudjEuUGxhY2VzLlNlYXJjaFRleHQQAhgEIAA,http://www.ameyoko.net/,tourist_attraction|market|point_of_interest|establishment,True,NA,high,0,15,20,15,2,5,0,72.99,"score=73.0/110; visitor=0, google=16.0, official=15, scale=20, metro=15, opening=2, mapping=5, penalty=0",No reliable annual visitor count found; included as representative tourism proxy.,node,5793910853.0,attraction,NA,NA,NA,NA,NA,17.6
P0040,Ameyoko Market Street,G16,Ueno,84.7,0.663548,35.7114931,139.7747862,tourism=attraction,tourism=attraction,15.99,4.3,11051.0,OSM,Ameyoko Market Street,Ginza,http://www.ameyoko.net/,ChIJh7eDrwCPGGARCs9fpCkKS2U,https://maps.google.com/?cid=7298938795051699978&g_mp=Cidnb29nbGUubWFwcy5wbGFjZXMudjEuUGxhY2VzLlNlYXJjaFRleHQQAhgEIAA,http://www.ameyoko.net/,tourist_attraction|market|point_of_interest|establishment,True,NA,high,0,15,20,15,2,5,0,72.99,"score=73.0/110; visitor=0, google=16.0, official=15, scale=20, metro=15, opening=2, mapping=5, penalty=0",No reliable annual visitor count found; included as representative tourism proxy.,node,7175752589.0,attraction,NA,NA,NA,NA,NA,277.3
P0041,Rikugien Gardens,N14,Komagome,300.5,0.66281,35.7332418,139.746401,garden_historic_site,garden|tourist_attraction|park|point_of_interest|establishment,15.909,4.4,10541.0,curated_representative,六義園,Namboku,https://www.tokyo-park.or.jp/park/rikugien/,ChIJYUQ-972NGGAR5W_2E0N3SHY,https://maps.google.com/?cid=8523193424780095461&g_mp=Cidnb29nbGUubWFwcy5wbGFjZXMudjEuUGxhY2VzLlNlYXJjaFRleHQQAhgEIAA,https://www.tokyo-park.or.jp/park/rikugien/,garden|tourist_attraction|park|point_of_interest|establishment,True,NA,high,0,20,12,12,8,5,0,72.909,"score=72.9/110; visitor=0, google=15.9, official=20, scale=12, metro=12, opening=8, mapping=5, penalty=0",Representative Edo garden near Komagome. No reliable annual visitor count found; included as representative tourism proxy.,NA,NA,NA,NA,NA,NA,NA,NA,62.3
P0042,Imperial Palace East Gardens,T08,Takebashi,443.4,0.661862,35.686472,139.7571878,garden_historic_site,national_park|tourist_attraction|garden|park|point_of_interest|establishment,15.805,4.4,9920.0,curated_representative,皇居東御苑,Tozai,https://www.kikuyou.or.jp/higashigyoen/en.html,ChIJPfFaQhOMGGAR-QPbNQoAG6M,https://maps.google.com/?cid=11752987696406660089&g_mp=Cidnb29nbGUubWFwcy5wbGFjZXMudjEuUGxhY2VzLlNlYXJjaFRleHQQAhgEIAA,https://www.kunaicho.go.jp/event/higashigyoen/higashigyoen.html,national_park|tourist_attraction|garden|park|point_of_interest|establishment,True,NA,high,0,15,20,12,5,5,0,72.805,"score=72.8/110; visitor=0, google=15.8, official=15, scale=20, metro=12, opening=5, mapping=5, penalty=0",Kept as representative tourism cluster. No reliable annual visitor count found; included as representative tourism proxy.,NA,NA,NA,NA,NA,NA,NA,NA,34.7
P0043,Yebisu Garden Place,H02,Ebisu,641.2,0.657264,35.6427745,139.713476,mixed_use_shopping_district,shopping_mall|point_of_interest|establishment,15.299,4.1,7389.0,curated_representative,恵比寿ガーデンプレイス,Hibiya,https://gardenplace.jp.e.adx.hp.transer.com/,ChIJ3bRi2hWLGGARsMUFP7GRGBI,https://maps.google.com/?cid=1303952282576340400&g_mp=Cidnb29nbGUubWFwcy5wbGFjZXMudjEuUGxhY2VzLlNlYXJjaFRleHQQAhgEIAA,https://gardenplace.jp/,shopping_mall|point_of_interest|establishment,True,NA,high,0,20,16,12,4,5,0,72.299,"score=72.3/110; visitor=0, google=15.3, official=20, scale=16, metro=12, opening=4, mapping=5, penalty=0",Representative Ebisu mixed-use visitor cluster; candidate geometry uses winter illumination point. No reliable annual visitor count found; included as representative tourism proxy. Opening hours are coarse modeling assumptions for a district or commercial area.,NA,NA,NA,NA,NA,NA,NA,NA,45.3
P0044,Children's Zoo STEP,G16,Ueno,434.1,0.656245,35.7138617,139.7715152,tourism=zoo,tourism=zoo,18.187,4.2,39709.0,OSM,Children's Zoo STEP,Ginza,https://www.tokyo-zoo.net/zoo/ueno/childrenszoostep/,ChIJf2129yiMGGAR9I6Yoe-1uHY,https://maps.google.com/?cid=8554787533003198196&g_mp=Cidnb29nbGUubWFwcy5wbGFjZXMudjEuUGxhY2VzLlNlYXJjaFRleHQQAhgEIAA,https://www.tokyo-zoo.net/ueno/,zoo|point_of_interest|establishment,True,NA,high,0,15,20,12,2,5,0,72.187,"score=72.2/110; visitor=0, google=18.2, official=15, scale=20, metro=12, opening=2, mapping=5, penalty=0",No reliable annual visitor count found; included as representative tourism proxy.,way,509544637.0,zoo,NA,NA,NA,NA,NA,269.4
P0045,Ueno Zoological Gardens,C14,Nezu,486.4,0.656245,35.7153261,139.7705426,tourism=zoo,tourism=zoo,18.187,4.2,39709.0,OSM,Ueno Zoological Gardens,Chiyoda,https://www.tokyo-zoo.net/zoo/ueno/,ChIJf2129yiMGGAR9I6Yoe-1uHY,https://maps.google.com/?cid=8554787533003198196&g_mp=Cidnb29nbGUubWFwcy5wbGFjZXMudjEuUGxhY2VzLlNlYXJjaFRleHQQAhgEIAA,https://www.tokyo-zoo.net/ueno/,zoo|point_of_interest|establishment,True,NA,high,0,15,20,12,2,5,0,72.187,"score=72.2/110; visitor=0, google=18.2, official=15, scale=20, metro=12, opening=2, mapping=5, penalty=0",No reliable annual visitor count found; included as representative tourism proxy.,way,1065775336.0,zoo,NA,NA,NA,Q162722,ja:恩賜上野動物園,224.7
P0046,Ueno Zoological Gardens (East Garden),C14,Nezu,528.6,0.656245,35.7163957,139.7714921,tourism=zoo,tourism=zoo,18.187,4.2,39709.0,OSM,恩賜上野動物園（東園）,Chiyoda,https://www.tokyo-zoo.net/ueno/,ChIJf2129yiMGGAR9I6Yoe-1uHY,https://maps.google.com/?cid=8554787533003198196&g_mp=Cidnb29nbGUubWFwcy5wbGFjZXMudjEuUGxhY2VzLlNlYXJjaFRleHQQAhgEIAA,https://www.tokyo-zoo.net/ueno/,zoo|point_of_interest|establishment,True,NA,high,0,15,20,12,2,5,0,72.187,"score=72.2/110; visitor=0, google=18.2, official=15, scale=20, metro=12, opening=2, mapping=5, penalty=0",No reliable annual visitor count found; included as representative tourism proxy.,way,1065775337.0,zoo,NA,NA,NA,NA,NA,132.4
P0047,Yanaka Ginza Shopping Street,C15,Sendagi,393.2,0.654683,35.727657,139.7669682,shopping_street,tourist_attraction|market|point_of_interest|establishment,16.015,4.1,11212.0,curated_representative,谷中銀座商店街,Chiyoda,https://www.yanakaginza.com/,ChIJPYwFnNGNGGARYEeXwiYQPe8,https://maps.google.com/?cid=17238952707303622496&g_mp=Cidnb29nbGUubWFwcy5wbGFjZXMudjEuUGxhY2VzLlNlYXJjaFRleHQQAhgEIAA,http://www.yanakaginza.com/,tourist_attraction|market|point_of_interest|establishment,True,NA,high,0,15,20,12,4,5,0,72.015,"score=72.0/110; visitor=0, google=16.0, official=15, scale=20, metro=12, opening=4, mapping=5, penalty=0","Opening hours are coarse modeling assumptions for a district, facility, or variable schedule. No reliable annual visitor count found; included as representative tourism proxy. Opening hours are coarse modeling assumptions for a district, commercial area, or variable facility schedule.",NA,NA,NA,NA,NA,NA,NA,NA,112.5
P0048,The Ueno Royal Museum,G16,Ueno,137.1,0.653596,35.7128522,139.7747663,tourism=museum,tourism=museum,14.896,4.1,5842.0,OSM,上野の森美術館,Ginza,https://www.ueno-mori.org/,ChIJtYQV2p2OGGARqWfaLw8JTA0,https://maps.google.com/?cid=958150781555074985&g_mp=Cidnb29nbGUubWFwcy5wbGFjZXMudjEuUGxhY2VzLlNlYXJjaFRleHQQAhgEIAA,https://www.ueno-mori.org/,art_museum|museum|point_of_interest|establishment,True,NA,high,0,15,20,15,2,5,0,71.896,"score=71.9/110; visitor=0, google=14.9, official=15, scale=20, metro=15, opening=2, mapping=5, penalty=0",No reliable annual visitor count found; included as representative tourism proxy.,node,441655802.0,museum,NA,NA,NA,Q11360245,NA,14.9
P0049,Tokyo Dome City,M22,Korakuen,451.2,0.653554,35.7042976,139.7542122,stadium_theme_park_entertainment,amusement_center|shopping_mall|tourist_attraction|point_of_interest|establishment,15.891,4.3,10430.0,curated_representative,東京ドームシティ,Marunouchi,https://www.at-raku.com/openhours/,ChIJuxkVQeCNGGARfFgbeDEPG6g,https://maps.google.com/?cid=12113292327885953148&g_mp=Cidnb29nbGUubWFwcy5wbGFjZXMudjEuUGxhY2VzLlNlYXJjaFRleHQQAhgEIAA,https://www.tokyo-dome.co.jp/,amusement_center|shopping_mall|tourist_attraction|point_of_interest|establishment,True,NA,high,0,15,20,12,4,5,0,71.891,"score=71.9/110; visitor=0, google=15.9, official=15, scale=20, metro=12, opening=4, mapping=5, penalty=0","Opening hours are coarse modeling assumptions for a district, facility, or variable schedule. No reliable annual visitor count found; included as representative tourism proxy. Opening hours are coarse modeling assumptions for a district, commercial area, or variable facility schedule.",NA,NA,NA,NA,NA,NA,NA,NA,222.4
P0050,Ikebukuro Nishiguchi Park,F09,Ikebukuro,201.8,0.653094,35.7300938,139.7089354,leisure=park,leisure=park,14.84,3.8,5657.0,OSM,池袋西口公園,Fukutoshin,http://www.city.toshima.lg.jp/340/shisetsu/koen/029.html,ChIJMZVITVyNGGARSNITQ5VS1yU,https://maps.google.com/?cid=2726738900425101896&g_mp=Cidnb29nbGUubWFwcy5wbGFjZXMudjEuUGxhY2VzLlNlYXJjaFRleHQQAhgEIAA,http://www.city.toshima.lg.jp/340/shisetsu/koen/029.html,park|tourist_attraction|point_of_interest|establishment,True,NA,high,0,15,20,15,2,5,0,71.84,"score=71.8/110; visitor=0, google=14.8, official=15, scale=20, metro=15, opening=2, mapping=5, penalty=0",No reliable annual visitor count found; included as representative tourism proxy.,way,595622641.0,NA,NA,park,NA,Q11552247,NA,6.0
P0051,Akihabara chuo reiwa Hiroba (Akihabara Central Reiwa Square),H16,Akihabara,186.7,0.652852,35.6995609,139.7748853,leisure=park,leisure=park,14.814,3.8,5570.0,OSM,Akihabara chuo reiwa Hiroba (Akihabara Central Reiwa Square),Hibiya,https://www.atre.co.jp/akihabara/,ChIJN2UoRR2MGGARPrpOSvznx7o,https://maps.google.com/?cid=13458981082184464958&g_mp=Cidnb29nbGUubWFwcy5wbGFjZXMudjEuUGxhY2VzLlNlYXJjaFRleHQQAhgEIAA,https://www.atre.co.jp/akihabara/,shopping_mall|point_of_interest|establishment,True,NA,high,0,15,20,15,2,5,0,71.814,"score=71.8/110; visitor=0, google=14.8, official=15, scale=20, metro=15, opening=2, mapping=5, penalty=0",No reliable annual visitor count found; included as representative tourism proxy.,way,143144113.0,NA,NA,park,NA,NA,NA,244.9
P0052,Kiyosumi Gardens,Z11,KiyosumiShirakawa,316.2,0.652389,35.6798593,139.7977156,garden_historic_site,garden|tourist_attraction|point_of_interest|establishment,14.763,4.4,5407.0,curated_representative,清澄庭園,Hanzomon,https://www.tokyo-park.or.jp/park/kiyosumi/,ChIJ_SvuyD-JGGARUQZhJInwMIc,https://maps.google.com/?cid=9741550465813907025&g_mp=Cidnb29nbGUubWFwcy5wbGFjZXMudjEuUGxhY2VzLlNlYXJjaFRleHQQAhgEIAA,https://www.tokyo-park.or.jp/park/kiyosumi/,garden|tourist_attraction|point_of_interest|establishment,True,NA,high,0,20,12,12,8,5,0,71.763,"score=71.8/110; visitor=0, google=14.8, official=20, scale=12, metro=12, opening=8, mapping=5, penalty=0",Representative garden near Kiyosumi-Shirakawa. No reliable annual visitor count found; included as representative tourism proxy.,NA,NA,NA,NA,NA,NA,NA,NA,122.9
P0053,"View of trains at Ueno Station, and Ameyayokocho",G16,Ueno,90.0,0.648961,35.7121554,139.7747091,tourism=viewpoint,tourism=viewpoint,14.386,4.0,4341.0,OSM,"View of trains at Ueno Station, and Ameyayokocho",Ginza,https://www.jreast.co.jp/estation/station/info.aspx?StationCd=204,ChIJCwbTk56OGGARRJJPe22ziWw,https://maps.google.com/?cid=7820979510707196484&g_mp=Cidnb29nbGUubWFwcy5wbGFjZXMudjEuUGxhY2VzLlNlYXJjaFRleHQQAhgEIAA,https://www.jreast.co.jp/estation/station/info.aspx?StationCd=204,transit_station|subway_station|train_station|transportation_service|point_of_interest|establishment,True,NA,high,0,15,20,15,2,5,0,71.386,"score=71.4/110; visitor=0, google=14.4, official=15, scale=20, metro=15, opening=2, mapping=5, penalty=0",No reliable annual visitor count found; included as representative tourism proxy.,node,13360999501.0,viewpoint,NA,NA,NA,NA,NA,330.9
P0054,"View of trains at Ueno Station, and Ameyayokocho",G16,Ueno,95.7,0.648961,35.7124277,139.7748569,tourism=viewpoint,tourism=viewpoint,14.386,4.0,4341.0,OSM,"View of trains at Ueno Station, and Ameyayokocho",Ginza,https://www.jreast.co.jp/estation/station/info.aspx?StationCd=204,ChIJCwbTk56OGGARRJJPe22ziWw,https://maps.google.com/?cid=7820979510707196484&g_mp=Cidnb29nbGUubWFwcy5wbGFjZXMudjEuUGxhY2VzLlNlYXJjaFRleHQQAhgEIAA,https://www.jreast.co.jp/estation/station/info.aspx?StationCd=204,transit_station|train_station|subway_station|transportation_service|point_of_interest|establishment,True,NA,high,0,15,20,15,2,5,0,71.386,"score=71.4/110; visitor=0, google=14.4, official=15, scale=20, metro=15, opening=2, mapping=5, penalty=0",No reliable annual visitor count found; included as representative tourism proxy.,node,13360999502.0,viewpoint,NA,NA,NA,NA,NA,300.8
P0055,front of Shibuya station,Z01,Shibuya,49.2,0.647862,35.6595216,139.7004973,tourism=attraction,tourism=attraction,14.265,3.8,4046.0,OSM,渋谷駅前交差点,Hanzomon,https://www.jreast.co.jp/estation/stations/808.html,ChIJnxAAO1aLGGARJqvi8d4oczM,https://maps.google.com/?cid=3707351856262064934&g_mp=Cidnb29nbGUubWFwcy5wbGFjZXMudjEuUGxhY2VzLlNlYXJjaFRleHQQAhgEIAA,https://www.jreast.co.jp/estation/stations/808.html,transit_station|subway_station|train_station|transportation_service|point_of_interest|establishment,True,NA,high,0,15,20,15,2,5,0,71.265,"score=71.3/110; visitor=0, google=14.3, official=15, scale=20, metro=15, opening=2, mapping=5, penalty=0",No reliable annual visitor count found; included as representative tourism proxy.,way,1335178864.0,attraction,NA,NA,NA,Q21083961,en:Shibuya Crossing,194.8
P0056,teamLab Borderless: MORI Building DIGITAL ART MUSEUM,H05,Kamiyacho,136.9,0.641746,35.6620024,139.7434178,tourism=museum,tourism=museum,17.592,4.6,28084.0,OSM,teamLab Borderless: MORI Building DIGITAL ART MUSEUM,Hibiya,https://teamlab.art/,ChIJQ5Sa1PqJGGARUSaNKKOrMVg,https://maps.google.com/?cid=6355049266444838481&g_mp=Cidnb29nbGUubWFwcy5wbGFjZXMudjEuUGxhY2VzLlNlYXJjaFRleHQQAhgEIAA,https://www.teamlab.art/jp/e/tokyo/,art_museum|museum|point_of_interest|establishment,True,NA,high,0,15,16,15,2,5,0,70.592,"score=70.6/110; visitor=0, google=17.6, official=15, scale=16, metro=15, opening=2, mapping=5, penalty=0",No reliable annual visitor count found; included as representative tourism proxy.,node,13146132401.0,museum,NA,NA,NA,NA,NA,15.5
P0057,Tokyo Dome City Attractions,M22,Korakuen,451.2,0.638712,35.7042976,139.7542122,tourism=theme_park,tourism=theme_park,16.258,4.1,12918.0,OSM,東京ドームシティアトラクションズ,Marunouchi,https://at-raku.com/,ChIJCRf6uziMGGARcsRCJYCKKUQ,https://maps.google.com/?cid=4911609151609816178&g_mp=Cidnb29nbGUubWFwcy5wbGFjZXMudjEuUGxhY2VzLlNlYXJjaFRleHQQAhgEIAA,https://at-raku.com/,amusement_park|point_of_interest|establishment,True,NA,high,0,15,20,12,2,5,0,70.258,"score=70.3/110; visitor=0, google=16.3, official=15, scale=20, metro=12, opening=2, mapping=5, penalty=0",No reliable annual visitor count found; included as representative tourism proxy.,way,345293593.0,theme_park,NA,NA,NA,Q564646,ja:東京ドームシティアトラクションズ,8.7
P0058,Tokyo International Forum,Y18,Yurakucho,211.0,0.63791,35.676686,139.7644506,tourism=attraction,tourism=attraction,17.17,4.0,21966.0,OSM,Tokyo International Forum,Yurakucho,https://www.t-i-forum.co.jp/,ChIJ4f1ovPqLGGARPSbtLQBqysQ,https://maps.google.com/?cid=14180262925732488765&g_mp=Cidnb29nbGUubWFwcy5wbGFjZXMudjEuUGxhY2VzLlNlYXJjaFRleHQQAhgEIAA,https://www.t-i-forum.co.jp/,convention_center|event_venue|service|point_of_interest|establishment,True,NA,high,0,15,16,15,2,5,0,70.17,"score=70.2/110; visitor=0, google=17.2, official=15, scale=16, metro=15, opening=2, mapping=5, penalty=0",No reliable annual visitor count found; included as representative tourism proxy.,node,6319618885.0,attraction,NA,NA,NA,NA,NA,63.3
P0059,The National Art Center,C05,Nogizaka,156.6,0.637651,35.665188,139.726364,tourism=museum,tourism=museum,17.142,4.4,21605.0,OSM,The National Art Center,Chiyoda,https://www.nact.jp/,ChIJP-vO9nuLGGARGJ2q8uryJUA,https://maps.google.com/?cid=4622367683473218840&g_mp=Cidnb29nbGUubWFwcy5wbGFjZXMudjEuUGxhY2VzLlNlYXJjaFRleHQQAhgEIAA,https://www.nact.jp/,art_museum|museum|point_of_interest|establishment,True,NA,high,0,15,16,15,2,5,0,70.142,"score=70.1/110; visitor=0, google=17.1, official=15, scale=16, metro=15, opening=2, mapping=5, penalty=0",No reliable annual visitor count found; included as representative tourism proxy.,way,136048451.0,museum,NA,NA,NA,Q1362638,ja:国立新美術館,11.3
P0060,National Museum of Western Art,G16,Ueno,398.1,0.637153,35.7154106,139.775852,museum,art_museum|tourist_attraction|museum|point_of_interest|establishment,16.087,4.5,11690.0,curated_representative,国立西洋美術館,Ginza,https://www.nmwa.go.jp/en/,ChIJf8xB-pyOGGARizzhlNTcI7s,https://maps.google.com/?cid=13484864514866363531&g_mp=Cidnb29nbGUubWFwcy5wbGFjZXMudjEuUGxhY2VzLlNlYXJjaFRleHQQAhgEIAA,https://www.nmwa.go.jp/jp/?utm_source=google&utm_medium=map,art_museum|tourist_attraction|museum|point_of_interest|establishment,True,NA,high,0,20,12,12,5,5,0,70.087,"score=70.1/110; visitor=0, google=16.1, official=20, scale=12, metro=12, opening=5, mapping=5, penalty=0",Ueno tourism cluster; aggregate with cap to avoid over-amplifying one station. No reliable annual visitor count found; included as representative tourism proxy.,NA,NA,NA,NA,NA,NA,NA,NA,4.3
P0061,Yanaka Ginza,C15,Sendagi,393.2,0.636501,35.727657,139.7669682,tourism=attraction,tourism=attraction,16.015,4.1,11212.0,OSM,Yanaka Ginza,Chiyoda,https://www.yanakaginza.com,ChIJPYwFnNGNGGARYEeXwiYQPe8,https://maps.google.com/?cid=17238952707303622496&g_mp=Cidnb29nbGUubWFwcy5wbGFjZXMudjEuUGxhY2VzLlNlYXJjaFRleHQQAhgEIAA,http://www.yanakaginza.com/,tourist_attraction|market|point_of_interest|establishment,True,NA,high,0,15,20,12,2,5,0,70.015,"score=70.0/110; visitor=0, google=16.0, official=15, scale=20, metro=12, opening=2, mapping=5, penalty=0",No reliable annual visitor count found; included as representative tourism proxy.,node,8691137817.0,attraction,NA,NA,NA,NA,NA,112.5
P0062,Harajuku Station,C03,MeijiJingumae,246.0,0.636454,35.6709419,139.7023936,tourism=attraction,tourism=attraction,13.01,4.0,1948.0,OSM,Harajuku Station,Chiyoda,https://www.jreast.co.jp/estation/station/info.aspx?StationCd=1256,ChIJ_yy1ybqMGGAR0tPR4qiHDVY,https://maps.google.com/?cid=6200761421388698578&g_mp=Cidnb29nbGUubWFwcy5wbGFjZXMudjEuUGxhY2VzLlNlYXJjaFRleHQQAhgEIAA,https://www.jreast.co.jp/estation/station/info.aspx?StationCd=1256,train_station|transit_station|transportation_service|point_of_interest|establishment,True,NA,high,0,15,20,15,2,5,0,70.01,"score=70.0/110; visitor=0, google=13.0, official=15, scale=20, metro=15, opening=2, mapping=5, penalty=0",No reliable annual visitor count found; included as representative tourism proxy.,node,6340053385.0,attraction,NA,NA,NA,NA,NA,94.9
P0063,Ginza Dori / Ginza Crossing,G09,Ginza,43.1,0.636364,35.6712197,139.7650359,shopping_district,route,0.0,NA,NA,curated_representative,銀座通り / 銀座四丁目交差点,Ginza,https://www.gotokyo.org/en/spot/43/index.html,ChIJd1nnXeiLGGARXxG1_ipDc6c,https://maps.google.com/?cid=12066061678596657503&g_mp=Cidnb29nbGUubWFwcy5wbGFjZXMudjEuUGxhY2VzLlNlYXJjaFRleHQQAhgEIAA,NA,route,True,NA,high,0,20,20,15,10,5,0,70.0,"score=70.0/110; visitor=0, google=0.0, official=20, scale=20, metro=15, opening=10, mapping=5, penalty=0",Open public area; surrounding facility hours vary. Commercial district; store hours vary and opening hours are coarse modeling assumptions. No reliable annual visitor count found; included as representative tourism proxy.,NA,NA,NA,NA,NA,NA,NA,NA,6.5
P0064,Akasaka Sacas / Akasaka Entertainment District,C06,Akasaka,78.9,0.636088,35.6723363,139.7355878,mixed_use_entertainment,tourist_attraction|point_of_interest|establishment,13.97,3.9,3407.0,curated_representative,赤坂サカス / 赤坂エンタメ地区,Chiyoda,https://sacas.net/,ChIJUyA7lICLGGARuHfsHqZ2U0Y,https://maps.google.com/?cid=5067524461577402296&g_mp=Cidnb29nbGUubWFwcy5wbGFjZXMudjEuUGxhY2VzLlNlYXJjaFRleHQQAhgEIAA,https://www.tbs.co.jp/sacas,tourist_attraction|point_of_interest|establishment,True,NA,high,0,20,12,15,4,5,0,69.97,"score=70.0/110; visitor=0, google=14.0, official=20, scale=12, metro=15, opening=4, mapping=5, penalty=0","Representative Akasaka event, dining, and entertainment cluster. No reliable annual visitor count found; included as representative tourism proxy. Opening hours are coarse modeling assumptions for a district or commercial area.",NA,NA,NA,NA,NA,NA,NA,NA,67.1
P0065,SAMURAI NINJA MUSEUM TOKYO With Experience,G18,Tawaramachi,227.4,0.635163,35.711573,139.7917829,tourism=museum,tourism=museum,16.868,4.9,18422.0,OSM,SAMURAI NINJA MUSEUM TOKYO With Experience,Ginza,https://mai-ko.com/samurai/,ChIJm6kfD4IJAWAR8e9bSVIKXXc,https://maps.google.com/?cid=8601042211881873393&g_mp=Cidnb29nbGUubWFwcy5wbGFjZXMudjEuUGxhY2VzLlNlYXJjaFRleHQQAhgEIAA,https://mai-ko.com/samurai/,museum|tourist_attraction|point_of_interest|establishment,True,NA,high,0,15,16,15,2,5,0,69.868,"score=69.9/110; visitor=0, google=16.9, official=15, scale=16, metro=15, opening=2, mapping=5, penalty=0",No reliable annual visitor count found; included as representative tourism proxy.,node,11503128602.0,museum,NA,NA,NA,NA,NA,6.8
P0066,Front of Main Gate of Tokyo Imperial Palace,Y17,Sakuradamon,410.6,0.63459,35.6796712,139.7555257,tourism=viewpoint,tourism=viewpoint,15.805,4.4,9920.0,OSM,Front of Main Gate of Tokyo Imperial Palace,Yurakucho,https://www.kunaicho.go.jp/event/higashigyoen/higashigyoen.html,ChIJPfFaQhOMGGAR-QPbNQoAG6M,https://maps.google.com/?cid=11752987696406660089&g_mp=Cidnb29nbGUubWFwcy5wbGFjZXMudjEuUGxhY2VzLlNlYXJjaFRleHQQAhgEIAA,https://www.kunaicho.go.jp/event/higashigyoen/higashigyoen.html,national_park|tourist_attraction|park|garden|point_of_interest|establishment,True,NA,high,0,15,20,12,2,5,0,69.805,"score=69.8/110; visitor=0, google=15.8, official=15, scale=20, metro=12, opening=2, mapping=5, penalty=0",No reliable annual visitor count found; included as representative tourism proxy.,node,4449920089.0,viewpoint,NA,NA,NA,NA,NA,804.1
P0067,Kokyo Gaien National Garden,C10,Nijubashimae,351.1,0.634107,35.6799604,139.7579505,leisure=park,leisure=park,15.752,4.4,9618.0,OSM,皇居外苑,Chiyoda,http://fng.or.jp/koukyo/,ChIJAQCEbPGLGGARFa0L-v-rNtg,https://maps.google.com/?cid=15579829076834888981&g_mp=Cidnb29nbGUubWFwcy5wbGFjZXMudjEuUGxhY2VzLlNlYXJjaFRleHQQAhgEIAA,http://fng.or.jp/koukyo/,national_park|scenic_spot|tourist_attraction|park|point_of_interest|establishment,True,NA,high,0,15,20,12,2,5,0,69.752,"score=69.8/110; visitor=0, google=15.8, official=15, scale=20, metro=12, opening=2, mapping=5, penalty=0",No reliable annual visitor count found; included as representative tourism proxy.,relation,3551852.0,NA,NA,park,NA,Q844963,ja:皇居外苑,37.0
P0068,Kokyo Gaien National Garden,C10,Nijubashimae,412.0,0.634107,35.6799642,139.7572672,leisure=park,leisure=park,15.752,4.4,9618.0,OSM,Kokyo Gaien National Garden,Chiyoda,https://fng.or.jp/koukyo/,ChIJAQCEbPGLGGARFa0L-v-rNtg,https://maps.google.com/?cid=15579829076834888981&g_mp=Cidnb29nbGUubWFwcy5wbGFjZXMudjEuUGxhY2VzLlNlYXJjaFRleHQQAhgEIAA,http://fng.or.jp/koukyo/,national_park|scenic_spot|tourist_attraction|park|point_of_interest|establishment,True,NA,high,0,15,20,12,2,5,0,69.752,"score=69.8/110; visitor=0, google=15.8, official=15, scale=20, metro=12, opening=2, mapping=5, penalty=0",No reliable annual visitor count found; included as representative tourism proxy.,way,675408602.0,NA,NA,park,NA,Q844963,ja:皇居外苑,95.9
P0069,View of Tokyo Skytree from Sumida River Walk,G19,Asakusa,313.3,0.634037,35.7125282,139.8004618,tourism=viewpoint,tourism=viewpoint,10.744,4.5,520.0,OSM,View of Tokyo Skytree from Sumida River Walk,Ginza,https://www.gotokyo.org/jp/spot/1795/index.html,ChIJhdlgYmmPGGARQLJt3cGn6pk,https://maps.google.com/?cid=11090861483438748224&g_mp=Cidnb29nbGUubWFwcy5wbGFjZXMudjEuUGxhY2VzLlNlYXJjaFRleHQQAhgEIAA,https://www.gotokyo.org/jp/spot/1795/index.html,bridge|transportation_service|point_of_interest|establishment,True,NA,high,0,20,20,12,2,5,0,69.744,"score=69.7/110; visitor=0, google=10.7, official=20, scale=20, metro=12, opening=2, mapping=5, penalty=0",No reliable annual visitor count found; included as representative tourism proxy.,node,13359165601.0,viewpoint,NA,NA,NA,NA,NA,69.8
P0070,Sensō-ji,G19,Asakusa,343.1,0.633442,35.713454,139.7959524,tourism=attraction,tourism=attraction,19.679,4.5,94646.0,OSM,金龍山 浅草寺,Ginza,https://senso-ji.jp,ChIJ8T1GpMGOGGARDYGSgpooDWw,https://maps.google.com/?cid=7785923974874169613&g_mp=Cidnb29nbGUubWFwcy5wbGFjZXMudjEuUGxhY2VzLlNlYXJjaFRleHQQAhgEIAA,https://www.senso-ji.jp/,buddhist_temple|tourist_attraction|place_of_worship|association_or_organization|point_of_interest|establishment,True,NA,high,0,15,16,12,2,5,0,69.679,"score=69.7/110; visitor=0, google=19.7, official=15, scale=16, metro=12, opening=2, mapping=5, penalty=0",No reliable annual visitor count found; included as representative tourism proxy.,way,173154847.0,attraction,NA,NA,place_of_worship,Q615183,ja:浅草寺,159.0
P0071,San Francisco Fillmore Wolfgang's Vault Art Museum,H16,Akihabara,169.7,0.481818,35.6974008,139.7772749,tourism=museum,tourism=museum,0.0,4.6,16390.0,OSM,San Francisco Fillmore Wolfgang's Vault Art Museum,Hibiya,https://www.sfmoma.org/,ChIJ53I1Yn2AhYAR_Vl1vNygfMg,https://maps.google.com/?cid=14446598574612765181&g_mp=Cidnb29nbGUubWFwcy5wbGFjZXMudjEuUGxhY2VzLlNlYXJjaFRleHQQAhgEIAA,https://www.sfmoma.org/,art_gallery|art_museum|tourist_attraction|museum|point_of_interest|establishment,True,NA,high,0,15,16,15,2,5,0,53.0,"score=53.0/110; visitor=0, google=0.0, official=15, scale=16, metro=15, opening=2, mapping=5, penalty=0",No reliable annual visitor count found; included as representative tourism proxy. Google Places match is 8264606m from original POI coordinate; popularity score set to 0 due to location mismatch.,node,9234146642.0,museum,NA,NA,NA,NA,NA,8264605.5
P0072,Tokyo Station train tracks Viewpoint 6F,M17,Tokyo,288.6,0.633103,35.6794006,139.7654879,tourism=viewpoint,tourism=viewpoint,16.641,4.3,16145.0,OSM,Tokyo Station train tracks Viewpoint 6F,Marunouchi,https://www.tokyoinfo.com/,ChIJC3Cf2PuLGGAROO00ukl8JwA,https://maps.google.com/?cid=11114180190203192&g_mp=Cidnb29nbGUubWFwcy5wbGFjZXMudjEuUGxhY2VzLlNlYXJjaFRleHQQAhgEIAA,https://www.tokyoinfo.com/,transit_station|subway_station|train_station|transportation_service|point_of_interest|establishment,True,NA,high,0,15,16,15,2,5,0,69.641,"score=69.6/110; visitor=0, google=16.6, official=15, scale=16, metro=15, opening=2, mapping=5, penalty=0",No reliable annual visitor count found; included as representative tourism proxy.,node,12606700203.0,viewpoint,NA,NA,NA,NA,NA,254.8
P0073,Tokyo Metropolitan Art Museum,G16,Ueno,626.5,0.632671,35.7171071,139.7731771,museum,art_museum|tourist_attraction|museum|store|point_of_interest|establishment,16.594,4.3,15705.0,curated_representative,東京都美術館,Ginza,https://www.tobikan.jp/en/,ChIJb_o7HiiMGGARUKu8uO7fGIQ,https://maps.google.com/?cid=9518604028842126160&g_mp=Cidnb29nbGUubWFwcy5wbGFjZXMudjEuUGxhY2VzLlNlYXJjaFRleHQQAhgEIAA,https://www.tobikan.jp/,art_museum|tourist_attraction|museum|store|point_of_interest|establishment,True,NA,high,0,20,12,12,4,5,0,69.594,"score=69.6/110; visitor=0, google=16.6, official=20, scale=12, metro=12, opening=4, mapping=5, penalty=0",Ueno tourism cluster; aggregate with cap to avoid over-amplifying one station. No reliable annual visitor count found; included as representative tourism proxy.,NA,NA,NA,NA,NA,NA,NA,NA,24.4
P0074,Omoide-yokochō,M08,Shinjuku,116.8,0.631632,35.6930689,139.6995016,tourism=attraction,tourism=attraction,16.48,4.2,14694.0,OSM,Omoide-yokochō,Marunouchi,http://shinjuku-omoide.com/,ChIJP9eKBdeMGGAR0zzBXJNVj5A,https://maps.google.com/?cid=10416638554535967955&g_mp=Cidnb29nbGUubWFwcy5wbGFjZXMudjEuUGxhY2VzLlNlYXJjaFRleHQQAhgEIAA,http://shinjuku-omoide.com/,tourist_attraction|restaurant|food|point_of_interest|establishment,True,NA,high,0,15,16,15,2,5,0,69.48,"score=69.5/110; visitor=0, google=16.5, official=15, scale=16, metro=15, opening=2, mapping=5, penalty=0",No reliable annual visitor count found; included as representative tourism proxy.,node,4154282189.0,attraction,NA,NA,NA,Q11501868,ja:新宿西口商店街,41.5
P0075,Sumida Park,G19,Asakusa,785.1,0.63134,35.715531,139.8041684,park_public_area,park|point_of_interest|establishment,14.447,4.2,4500.0,curated_representative,隅田公園,Ginza,https://www.gotokyo.org/en/spot/462/index.html,ChIJZ4oTScOOGGAR16BfN7ADXMk,https://maps.google.com/?cid=14509476154859036887&g_mp=Cidnb29nbGUubWFwcy5wbGFjZXMudjEuUGxhY2VzLlNlYXJjaFRleHQQAhgEIAA,https://www.city.taito.lg.jp/kenchiku/hanamidori/koen/sumidapamphlet.html,park|point_of_interest|establishment,True,NA,high,0,20,12,8,10,5,0,69.447,"score=69.4/110; visitor=0, google=14.4, official=20, scale=12, metro=8, opening=10, mapping=5, penalty=0",Asakusa-Sumida riverside crowd area; aggregate with cap to avoid over-amplifying Asakusa. No reliable annual visitor count found; included as representative tourism proxy. Open public area; surrounding facility hours vary.,NA,NA,NA,NA,NA,NA,NA,NA,314.5
P0076,Tokyo Kotsu Kaikan Coline,M16,Ginza,190.8,0.631016,35.674874,139.7639371,tourism=viewpoint,tourism=viewpoint,16.412,3.9,14125.0,OSM,Tokyo Kotsu Kaikan Coline,Marunouchi,https://www.kotsukaikan.co.jp/,ChIJASonFuWLGGARoLBihp8-Dck,https://maps.google.com/?cid=14487304431196090528&g_mp=Cidnb29nbGUubWFwcy5wbGFjZXMudjEuUGxhY2VzLlNlYXJjaFRleHQQAhgEIAA,https://www.kotsukaikan.co.jp/,shopping_mall|corporate_office|tourist_attraction|coworking_space|event_venue|point_of_interest|establishment,True,NA,high,0,15,16,15,2,5,0,69.412,"score=69.4/110; visitor=0, google=16.4, official=15, scale=16, metro=15, opening=2, mapping=5, penalty=0",No reliable annual visitor count found; included as representative tourism proxy.,node,12208862374.0,viewpoint,NA,NA,NA,NA,NA,35.6
P0077,Sunshine City / Sunshine 60 Observatory,Y10,HigashiIkebukuro,394.9,0.630756,35.729442,139.7180675,mixed_use_observation_aquarium,observation_deck|tourist_attraction|event_venue|point_of_interest|establishment,13.383,4.3,2421.0,curated_representative,サンシャインシティ / サンシャイン60展望台,Yurakucho,https://sunshinecity.jp/en/information/opening_hour.html,ChIJEQo9F2-NGGARySiYS8C8FGM,https://maps.google.com/?cid=7139538843377084617&g_mp=Cidnb29nbGUubWFwcy5wbGFjZXMudjEuUGxhY2VzLlNlYXJjaFRleHQQAhgEIAA,https://sunshinecity.jp/observatory/?utm_source=Google&utm_medium=mybusiness&utm_campaign=kutikomi&utm_id=1,observation_deck|tourist_attraction|event_venue|point_of_interest|establishment,True,NA,high,0,15,20,12,4,5,0,69.383,"score=69.4/110; visitor=0, google=13.4, official=15, scale=20, metro=12, opening=4, mapping=5, penalty=0","Opening hours are coarse modeling assumptions for a district, facility, or variable schedule. No reliable annual visitor count found; included as representative tourism proxy. Opening hours are coarse modeling assumptions for a district, commercial area, or variable facility schedule.",NA,NA,NA,NA,NA,NA,NA,NA,28.7
P0078,roof sightseeing SKYTREE,G19,Asakusa,139.8,0.629406,35.7119443,139.7982413,tourism=attraction,tourism=attraction,12.235,4.4,1240.0,OSM,屋上スカイツリー展望,Ginza,https://www.tokyo-skytree.jp/,ChIJAeuPnfuPGGARO2sUV54UZh0,https://maps.google.com/?cid=2118403345022741307&g_mp=Cidnb29nbGUubWFwcy5wbGFjZXMudjEuUGxhY2VzLlNlYXJjaFRleHQQAhgEIAA,https://www.tokyo-skytree.jp/,observation_deck|point_of_interest|establishment,True,NA,high,0,15,20,15,2,5,0,69.235,"score=69.2/110; visitor=0, google=12.2, official=15, scale=20, metro=15, opening=2, mapping=5, penalty=0",No reliable annual visitor count found; included as representative tourism proxy.,node,5102970721.0,attraction,NA,NA,NA,NA,NA,1140.4
P0079,Tokyo Midtown / Hinokicho Park,C05,Nogizaka,395.3,0.628968,35.6672831,139.7305213,mixed_use_park_shopping,park|tourist_attraction|point_of_interest|establishment,13.186,4.3,2159.0,curated_representative,東京ミッドタウン / 檜町公園,Chiyoda,https://en.tokyo-midtown.com/,ChIJqcU4DIKLGGARBxWj4fGnB_k,https://maps.google.com/?cid=17944495897595548935&g_mp=Cidnb29nbGUubWFwcy5wbGFjZXMudjEuUGxhY2VzLlNlYXJjaFRleHQQAhgEIAA,http://www.city.minato.tokyo.jp/shisetsu/koen/akasaka/06.html,park|tourist_attraction|point_of_interest|establishment,True,NA,high,0,15,20,12,4,5,0,69.186,"score=69.2/110; visitor=0, google=13.2, official=15, scale=20, metro=12, opening=4, mapping=5, penalty=0","Opening hours are coarse modeling assumptions for a district, facility, or variable schedule. No reliable annual visitor count found; included as representative tourism proxy. Opening hours are coarse modeling assumptions for a district, commercial area, or variable facility schedule.",NA,NA,NA,NA,NA,NA,NA,NA,158.4
P0080,Hama-rikyu Gardens,G08,Shimbashi,925.7,0.628809,35.6602032,139.7637002,garden_historic_site,garden|tourist_attraction|playground|point_of_interest|establishment,16.169,4.4,12263.0,curated_representative,浜離宮恩賜庭園,Ginza,https://www.gotokyo.org/en/spot/20/index.html,ChIJwfegutyLGGARGjiY-L2eSps,https://maps.google.com/?cid=11189930762912151578&g_mp=Cidnb29nbGUubWFwcy5wbGFjZXMudjEuUGxhY2VzLlNlYXJjaFRleHQQAhgEIAA,https://www.tokyo-park.or.jp/park/hama-rikyu/,garden|tourist_attraction|playground|point_of_interest|establishment,True,NA,high,0,20,12,8,8,5,0,69.169,"score=69.2/110; visitor=0, google=16.2, official=20, scale=12, metro=8, opening=8, mapping=5, penalty=0",Kept as representative tourism cluster. No reliable annual visitor count found; included as representative tourism proxy.,NA,NA,NA,NA,NA,NA,NA,NA,66.3
P0081,"The National Art Center, Tokyo",C05,Nogizaka,176.1,0.62856,35.6650234,139.7264998,museum,art_museum|museum|point_of_interest|establishment,17.142,4.4,21605.0,curated_representative,国立新美術館,Chiyoda,https://www.nact.jp/english/introduce/index.html,ChIJP-vO9nuLGGARGJ2q8uryJUA,https://maps.google.com/?cid=4622367683473218840&g_mp=Cidnb29nbGUubWFwcy5wbGFjZXMudjEuUGxhY2VzLlNlYXJjaFRleHQQAhgEIAA,https://www.nact.jp/,art_museum|museum|point_of_interest|establishment,True,NA,high,0,15,12,15,5,5,0,69.142,"score=69.1/110; visitor=0, google=17.1, official=15, scale=12, metro=15, opening=5, mapping=5, penalty=0",Kept as representative tourism cluster. No reliable annual visitor count found; included as representative tourism proxy.,NA,NA,NA,NA,NA,NA,NA,NA,31.6
P0082,Lotus observation zone,G15,UenoHirokoji,288.0,0.481818,35.7100998,139.7716293,tourism=viewpoint,tourism=viewpoint,0.0,4.5,11400.0,OSM,Lotus observation zone,Ginza,https://www.colombolotustower.lk/,ChIJXQVjOhFZ4joRQosEJIEDTo8,https://maps.google.com/?cid=10326194848797068098&g_mp=Cidnb29nbGUubWFwcy5wbGFjZXMudjEuUGxhY2VzLlNlYXJjaFRleHQQAhgEIAA,https://www.colombolotustower.lk/,tourist_attraction|historical_landmark|cultural_landmark|historical_place|point_of_interest|establishment,True,NA,high,0,15,16,15,2,5,0,53.0,"score=53.0/110; visitor=0, google=0.0, official=15, scale=16, metro=15, opening=2, mapping=5, penalty=0",No reliable annual visitor count found; included as representative tourism proxy. Google Places match is 6857905m from original POI coordinate; popularity score set to 0 due to location mismatch.,way,364032622.0,viewpoint,NA,NA,NA,NA,NA,6857905.2
P0083,Ami Yokocho,G15,UenoHirokoji,248.3,0.627184,35.7097123,139.7743577,tourism=attraction,tourism=attraction,15.99,4.3,11051.0,OSM,阿美橫丁,Ginza,http://www.ameyoko.net/,ChIJh7eDrwCPGGARCs9fpCkKS2U,https://maps.google.com/?cid=7298938795051699978&g_mp=Cidnb29nbGUubWFwcy5wbGFjZXMudjEuUGxhY2VzLlNlYXJjaFRleHQQAhgEIAA,http://www.ameyoko.net/,tourist_attraction|market|point_of_interest|establishment,True,NA,high,0,15,16,15,2,5,0,68.99,"score=69.0/110; visitor=0, google=16.0, official=15, scale=16, metro=15, opening=2, mapping=5, penalty=0",No reliable annual visitor count found; included as representative tourism proxy.,node,4670288696.0,attraction,NA,NA,NA,NA,NA,82.5
P0084,Tokyo Plaza Harajuku 5F,F15,MeijiJingumae,29.9,0.626557,35.6684268,139.7050529,leisure=park,leisure=park,11.921,4.3,1033.0,OSM,Tokyo Plaza Harajuku 5F,Fukutoshin,https://www.tokyu-plaza.com/harakado/,ChIJ_9GsagCNGGAR6auqGPod5nY,https://maps.google.com/?cid=8567568301111815145&g_mp=Cidnb29nbGUubWFwcy5wbGFjZXMudjEuUGxhY2VzLlNlYXJjaFRleHQQAhgEIAA,https://www.tokyu-plaza.com/harakado/,shopping_mall|food_court|restaurant|food|point_of_interest|establishment,True,NA,high,0,15,20,15,2,5,0,68.921,"score=68.9/110; visitor=0, google=11.9, official=15, scale=20, metro=15, opening=2, mapping=5, penalty=0",No reliable annual visitor count found; included as representative tourism proxy.,way,1332592363.0,NA,NA,park,NA,NA,NA,31.3
P0085,Tokyo Plaza Harajuku 6F,F15,MeijiJingumae,30.6,0.626557,35.6683802,139.7049785,leisure=park,leisure=park,11.921,4.3,1033.0,OSM,Tokyo Plaza Harajuku 6F,Fukutoshin,https://www.tokyu-plaza.com/harakado/,ChIJ_9GsagCNGGAR6auqGPod5nY,https://maps.google.com/?cid=8567568301111815145&g_mp=Cidnb29nbGUubWFwcy5wbGFjZXMudjEuUGxhY2VzLlNlYXJjaFRleHQQAhgEIAA,https://www.tokyu-plaza.com/harakado/,shopping_mall|food_court|restaurant|food|point_of_interest|establishment,True,NA,high,0,15,20,15,2,5,0,68.921,"score=68.9/110; visitor=0, google=11.9, official=15, scale=20, metro=15, opening=2, mapping=5, penalty=0",No reliable annual visitor count found; included as representative tourism proxy.,way,1332592364.0,NA,NA,park,NA,NA,NA,24.4
P0086,Tokyo Plaza Harajuku 7F,F15,MeijiJingumae,41.7,0.626557,35.6683756,139.7048286,leisure=park,leisure=park,11.921,4.3,1033.0,OSM,Tokyo Plaza Harajuku 7F,Fukutoshin,https://www.tokyu-plaza.com/harakado/,ChIJ_9GsagCNGGAR6auqGPod5nY,https://maps.google.com/?cid=8567568301111815145&g_mp=Cidnb29nbGUubWFwcy5wbGFjZXMudjEuUGxhY2VzLlNlYXJjaFRleHQQAhgEIAA,https://www.tokyu-plaza.com/harakado/,shopping_mall|food_court|restaurant|food|point_of_interest|establishment,True,NA,high,0,15,20,15,2,5,0,68.921,"score=68.9/110; visitor=0, google=11.9, official=15, scale=20, metro=15, opening=2, mapping=5, penalty=0",No reliable annual visitor count found; included as representative tourism proxy.,way,1332592365.0,NA,NA,park,NA,NA,NA,11.0
P0087,Entry to the East Gardens,C11,Otemachi,266.5,0.625499,35.6858514,139.7604285,tourism=attraction,tourism=attraction,15.805,4.4,9920.0,OSM,Entry to the East Gardens,Chiyoda,https://www.kunaicho.go.jp/event/higashigyoen/higashigyoen.html,ChIJPfFaQhOMGGAR-QPbNQoAG6M,https://maps.google.com/?cid=11752987696406660089&g_mp=Cidnb29nbGUubWFwcy5wbGFjZXMudjEuUGxhY2VzLlNlYXJjaFRleHQQAhgEIAA,https://www.kunaicho.go.jp/event/higashigyoen/higashigyoen.html,national_park|tourist_attraction|garden|park|point_of_interest|establishment,True,NA,high,0,15,16,15,2,5,0,68.805,"score=68.8/110; visitor=0, google=15.8, official=15, scale=16, metro=15, opening=2, mapping=5, penalty=0",No reliable annual visitor count found; included as representative tourism proxy.,node,13347336514.0,attraction,NA,NA,NA,NA,NA,314.1
P0088,shibuya-san tourist information＆art center,Z01,Shibuya,212.4,0.624716,35.6575928,139.7004876,tourism=attraction,tourism=attraction,11.719,4.9,918.0,OSM,shibuya-san tourist information＆art center,Hanzomon,https://shibuya-san.co.jp/,ChIJgeNEA0eLGGARnubj9jP1fKI,https://maps.google.com/?cid=11708502734790715038&g_mp=Cidnb29nbGUubWFwcy5wbGFjZXMudjEuUGxhY2VzLlNlYXJjaFRleHQQAhgEIAA,https://shibuya-san.co.jp/,tourist_information_center|storage|tour_agency|travel_agency|service|point_of_interest|establishment,True,NA,high,0,15,20,15,2,5,0,68.719,"score=68.7/110; visitor=0, google=11.7, official=15, scale=20, metro=15, opening=2, mapping=5, penalty=0",No reliable annual visitor count found; included as representative tourism proxy.,node,12995300064.0,attraction,NA,NA,NA,NA,NA,13.7
P0089,Tsukiji Local Museum Park,H10,HigashiGinza,349.6,0.624694,35.6660651,139.7685035,leisure=park,leisure=park,14.716,4.1,5263.0,OSM,Tsukiji Local Museum Park,Hibiya,https://artaquarium.jp/,ChIJ6UVSHl2JGGARDurMrMPwvdk,https://maps.google.com/?cid=15689961400037075470&g_mp=Cidnb29nbGUubWFwcy5wbGFjZXMudjEuUGxhY2VzLlNlYXJjaFRleHQQAhgEIAA,https://artaquarium.jp/,art_museum|aquarium|pet_store|art_gallery|amusement_park|amusement_center|tourist_attraction|museum|store|point_of_interest|establishment,True,NA,high,0,15,20,12,2,5,0,68.716,"score=68.7/110; visitor=0, google=14.7, official=15, scale=20, metro=12, opening=2, mapping=5, penalty=0",No reliable annual visitor count found; included as representative tourism proxy.,way,509133294.0,NA,NA,park,NA,NA,NA,640.6
P0090,Tokyo Metropolitan Government Building Observatory,M07,NishiShinjuku,607.7,0.623096,35.689088,139.6917631,observation_deck,observation_deck|tourist_attraction|point_of_interest|establishment,15.541,4.5,8505.0,curated_representative,東京都庁展望室,Marunouchi,https://www.yokoso.metro.tokyo.lg.jp/en/tenbou/index.html,ChIJnctryNSMGGARLv4MknPFseU,https://maps.google.com/?cid=16551227205725519406&g_mp=Cidnb29nbGUubWFwcy5wbGFjZXMudjEuUGxhY2VzLlNlYXJjaFRleHQQAhgEIAA,https://www.zaimu.metro.tokyo.lg.jp/tochousha/goannai/tenbou,observation_deck|tourist_attraction|point_of_interest|establishment,True,NA,high,0,20,12,12,4,5,0,68.541,"score=68.5/110; visitor=0, google=15.5, official=20, scale=12, metro=12, opening=4, mapping=5, penalty=0",Major free observation deck near Nishi-shinjuku. No reliable annual visitor count found; included as representative tourism proxy.,NA,NA,NA,NA,NA,NA,NA,NA,72.4
P0091,Kidzania Tokyo,Y22,Toyosu,439.0,0.621666,35.6563097,139.7913488,tourism=theme_park,tourism=theme_park,14.383,4.2,4335.0,OSM,Kidzania Tokyo,Yurakucho,https://www.kidzania.jp/tokyo/,ChIJReWVrZiJGGARpByTvPg66LU,https://maps.google.com/?cid=13107791555451886756&g_mp=Cidnb29nbGUubWFwcy5wbGFjZXMudjEuUGxhY2VzLlNlYXJjaFRleHQQAhgEIAA,https://www.kidzania.jp/lp/tokyo/?utm_source=T_google&utm_medium=tokyo&utm_campaign=T_google_230620_lp,amusement_park|indoor_playground|playground|educational_institution|amusement_center|point_of_interest|establishment,True,NA,high,0,15,20,12,2,5,0,68.383,"score=68.4/110; visitor=0, google=14.4, official=15, scale=20, metro=12, opening=2, mapping=5, penalty=0",No reliable annual visitor count found; included as representative tourism proxy.,node,2948915145.0,theme_park,NA,NA,NA,Q5363436,en:KidZania Tokyo,197.7
P0092,"National Museum of Modern Art, Tokyo (MOMAT)",T08,Takebashi,275.5,0.620995,35.6904946,139.7546203,tourism=museum,tourism=museum,15.309,4.3,7434.0,OSM,東京国立近代美術館,Tozai,https://www.momat.go.jp/,ChIJL0kSfg2MGGARKv5KX53ZZ2Y,https://maps.google.com/?cid=7379105784401690154&g_mp=Cidnb29nbGUubWFwcy5wbGFjZXMudjEuUGxhY2VzLlNlYXJjaFRleHQQAhgEIAA,https://www.momat.go.jp/,art_museum|tourist_attraction|museum|point_of_interest|establishment,True,NA,high,0,15,16,15,2,5,0,68.309,"score=68.3/110; visitor=0, google=15.3, official=15, scale=16, metro=15, opening=2, mapping=5, penalty=0",No reliable annual visitor count found; included as representative tourism proxy.,way,43934324.0,museum,NA,NA,NA,Q1359908,ja:東京国立近代美術館,8.5
P0093,Tokyo Metropolitan Government Office - South Observatory Deck,M07,NishiShinjuku,607.7,0.620431,35.689088,139.6917631,tourism=viewpoint,tourism=viewpoint,13.247,4.7,2237.0,OSM,東京都庁展望室 南,Marunouchi,https://www.yokoso.metro.tokyo.lg.jp/en/tenbou/index.html,ChIJ_UlItvCNGGARP1NMx2sFsYg,https://maps.google.com/?cid=9849659820499292991&g_mp=Cidnb29nbGUubWFwcy5wbGFjZXMudjEuUGxhY2VzLlNlYXJjaFRleHQQAhgEIAA,https://www.zaimu.metro.tokyo.lg.jp/tochousha/goannai/tenbou,observation_deck|tourist_attraction|point_of_interest|establishment,True,NA,high,0,20,16,12,2,5,0,68.247,"score=68.2/110; visitor=0, google=13.2, official=20, scale=16, metro=12, opening=2, mapping=5, penalty=0",No reliable annual visitor count found; included as representative tourism proxy.,node,2388566137.0,viewpoint,NA,NA,NA,NA,NA,26.7
P0094,Big Neon Boards,M08,Shinjuku,208.7,0.619779,35.6907459,139.7015121,tourism=attraction,tourism=attraction,15.176,4.0,6877.0,OSM,Big Neon Boards,Marunouchi,http://www.yodobashi.com/ec/store/0011/index.html,ChIJh9EUPNGMGGAR1Q9xRKA2-TA,https://maps.google.com/?cid=3528911844992421845&g_mp=Cidnb29nbGUubWFwcy5wbGFjZXMudjEuUGxhY2VzLlNlYXJjaFRleHQQAhgEIAA,http://www.yodobashi.com/ec/store/0011/index.html,electronics_store|bicycle_store|liquor_store|sporting_goods_store|toy_store|manufacturer|home_goods_store|store|service|point_of_interest|establishment,True,NA,high,0,15,16,15,2,5,0,68.176,"score=68.2/110; visitor=0, google=15.2, official=15, scale=16, metro=15, opening=2, mapping=5, penalty=0",No reliable annual visitor count found; included as representative tourism proxy.,node,5575697322.0,attraction,NA,NA,NA,NA,NA,335.4
P0095,Sumida Aquarium,Z14,Oshiage,437.0,0.61924,35.7101011,139.8093338,aquarium,aquarium|tourist_attraction|point_of_interest|establishment,16.116,4.2,11893.0,curated_representative,すみだ水族館,Hanzomon,https://www.sumida-aquarium.com/en/about/price/index.html,ChIJO6bK3daOGGARYEFGg4Xm-VI,https://maps.google.com/?cid=5979063441418502496&g_mp=Cidnb29nbGUubWFwcy5wbGFjZXMudjEuUGxhY2VzLlNlYXJjaFRleHQQAhgEIAA,http://www.sumida-aquarium.com/,aquarium|tourist_attraction|point_of_interest|establishment,True,NA,high,0,15,16,12,4,5,0,68.116,"score=68.1/110; visitor=0, google=16.1, official=15, scale=16, metro=12, opening=4, mapping=5, penalty=0","Opening hours are coarse modeling assumptions for a district, facility, or variable schedule. No reliable annual visitor count found; included as representative tourism proxy. Opening hours are coarse modeling assumptions for a district, commercial area, or variable facility schedule.",NA,NA,NA,NA,NA,NA,NA,NA,29.6
P0096,View of Shibuya Crossing from Station Walkway Bridge,Z01,Shibuya,90.3,0.619116,35.6588804,139.7003227,tourism=viewpoint,tourism=viewpoint,11.103,4.0,641.0,OSM,渋谷駅の歩道橋から見た渋谷交差点,Hanzomon,https://magnetbyshibuya109.jp/MAG8/,ChIJdYXh9pOLGGAR_bVOkC6n0T8,https://maps.google.com/?cid=4598640512953398781&g_mp=Cidnb29nbGUubWFwcy5wbGFjZXMudjEuUGxhY2VzLlNlYXJjaFRleHQQAhgEIAA,https://magnetbyshibuya109.jp/MAG8/,observation_deck|restaurant|food|point_of_interest|establishment,True,NA,high,0,15,20,15,2,5,0,68.103,"score=68.1/110; visitor=0, google=11.1, official=15, scale=20, metro=15, opening=2, mapping=5, penalty=0",No reliable annual visitor count found; included as representative tourism proxy.,node,13432198601.0,viewpoint,NA,NA,NA,NA,NA,97.2
P0097,Meiji University Museum,M20,Ochanomizu,280.1,0.617902,35.6986987,139.7621517,tourism=museum,tourism=museum,10.969,4.2,593.0,OSM,Meiji University Museum,Marunouchi,https://www.meiji.ac.jp/museum/,ChIJ62acTxeMGGARUmcrd2EKsVw,https://maps.google.com/?cid=6679131136094594898&g_mp=Cidnb29nbGUubWFwcy5wbGFjZXMudjEuUGxhY2VzLlNlYXJjaFRleHQQAhgEIAA,https://www.meiji.ac.jp/museum/,history_museum|tourist_attraction|museum|point_of_interest|establishment,True,NA,high,0,15,20,15,2,5,0,67.969,"score=68.0/110; visitor=0, google=11.0, official=15, scale=20, metro=15, opening=2, mapping=5, penalty=0",No reliable annual visitor count found; included as representative tourism proxy.,node,1420781347.0,museum,NA,NA,NA,Q85880847,ja:明治大学博物館,28.0
P0098,"Tokyo Skytree Town Campus, Chiba Institute of Technology",Z14,Oshiage,198.6,0.616269,35.7100733,139.8127731,tourism=museum,tourism=museum,10.79,4.2,534.0,OSM,千葉工業大学 東京スカイツリータウン,Hanzomon,https://cit-skytree.jp,ChIJf__tZNKPGGARHmHIRs1s3Mw,https://maps.google.com/?cid=14761793307525275934&g_mp=Cidnb29nbGUubWFwcy5wbGFjZXMudjEuUGxhY2VzLlNlYXJjaFRleHQQAhgEIAA,https://cit-skytree.jp/,museum|tourist_attraction|point_of_interest|establishment,True,NA,high,0,15,20,15,2,5,0,67.79,"score=67.8/110; visitor=0, google=10.8, official=15, scale=20, metro=15, opening=2, mapping=5, penalty=0",No reliable annual visitor count found; included as representative tourism proxy.,node,12374741051.0,museum,NA,NA,NA,NA,NA,8.1
P0099,Miyashita Park south,Z01,Shibuya,199.2,0.615769,35.6611547,139.7017118,tourism=attraction,tourism=attraction,14.735,4.2,5319.0,OSM,ミヤシタパークサウス,Hanzomon,https://mitsui-shopping-park.com/urban/miyashita/,ChIJURWUIuaNGGARvtlnJNz-AFQ,https://maps.google.com/?cid=6053118120642992574&g_mp=Cidnb29nbGUubWFwcy5wbGFjZXMudjEuUGxhY2VzLlNlYXJjaFRleHQQAhgEIAA,https://mitsui-shopping-park.com/urban/miyashita/,shopping_mall|park|point_of_interest|establishment,True,NA,high,0,15,16,15,2,5,0,67.735,"score=67.7/110; visitor=0, google=14.7, official=15, scale=16, metro=15, opening=2, mapping=5, penalty=0",No reliable annual visitor count found; included as representative tourism proxy.,node,13012902081.0,attraction,NA,NA,NA,NA,NA,71.9
P0100,Tsukijigawa park,H11,Tsukiji,171.3,0.615705,35.6674508,139.7742763,leisure=park,leisure=park,10.727,3.9,515.0,OSM,Tsukijigawa park,Hibiya,http://www.city.chuo.lg.jp/sisetugaido/koento/catchball/tukijigawa.html,ChIJe7vq7GGJGGARwqsdCgIvefw,https://maps.google.com/?cid=18192623855545985986&g_mp=Cidnb29nbGUubWFwcy5wbGFjZXMudjEuUGxhY2VzLlNlYXJjaFRleHQQAhgEIAA,http://www.city.chuo.lg.jp/sisetugaido/koento/catchball/tukijigawa.html,park|tourist_attraction|point_of_interest|establishment,True,NA,high,0,15,20,15,2,5,0,67.727,"score=67.7/110; visitor=0, google=10.7, official=15, scale=20, metro=15, opening=2, mapping=5, penalty=0",No reliable annual visitor count found; included as representative tourism proxy.,relation,7733405.0,NA,NA,park,NA,Q42311533,NA,24.3
P0101,Korea Museum,F12,HigashiShinjuku,409.4,0.454545,35.6984501,139.7036417,tourism=museum,tourism=museum,0.0,4.7,28300.0,OSM,Korea Museum,Fukutoshin,https://www.museum.go.kr/,ChIJN2x0fu2ifDUR51BupseGYmE,https://maps.google.com/?cid=7017319361445515495&g_mp=Cidnb29nbGUubWFwcy5wbGFjZXMudjEuUGxhY2VzLlNlYXJjaFRleHQQAhgEIAA,https://www.museum.go.kr/,tourist_attraction|museum|point_of_interest|establishment,True,NA,high,0,15,16,12,2,5,0,50.0,"score=50.0/110; visitor=0, google=0.0, official=15, scale=16, metro=12, opening=2, mapping=5, penalty=0",No reliable annual visitor count found; included as representative tourism proxy. Google Places match is 1152675m from original POI coordinate; popularity score set to 0 due to location mismatch.,node,1420800487.0,museum,NA,NA,NA,NA,NA,1152675.2
P0102,Tōkyō Station View,M17,Tokyo,245.1,0.61451,35.679769,139.7653003,tourism=viewpoint,tourism=viewpoint,14.596,4.5,4907.0,OSM,Tōkyō Station View,Marunouchi,http://www.jreast.co.jp/construction/station/,ChIJAylxefmLGGARmouNFJGoD3E,https://maps.google.com/?cid=8146915592005061530&g_mp=Cidnb29nbGUubWFwcy5wbGFjZXMudjEuUGxhY2VzLlNlYXJjaFRleHQQAhgEIAA,http://www.jreast.co.jp/construction/station/,tourist_attraction|park|point_of_interest|establishment,True,NA,high,0,15,16,15,2,5,0,67.596,"score=67.6/110; visitor=0, google=14.6, official=15, scale=16, metro=15, opening=2, mapping=5, penalty=0",No reliable annual visitor count found; included as representative tourism proxy.,node,6839317085.0,viewpoint,NA,NA,NA,NA,NA,199.8
P0103,teamLab Borderless,H05,Kamiyacho,332.4,0.614473,35.6616023,139.7412674,tourism=museum,tourism=museum,17.592,4.6,28084.0,OSM,teamLab Borderless,Hibiya,https://www.teamlab.art/e/tokyo/,ChIJQ5Sa1PqJGGARUSaNKKOrMVg,https://maps.google.com/?cid=6355049266444838481&g_mp=Cidnb29nbGUubWFwcy5wbGFjZXMudjEuUGxhY2VzLlNlYXJjaFRleHQQAhgEIAA,https://www.teamlab.art/jp/e/tokyo/,art_museum|museum|point_of_interest|establishment,True,NA,high,0,15,16,12,2,5,0,67.592,"score=67.6/110; visitor=0, google=17.6, official=15, scale=16, metro=12, opening=2, mapping=5, penalty=0",No reliable annual visitor count found; included as representative tourism proxy.,node,11512273700.0,museum,NA,NA,NA,Q131314431,NA,188.0
P0104,Omoide Yokocho,M08,Shinjuku,116.8,0.613451,35.6930689,139.6995016,food_entertainment_alley,tourist_attraction|restaurant|food|point_of_interest|establishment,16.48,4.2,14694.0,curated_representative,思い出横丁,Marunouchi,https://shinjuku-omoide.com/,ChIJP9eKBdeMGGAR0zzBXJNVj5A,https://maps.google.com/?cid=10416638554535967955&g_mp=Cidnb29nbGUubWFwcy5wbGFjZXMudjEuUGxhY2VzLlNlYXJjaFRleHQQAhgEIAA,http://shinjuku-omoide.com/,tourist_attraction|restaurant|food|point_of_interest|establishment,True,NA,high,0,15,12,15,4,5,0,67.48,"score=67.5/110; visitor=0, google=16.5, official=15, scale=12, metro=15, opening=4, mapping=5, penalty=0","Overlaps with nearby Shinjuku nightlife cluster; avoid double-counting in station-level aggregation. Opening hours are coarse modeling assumptions for a district, facility, or variable schedule. No reliable annual visitor count found; included as representative tourism proxy. Opening hours are coarse modeling assumptions for a district, commercial area, or variable facility schedule.",NA,NA,NA,NA,NA,NA,NA,NA,41.5
P0105,Shinjuku Gyoen National Garden,M10,ShinjukuGyoemmae,391.6,0.612654,35.6851027,139.7098924,garden_park,garden|tourist_attraction|state_park|playground|park|point_of_interest|establishment,18.392,4.6,44744.0,curated_representative,新宿御苑,Marunouchi,https://www.env.go.jp/garden/shinjukugyoen/english/2_guide/guide.html,ChIJPyOTG8KMGGARh_IXobWxHmo,https://maps.google.com/?cid=7646744610971579015&g_mp=Cidnb29nbGUubWFwcy5wbGFjZXMudjEuUGxhY2VzLlNlYXJjaFRleHQQAhgEIAA,https://www.env.go.jp/garden/shinjukugyoen/index.html,garden|tourist_attraction|state_park|playground|park|point_of_interest|establishment,True,NA,high,0,15,12,12,5,5,0,67.392,"score=67.4/110; visitor=0, google=18.4, official=15, scale=12, metro=12, opening=5, mapping=5, penalty=0",Kept as representative tourism cluster. No reliable annual visitor count found; included as representative tourism proxy.,NA,NA,NA,NA,NA,NA,NA,NA,16.6
P0106,KidZania Tokyo / Urban Dock LaLaport Toyosu,Y22,Toyosu,439.0,0.612575,35.6563097,139.7913488,family_entertainment_shopping,indoor_playground|playground|amusement_park|amusement_center|educational_institution|point_of_interest|establishment,14.383,4.2,4335.0,curated_representative,キッザニア東京 / アーバンドック ららぽーと豊洲,Yurakucho,https://www.kidzania.jp/tokyo/en/,ChIJReWVrZiJGGARpByTvPg66LU,https://maps.google.com/?cid=13107791555451886756&g_mp=Cidnb29nbGUubWFwcy5wbGFjZXMudjEuUGxhY2VzLlNlYXJjaFRleHQQAhgEIAA,https://www.kidzania.jp/lp/tokyo/?utm_source=T_google&utm_medium=tokyo&utm_campaign=T_google_230620_lp,indoor_playground|playground|amusement_park|amusement_center|educational_institution|point_of_interest|establishment,True,NA,high,0,20,12,12,4,5,0,67.383,"score=67.4/110; visitor=0, google=14.4, official=20, scale=12, metro=12, opening=4, mapping=5, penalty=0",Representative family attraction in Toyosu retail cluster. No reliable annual visitor count found; included as representative tourism proxy.,NA,NA,NA,NA,NA,NA,NA,NA,197.7
P0107,Sunshine 60 Tennbodai (Viewpoint),Y10,HigashiIkebukuro,394.9,0.612574,35.729442,139.7180675,tourism=viewpoint,tourism=viewpoint,13.383,4.3,2421.0,OSM,Sunshine 60 Tennbodai (Viewpoint),Yurakucho,https://sunshinecity.jp/en/observatory/,ChIJEQo9F2-NGGARySiYS8C8FGM,https://maps.google.com/?cid=7139538843377084617&g_mp=Cidnb29nbGUubWFwcy5wbGFjZXMudjEuUGxhY2VzLlNlYXJjaFRleHQQAhgEIAA,https://sunshinecity.jp/observatory/?utm_source=Google&utm_medium=mybusiness&utm_campaign=kutikomi&utm_id=1,observation_deck|tourist_attraction|event_venue|point_of_interest|establishment,True,NA,high,0,15,20,12,2,5,0,67.383,"score=67.4/110; visitor=0, google=13.4, official=15, scale=20, metro=12, opening=2, mapping=5, penalty=0",No reliable annual visitor count found; included as representative tourism proxy.,node,1439037612.0,viewpoint,NA,NA,NA,NA,NA,28.7
P0108,Sunshine observatory,Y10,HigashiIkebukuro,419.6,0.612574,35.7296483,139.717942,tourism=viewpoint,tourism=viewpoint,13.383,4.3,2421.0,OSM,Sunshine observatory,Yurakucho,https://sunshinecity.jp/observatory/?utm_source=Google&utm_medium=mybusiness&utm_campaign=kutikomi&utm_id=1,ChIJEQo9F2-NGGARySiYS8C8FGM,https://maps.google.com/?cid=7139538843377084617&g_mp=Cidnb29nbGUubWFwcy5wbGFjZXMudjEuUGxhY2VzLlNlYXJjaFRleHQQAhgEIAA,https://sunshinecity.jp/observatory/?utm_source=Google&utm_medium=mybusiness&utm_campaign=kutikomi&utm_id=1,observation_deck|tourist_attraction|event_venue|point_of_interest|establishment,True,NA,high,0,15,20,12,2,5,0,67.383,"score=67.4/110; visitor=0, google=13.4, official=15, scale=20, metro=12, opening=2, mapping=5, penalty=0",No reliable annual visitor count found; included as representative tourism proxy.,node,12067181245.0,viewpoint,NA,NA,NA,NA,NA,53.3
P0109,Mt. Fujimi,N14,Komagome,239.0,0.481818,35.7338666,139.746101,tourism=viewpoint,tourism=viewpoint,0.0,4.2,4024.0,OSM,Mt. Fujimi,Namboku,https://www.fujimipanorama.com/summer/,ChIJTY8I9oJcHGARlfI0td5gsos,https://maps.google.com/?cid=10066214626765632149&g_mp=Cidnb29nbGUubWFwcy5wbGFjZXMudjEuUGxhY2VzLlNlYXJjaFRleHQQAhgEIAA,https://www.fujimipanorama.com/summer/,ski_resort|tourist_attraction|hiking_area|sports_activity_location|restaurant|food|point_of_interest|establishment,True,NA,high,0,15,16,15,2,5,0,53.0,"score=53.0/110; visitor=0, google=0.0, official=15, scale=16, metro=15, opening=2, mapping=5, penalty=0",No reliable annual visitor count found; included as representative tourism proxy. Google Places match is 140152m from original POI coordinate; popularity score set to 0 due to location mismatch.,node,2560907823.0,viewpoint,NA,NA,NA,NA,NA,140151.7
P0110,Hinokicho Park (Tokyo MidTown Main Winter Illumination),H04,Roppongi,422.2,0.610786,35.6665798,139.7315986,tourism=attraction,tourism=attraction,13.186,4.3,2159.0,OSM,Hinokicho Park (Tokyo MidTown Main Winter Illumination),Hibiya,http://www.city.minato.tokyo.jp/shisetsu/koen/akasaka/06.html,ChIJqcU4DIKLGGARBxWj4fGnB_k,https://maps.google.com/?cid=17944495897595548935&g_mp=Cidnb29nbGUubWFwcy5wbGFjZXMudjEuUGxhY2VzLlNlYXJjaFRleHQQAhgEIAA,http://www.city.minato.tokyo.jp/shisetsu/koen/akasaka/06.html,park|tourist_attraction|point_of_interest|establishment,True,NA,high,0,15,20,12,2,5,0,67.186,"score=67.2/110; visitor=0, google=13.2, official=15, scale=20, metro=12, opening=2, mapping=5, penalty=0",No reliable annual visitor count found; included as representative tourism proxy.,node,6127216098.0,attraction,NA,NA,NA,NA,NA,66.5
P0111,Asakusa Hanayashiki,G19,Asakusa,605.3,0.610643,35.7155288,139.7945719,theme_park,amusement_park|tourist_attraction|performing_arts_theater|event_venue|amusement_center|point_of_interest|establishment,15.171,4.1,6857.0,curated_representative,浅草花やしき,Ginza,https://www.hanayashiki.net/english/,ChIJPXcZIsCOGGARsYimyXoHsms,https://maps.google.com/?cid=7760273331863324849&g_mp=Cidnb29nbGUubWFwcy5wbGFjZXMudjEuUGxhY2VzLlNlYXJjaFRleHQQAhgEIAA,https://www.hanayashiki.net/,amusement_park|tourist_attraction|performing_arts_theater|event_venue|amusement_center|point_of_interest|establishment,True,NA,high,0,15,16,12,4,5,0,67.171,"score=67.2/110; visitor=0, google=15.2, official=15, scale=16, metro=12, opening=4, mapping=5, penalty=0","Asakusa tourism cluster; aggregate with cap to avoid over-amplifying one station. Opening hours are coarse modeling assumptions for a district, facility, or variable schedule. No reliable annual visitor count found; included as representative tourism proxy. Opening hours are coarse modeling assumptions for a district, commercial area, or variable facility schedule.",NA,NA,NA,NA,NA,NA,NA,NA,28.6
P0112,Mitsubishi Ichigokan Museum,C10,Nijubashimae,258.4,0.610149,35.6784739,139.763169,tourism=museum,tourism=museum,14.116,4.4,3711.0,OSM,Mitsubishi Ichigokan Museum,Chiyoda,https://mimt.jp/,ChIJuyY-ZfqLGGAREYR9A10IXPQ,https://maps.google.com/?cid=17607957838695334929&g_mp=Cidnb29nbGUubWFwcy5wbGFjZXMudjEuUGxhY2VzLlNlYXJjaFRleHQQAhgEIAA,http://mimt.jp/,art_museum|tourist_attraction|art_gallery|museum|point_of_interest|establishment,True,NA,high,0,15,16,15,2,5,0,67.116,"score=67.1/110; visitor=0, google=14.1, official=15, scale=16, metro=15, opening=2, mapping=5, penalty=0",No reliable annual visitor count found; included as representative tourism proxy.,way,306116935.0,museum,NA,NA,NA,Q3815458,ja:三菱一号館美術館,16.2
P0113,Roppongi Museum,H04,Roppongi,441.9,0.609451,35.6595759,139.7340144,tourism=museum,tourism=museum,13.04,4.4,1982.0,OSM,六本木ミュージアム,Hibiya,https://roppongimuseum.jp/,ChIJT3cmqWSLGGARkvKasB510zA,https://maps.google.com/?cid=3518284508578902674&g_mp=Cidnb29nbGUubWFwcy5wbGFjZXMudjEuUGxhY2VzLlNlYXJjaFRleHQQAhgEIAA,https://roppongimuseum.jp/,museum|point_of_interest|establishment,True,NA,high,0,15,20,12,2,5,0,67.04,"score=67.0/110; visitor=0, google=13.0, official=15, scale=20, metro=12, opening=2, mapping=5, penalty=0",No reliable annual visitor count found; included as representative tourism proxy.,node,7231031105.0,museum,NA,NA,conference_centre,Q115977950,NA,14.3
P0114,Hokutopia,N16,Oji,75.3,0.60944,35.7548512,139.7366726,tourism=viewpoint,tourism=viewpoint,14.038,3.8,3546.0,OSM,Hokutopia,Namboku,http://www.hokutopia.jp/,ChIJd_UmhXySGGARnT_Wht7C3Cc,https://maps.google.com/?cid=2872384923356250013&g_mp=Cidnb29nbGUubWFwcy5wbGFjZXMudjEuUGxhY2VzLlNlYXJjaFRleHQQAhgEIAA,http://www.hokutopia.jp/,community_center|event_venue|point_of_interest|service|establishment,True,NA,high,0,15,16,15,2,5,0,67.038,"score=67.0/110; visitor=0, google=14.0, official=15, scale=16, metro=15, opening=2, mapping=5, penalty=0",No reliable annual visitor count found; included as representative tourism proxy.,node,11727641387.0,viewpoint,NA,NA,NA,NA,NA,5.3
P0115,Tsukiji River Ginza Park,H10,HigashiGinza,123.5,0.609419,35.6686281,139.7688535,leisure=park,leisure=park,10.036,3.7,344.0,OSM,Tsukiji River Ginza Park,Hibiya,https://www.city.chuo.lg.jp/sisetugaido/koento/kouen_hiroba_ichiran.html,ChIJQfOuBN6LGGAREoTkU009ur4,https://maps.google.com/?cid=13743364615203750930&g_mp=Cidnb29nbGUubWFwcy5wbGFjZXMudjEuUGxhY2VzLlNlYXJjaFRleHQQAhgEIAA,https://www.city.chuo.lg.jp/sisetugaido/koento/kouen_hiroba_ichiran.html,park|point_of_interest|establishment,True,NA,high,0,15,20,15,2,5,0,67.036,"score=67.0/110; visitor=0, google=10.0, official=15, scale=20, metro=15, opening=2, mapping=5, penalty=0",No reliable annual visitor count found; included as representative tourism proxy.,way,172598643.0,NA,NA,park,NA,NA,NA,7.8
P0116,Tsukijigawa Kameibashi Park,Y20,Shintomicho,231.2,0.609419,35.6704765,139.7710358,leisure=park,leisure=park,10.036,3.7,344.0,OSM,Tsukijigawa Kameibashi Park,Yurakucho,https://www.city.chuo.lg.jp/sisetugaido/koento/kouen_hiroba_ichiran.html,ChIJQfOuBN6LGGAREoTkU009ur4,https://maps.google.com/?cid=13743364615203750930&g_mp=Cidnb29nbGUubWFwcy5wbGFjZXMudjEuUGxhY2VzLlNlYXJjaFRleHQQAhgEIAA,https://www.city.chuo.lg.jp/sisetugaido/koento/kouen_hiroba_ichiran.html,park|point_of_interest|establishment,True,NA,high,0,15,20,15,2,5,0,67.036,"score=67.0/110; visitor=0, google=10.0, official=15, scale=20, metro=15, opening=2, mapping=5, penalty=0",No reliable annual visitor count found; included as representative tourism proxy.,way,81610537.0,NA,NA,park,NA,NA,NA,279.8
P0117,akasaka Sacas,C06,Akasaka,78.9,0.608815,35.6723363,139.7355878,tourism=attraction,tourism=attraction,13.97,3.9,3407.0,OSM,赤坂サカス,Chiyoda,https://sacas.net/,ChIJUyA7lICLGGARuHfsHqZ2U0Y,https://maps.google.com/?cid=5067524461577402296&g_mp=Cidnb29nbGUubWFwcy5wbGFjZXMudjEuUGxhY2VzLlNlYXJjaFRleHQQAhgEIAA,https://www.tbs.co.jp/sacas,tourist_attraction|point_of_interest|establishment,True,NA,high,0,15,16,15,2,5,0,66.97,"score=67.0/110; visitor=0, google=14.0, official=15, scale=16, metro=15, opening=2, mapping=5, penalty=0",No reliable annual visitor count found; included as representative tourism proxy.,node,5471047452.0,attraction,NA,NA,NA,Q864638,ja:赤坂サカス,67.1
P0118,akasaka Sacas,C06,Akasaka,112.0,0.608815,35.672424,139.7352371,tourism=attraction,tourism=attraction,13.97,3.9,3407.0,OSM,赤坂サカス,Chiyoda,https://sacas.net/,ChIJUyA7lICLGGARuHfsHqZ2U0Y,https://maps.google.com/?cid=5067524461577402296&g_mp=Cidnb29nbGUubWFwcy5wbGFjZXMudjEuUGxhY2VzLlNlYXJjaFRleHQQAhgEIAA,https://www.tbs.co.jp/sacas,tourist_attraction|point_of_interest|establishment,True,NA,high,0,15,16,15,2,5,0,66.97,"score=67.0/110; visitor=0, google=14.0, official=15, scale=16, metro=15, opening=2, mapping=5, penalty=0",No reliable annual visitor count found; included as representative tourism proxy.,way,568709128.0,attraction,NA,NA,NA,Q864638,ja:赤坂サカス,43.4
P0119,Galaxy Shop,F15,MeijiJingumae,190.9,0.608765,35.6697365,139.706195,tourism=attraction,tourism=attraction,13.964,4.3,3396.0,OSM,Galaxy Shop,Fukutoshin,https://www.galaxymobile.jp/galaxy-harajuku/,ChIJl60WxBONGGAR9UglF463lk8,https://maps.google.com/?cid=5734972996404463861&g_mp=Cidnb29nbGUubWFwcy5wbGFjZXMudjEuUGxhY2VzLlNlYXJjaFRleHQQAhgEIAA,https://www.galaxymobile.jp/galaxy-harajuku/,cell_phone_store|cafe|amusement_center|store|food|point_of_interest|establishment,True,NA,high,0,15,16,15,2,5,0,66.964,"score=67.0/110; visitor=0, google=14.0, official=15, scale=16, metro=15, opening=2, mapping=5, penalty=0",No reliable annual visitor count found; included as representative tourism proxy.,node,10288326509.0,attraction,NA,NA,NA,NA,NA,9.6
P0120,Rikugi Garden,N14,Komagome,300.5,0.608265,35.7332418,139.746401,historic=heritage,historic=heritage,15.909,4.4,10541.0,OSM,Rikugi Garden,Namboku,https://www.tokyo-park.or.jp/park/rikugien/,ChIJYUQ-972NGGAR5W_2E0N3SHY,https://maps.google.com/?cid=8523193424780095461&g_mp=Cidnb29nbGUubWFwcy5wbGFjZXMudjEuUGxhY2VzLlNlYXJjaFRleHQQAhgEIAA,https://www.tokyo-park.or.jp/park/rikugien/,garden|tourist_attraction|park|point_of_interest|establishment,True,NA,high,0,20,12,12,2,5,0,66.909,"score=66.9/110; visitor=0, google=15.9, official=20, scale=12, metro=12, opening=2, mapping=5, penalty=0",No reliable annual visitor count found; included as representative tourism proxy.,way,249498496.0,NA,heritage,garden,NA,Q1889010,ja:六義園,62.3
P0121,Sword Shop & Ninja Experience by Samurai Ninja Museum,G18,Tawaramachi,332.4,0.60789,35.7119755,139.7929754,tourism=attraction,tourism=attraction,16.868,4.9,18422.0,OSM,Sword Shop & Ninja Experience by Samurai Ninja Museum,Ginza,https://mai-ko.com/samurai/,ChIJm6kfD4IJAWAR8e9bSVIKXXc,https://maps.google.com/?cid=8601042211881873393&g_mp=Cidnb29nbGUubWFwcy5wbGFjZXMudjEuUGxhY2VzLlNlYXJjaFRleHQQAhgEIAA,https://mai-ko.com/samurai/,museum|tourist_attraction|point_of_interest|establishment,True,NA,high,0,15,16,12,2,5,0,66.868,"score=66.9/110; visitor=0, google=16.9, official=15, scale=16, metro=12, opening=2, mapping=5, penalty=0",No reliable annual visitor count found; included as representative tourism proxy.,node,12850506506.0,attraction,NA,NA,NA,NA,NA,120.0
P0122,Sword Shop & Ninja Experience by Samurai Ninja Museum,G18,Tawaramachi,335.0,0.60789,35.7120053,139.7929804,tourism=attraction,tourism=attraction,16.868,4.9,18422.0,OSM,Sword Shop & Ninja Experience by Samurai Ninja Museum,Ginza,https://mai-ko.com/samurai/,ChIJm6kfD4IJAWAR8e9bSVIKXXc,https://maps.google.com/?cid=8601042211881873393&g_mp=Cidnb29nbGUubWFwcy5wbGFjZXMudjEuUGxhY2VzLlNlYXJjaFRleHQQAhgEIAA,https://mai-ko.com/samurai/,museum|tourist_attraction|point_of_interest|establishment,True,NA,high,0,15,16,12,2,5,0,66.868,"score=66.9/110; visitor=0, google=16.9, official=15, scale=16, metro=12, opening=2, mapping=5, penalty=0",No reliable annual visitor count found; included as representative tourism proxy.,node,12850506505.0,attraction,NA,NA,NA,NA,NA,121.9
P0123,Train Museum,C16,NishiNippori,533.2,0.454545,35.7285652,139.7705097,tourism=viewpoint,tourism=viewpoint,0.0,4.5,18213.0,OSM,Train Museum,Chiyoda,https://www.railway-museum.jp/,ChIJkzQuFK3GGGARTgA4_Z3ySGY,https://maps.google.com/?cid=7370407550563909710&g_mp=Cidnb29nbGUubWFwcy5wbGFjZXMudjEuUGxhY2VzLlNlYXJjaFRleHQQAhgEIAA,https://www.railway-museum.jp/,tourist_attraction|museum|point_of_interest|establishment,True,NA,high,0,15,16,12,2,5,0,50.0,"score=50.0/110; visitor=0, google=0.0, official=15, scale=16, metro=12, opening=2, mapping=5, penalty=0",No reliable annual visitor count found; included as representative tourism proxy. Google Places match is 25478m from original POI coordinate; popularity score set to 0 due to location mismatch.,node,4437654809.0,viewpoint,NA,NA,NA,NA,NA,25478.4
P0124,SOMPO Museum of Art,M10,ShinjukuGyoemmae,286.8,0.607062,35.6911,139.710742,tourism=museum,tourism=museum,13.777,4.3,3045.0,OSM,SOMPO Museum of Art,Marunouchi,https://www.sompo-museum.org/,ChIJZ0mHeNaMGGARawZDmC_3dBo,https://maps.google.com/?cid=1906420326074615403&g_mp=Cidnb29nbGUubWFwcy5wbGFjZXMudjEuUGxhY2VzLlNlYXJjaFRleHQQAhgEIAA,https://www.sompo-museum.org/,art_museum|tourist_attraction|museum|point_of_interest|establishment,True,NA,high,0,15,16,15,2,5,0,66.777,"score=66.8/110; visitor=0, google=13.8, official=15, scale=16, metro=15, opening=2, mapping=5, penalty=0",No reliable annual visitor count found; included as representative tourism proxy.,node,1420780833.0,museum,NA,NA,NA,NA,NA,1294.6
P0125,teamLab Planets,Y22,Toyosu,855.9,0.605784,35.64938,139.789728,tourism=museum,tourism=museum,18.636,4.5,51585.0,OSM,チームラボ プラネッツ,Yurakucho,https://planets.teamlab.art/tokyo/,ChIJSeco5wiJGGARItbTS8lQ5G0,https://maps.google.com/?cid=7918542870314997282&g_mp=Cidnb29nbGUubWFwcy5wbGFjZXMudjEuUGxhY2VzLlNlYXJjaFRleHQQAhgEIAA,https://www.teamlab.art/jp/e/planets/,tourist_attraction|amusement_park|art_museum|museum|amusement_center|point_of_interest|establishment,True,NA,medium,0,15,20,8,2,3,0,66.636,"score=66.6/110; visitor=0, google=18.6, official=15, scale=20, metro=8, opening=2, mapping=3, penalty=0",No reliable annual visitor count found; included as representative tourism proxy.,node,6291685287.0,museum,NA,NA,NA,Q97613610,en:TeamLab Planets TOKYO DMM.com,29.1
P0126,Institute for Nature Study,N02,Shirokanedai,455.4,0.605484,35.636007,139.721312,tourism=zoo,tourism=zoo,12.603,4.3,1537.0,OSM,Institute for Nature Study,Namboku,http://www.ins.kahaku.go.jp/,ChIJCUlb9w6LGGARqebfyd0obu8,https://maps.google.com/?cid=17252772155542726313&g_mp=Cidnb29nbGUubWFwcy5wbGFjZXMudjEuUGxhY2VzLlNlYXJjaFRleHQQAhgEIAA,http://www.ins.kahaku.go.jp/,nature_preserve|museum|playground|park|farm|wholesaler|service|point_of_interest|establishment,True,NA,high,0,15,20,12,2,5,0,66.603,"score=66.6/110; visitor=0, google=12.6, official=15, scale=20, metro=12, opening=2, mapping=5, penalty=0",No reliable annual visitor count found; included as representative tourism proxy.,node,3822459246.0,zoo,NA,NA,NA,NA,NA,341.8
P0127,Fire Museum,M11,YotsuyaSanchome,64.8,0.603815,35.6881372,139.7199391,tourism=museum,tourism=museum,13.42,4.4,2473.0,OSM,消防博物館,Marunouchi,https://www.tfd.metro.tokyo.lg.jp/eng/e_museum/information.html,ChIJG99Bp-2MGGARK9sWy49hBq8,https://maps.google.com/?cid=12611875076713143083&g_mp=Cidnb29nbGUubWFwcy5wbGFjZXMudjEuUGxhY2VzLlNlYXJjaFRleHQQAhgEIAA,https://www.tfd.metro.tokyo.lg.jp/hp-hkkan/museum.html,museum|tourist_attraction|point_of_interest|establishment,True,NA,high,0,15,16,15,2,5,0,66.42,"score=66.4/110; visitor=0, google=13.4, official=15, scale=16, metro=15, opening=2, mapping=5, penalty=0",No reliable annual visitor count found; included as representative tourism proxy.,node,1420784678.0,museum,NA,NA,NA,Q11559505,ja:消防博物館,13.9
P0128,Bank of Japan Currency Museum,Z09,Mitsukoshimae,145.0,0.603605,35.6854395,139.7716029,tourism=museum,tourism=museum,13.397,4.2,2440.0,OSM,Bank of Japan Currency Museum,Hanzomon,http://www.imes.boj.or.jp/cm/index.html,ChIJYT_QOf6LGGAR2l2t7xZpFMs,https://maps.google.com/?cid=14633436636464897498&g_mp=Cidnb29nbGUubWFwcy5wbGFjZXMudjEuUGxhY2VzLlNlYXJjaFRleHQQAhgEIAA,http://www.imes.boj.or.jp/cm/index.html,museum|tourist_attraction|point_of_interest|establishment,True,NA,high,0,15,16,15,2,5,0,66.397,"score=66.4/110; visitor=0, google=13.4, official=15, scale=16, metro=15, opening=2, mapping=5, penalty=0",No reliable annual visitor count found; included as representative tourism proxy.,node,1350269516.0,museum,NA,NA,NA,Q865607,en:Currency Museum of the Bank of Japan,7.6
P0129,Tokyo Station Gallery,M17,Tokyo,162.6,0.603509,35.6824302,139.7664939,tourism=museum,tourism=museum,13.386,4.3,2425.0,OSM,Tokyo Station Gallery,Marunouchi,http://www.ejrcf.or.jp/gallery/,ChIJtxODuv6LGGAR4xf7X3WayX0,https://maps.google.com/?cid=9063945553971976163&g_mp=Cidnb29nbGUubWFwcy5wbGFjZXMudjEuUGxhY2VzLlNlYXJjaFRleHQQAhgEIAA,http://www.ejrcf.or.jp/gallery/,art_museum|tourist_attraction|museum|art_gallery|point_of_interest|establishment,True,NA,high,0,15,16,15,2,5,0,66.386,"score=66.4/110; visitor=0, google=13.4, official=15, scale=16, metro=15, opening=2, mapping=5, penalty=0",No reliable annual visitor count found; included as representative tourism proxy.,node,3164340661.0,museum,NA,NA,NA,Q115265693,ja:東京ステーションギャラリー,2.9
P0130,Observation deck,N11,Korakuen,43.0,0.481818,35.7082294,139.7522196,tourism=viewpoint,tourism=viewpoint,0.0,4.3,2421.0,OSM,Observation deck,Namboku,https://sunshinecity.jp/observatory/?utm_source=Google&utm_medium=mybusiness&utm_campaign=kutikomi&utm_id=1,ChIJEQo9F2-NGGARySiYS8C8FGM,https://maps.google.com/?cid=7139538843377084617&g_mp=Cidnb29nbGUubWFwcy5wbGFjZXMudjEuUGxhY2VzLlNlYXJjaFRleHQQAhgEIAA,https://sunshinecity.jp/observatory/?utm_source=Google&utm_medium=mybusiness&utm_campaign=kutikomi&utm_id=1,observation_deck|tourist_attraction|event_venue|point_of_interest|establishment,True,NA,high,0,15,16,15,2,5,0,53.0,"score=53.0/110; visitor=0, google=0.0, official=15, scale=16, metro=15, opening=2, mapping=5, penalty=0",No reliable annual visitor count found; included as representative tourism proxy. Google Places match is 3853m from original POI coordinate; popularity score set to 0 due to location mismatch.,node,3291293643.0,viewpoint,NA,NA,NA,NA,NA,3853.3
P0131,Tsukijigawa Iwaibashi Park,H10,HigashiGinza,211.8,0.602745,35.6694927,139.7699347,leisure=park,leisure=park,9.302,3.5,224.0,OSM,Tsukijigawa Iwaibashi Park,Hibiya,http://www.city.chuo.lg.jp/smph/sisetugaido/koento/kouen_hiroba_ichiran.html,ChIJ56U1heCLGGARv-0KIy572mA,https://maps.google.com/?cid=6979026010650635711&g_mp=Cidnb29nbGUubWFwcy5wbGFjZXMudjEuUGxhY2VzLlNlYXJjaFRleHQQAhgEIAA,http://www.city.chuo.lg.jp/smph/sisetugaido/koento/kouen_hiroba_ichiran.html,park|tourist_attraction|point_of_interest|establishment,True,NA,high,0,15,20,15,2,5,0,66.302,"score=66.3/110; visitor=0, google=9.3, official=15, scale=20, metro=15, opening=2, mapping=5, penalty=0",No reliable annual visitor count found; included as representative tourism proxy.,way,81610535.0,NA,NA,park,NA,NA,NA,2.3
P0132,Paupau Aqua Garden,M09,ShinjukuSanchome,269.3,0.602676,35.6931787,139.7058933,tourism=aquarium,tourism=aquarium,9.294,4.3,223.0,OSM,Paupau Aqua Garden,Marunouchi,http://www.paupau.co.jp/html/english.html,ChIJr-f6GTONGGARD89GlRiSGas,https://maps.google.com/?cid=12329046089184759567&g_mp=Cidnb29nbGUubWFwcy5wbGFjZXMudjEuUGxhY2VzLlNlYXJjaFRleHQQAhgEIAA,http://www.paupau.co.jp/html/map_sin.html,pet_store|store|point_of_interest|establishment,True,NA,high,0,15,20,15,2,5,0,66.294,"score=66.3/110; visitor=0, google=9.3, official=15, scale=20, metro=15, opening=2, mapping=5, penalty=0",No reliable annual visitor count found; included as representative tourism proxy.,way,137626375.0,aquarium,NA,NA,NA,NA,NA,10.4
P0133,Tokyo Toy Museum,M11,YotsuyaSanchome,248.1,0.602031,35.6897793,139.7179766,tourism=museum,tourism=museum,13.223,4.3,2206.0,OSM,Tokyo Toy Museum,Marunouchi,http://goodtoy.org,ChIJHeBCIOyMGGAR7BktETlUP_w,https://maps.google.com/?cid=18176339225168648684&g_mp=Cidnb29nbGUubWFwcy5wbGFjZXMudjEuUGxhY2VzLlNlYXJjaFRleHQQAhgEIAA,https://art-play.or.jp/ttm/,museum|tourist_attraction|art_museum|point_of_interest|establishment,True,NA,high,0,15,16,15,2,5,0,66.223,"score=66.2/110; visitor=0, google=13.2, official=15, scale=16, metro=15, opening=2, mapping=5, penalty=0",No reliable annual visitor count found; included as representative tourism proxy.,node,5894435886.0,museum,NA,NA,NA,Q11524018,ja:東京おもちゃ美術館,11.1
P0134,Ota Memorial Museum of Art,C03,MeijiJingumae,92.0,0.601775,35.6693982,139.7049049,tourism=museum,tourism=museum,13.195,4.3,2170.0,OSM,太田記念美術館,Chiyoda,https://www.ukiyoe-ota-muse.jp/,ChIJxcha6qSMGGARqdOIwOETVQc,https://maps.google.com/?cid=528350391604663209&g_mp=Cidnb29nbGUubWFwcy5wbGFjZXMudjEuUGxhY2VzLlNlYXJjaFRleHQQAhgEIAA,http://www.ukiyoe-ota-muse.jp/,art_museum|tourist_attraction|museum|point_of_interest|establishment,True,NA,high,0,15,16,15,2,5,0,66.195,"score=66.2/110; visitor=0, google=13.2, official=15, scale=16, metro=15, opening=2, mapping=5, penalty=0",No reliable annual visitor count found; included as representative tourism proxy.,node,1420774658.0,museum,NA,NA,NA,Q3815442,en:Ukiyo-e Ōta Memorial Museum of Art,6.9
P0135,Kappabashi kitchen street,G18,Tawaramachi,330.0,0.601587,35.7125201,139.7885498,tourism=attraction,tourism=attraction,16.175,4.3,12303.0,OSM,Kappabashi kitchen street,Ginza,http://www.kappabashi.or.jp/,ChIJXYV-6JWOGGAR85vIZbM1RCE,https://maps.google.com/?cid=2397099946291010547&g_mp=Cidnb29nbGUubWFwcy5wbGFjZXMudjEuUGxhY2VzLlNlYXJjaFRleHQQAhgEIAA,http://www.kappabashi.or.jp/,tourist_attraction|market|point_of_interest|establishment,True,NA,high,0,15,16,12,2,5,0,66.175,"score=66.2/110; visitor=0, google=16.2, official=15, scale=16, metro=12, opening=2, mapping=5, penalty=0",No reliable annual visitor count found; included as representative tourism proxy.,node,4691630391.0,attraction,NA,NA,NA,NA,NA,222.1
P0136,Tokyo Character Street,M17,Tokyo,321.6,0.600294,35.681608,139.7683381,tourism=attraction,tourism=attraction,16.032,4.2,11325.0,OSM,東京キャラクターストリート,Marunouchi,https://e-shop.tokyoeki-1bangai.co.jp/,ChIJGeYlX_mLGGARx_4HVNDXOxA,https://maps.google.com/?cid=1169765817995755207&g_mp=Cidnb29nbGUubWFwcy5wbGFjZXMudjEuUGxhY2VzLlNlYXJjaFRleHQQAhgEIAA,https://e-shop.tokyoeki-1bangai.co.jp/,shopping_mall|tourist_attraction|point_of_interest|establishment,True,NA,high,0,15,16,12,2,5,0,66.032,"score=66.0/110; visitor=0, google=16.0, official=15, scale=16, metro=12, opening=2, mapping=5, penalty=0",No reliable annual visitor count found; included as representative tourism proxy.,way,1361973679.0,attraction,NA,NA,NA,NA,NA,55.3
P0137,Tokyo Character Street,T09,Otemachi,349.9,0.600294,35.6824148,139.7686966,tourism=attraction,tourism=attraction,16.032,4.2,11325.0,OSM,東京キャラクターストリート,Tozai,https://e-shop.tokyoeki-1bangai.co.jp/,ChIJGeYlX_mLGGARx_4HVNDXOxA,https://maps.google.com/?cid=1169765817995755207&g_mp=Cidnb29nbGUubWFwcy5wbGFjZXMudjEuUGxhY2VzLlNlYXJjaFRleHQQAhgEIAA,https://e-shop.tokyoeki-1bangai.co.jp/,shopping_mall|tourist_attraction|point_of_interest|establishment,True,NA,high,0,15,16,12,2,5,0,66.032,"score=66.0/110; visitor=0, google=16.0, official=15, scale=16, metro=12, opening=2, mapping=5, penalty=0",No reliable annual visitor count found; included as representative tourism proxy.,way,1358679893.0,attraction,NA,NA,NA,NA,NA,42.6
P0138,Tokyo Character Street,T09,Otemachi,356.7,0.600294,35.6823717,139.7687508,tourism=attraction,tourism=attraction,16.032,4.2,11325.0,OSM,東京キャラクターストリート,Tozai,https://e-shop.tokyoeki-1bangai.co.jp/,ChIJGeYlX_mLGGARx_4HVNDXOxA,https://maps.google.com/?cid=1169765817995755207&g_mp=Cidnb29nbGUubWFwcy5wbGFjZXMudjEuUGxhY2VzLlNlYXJjaFRleHQQAhgEIAA,https://e-shop.tokyoeki-1bangai.co.jp/,shopping_mall|tourist_attraction|point_of_interest|establishment,True,NA,high,0,15,16,12,2,5,0,66.032,"score=66.0/110; visitor=0, google=16.0, official=15, scale=16, metro=12, opening=2, mapping=5, penalty=0",No reliable annual visitor count found; included as representative tourism proxy.,way,1358679892.0,attraction,NA,NA,NA,NA,NA,38.6
P0139,Former Furukawa Gardens,N15,Nishigahara,524.5,0.599959,35.7425176,139.7462524,leisure=garden,leisure=garden,14.996,4.2,6192.0,OSM,Former Furukawa Gardens,Namboku,https://www.tokyo-park.or.jp/park/format/index034.html,ChIJBy_FCJGNGGAR7ZWKW8_39Ew,https://maps.google.com/?cid=5545329511166023149&g_mp=Cidnb29nbGUubWFwcy5wbGFjZXMudjEuUGxhY2VzLlNlYXJjaFRleHQQAhgEIAA,https://www.tokyo-park.or.jp/park/kyu-furukawa/,garden|tourist_attraction|point_of_interest|establishment,True,NA,high,0,20,12,12,2,5,0,65.996,"score=66.0/110; visitor=0, google=15.0, official=20, scale=12, metro=12, opening=2, mapping=5, penalty=0",No reliable annual visitor count found; included as representative tourism proxy.,way,33078986.0,NA,NA,garden,NA,Q3082256,ja:旧古河庭園,73.8
P0140,Meiji Jingu Inner Garden,C03,MeijiJingumae,587.6,0.599479,35.6731566,139.6997419,leisure=garden,leisure=garden,11.943,4.5,1046.0,OSM,Meiji Jingu Inner Garden,Chiyoda,https://www.meijijingu.or.jp/midokoro/gyoen/,ChIJ5SZMmreMGGARqBUU4sVwUIM,https://maps.google.com/?cid=9462186812309247400&g_mp=Cidnb29nbGUubWFwcy5wbGFjZXMudjEuUGxhY2VzLlNlYXJjaFRleHQQAhgEIAA,http://www.meijijingu.or.jp/,garden|tourist_attraction|point_of_interest|establishment,True,NA,high,0,15,20,12,2,5,0,65.943,"score=65.9/110; visitor=0, google=11.9, official=15, scale=20, metro=12, opening=2, mapping=5, penalty=0",No reliable annual visitor count found; included as representative tourism proxy.,way,297192269.0,NA,NA,garden,NA,Q6810040,en:Meiji Shrine Inner Garden,111.9
P0141,Mitsui Memorial Museum,G12,Mitsukoshimae,59.3,0.59909,35.6868356,139.7730738,tourism=museum,tourism=museum,12.9,4.3,1827.0,OSM,Mitsui Memorial Museum,Ginza,https://www.mitsui-museum.jp/,ChIJg3g_gVWJGGARpjEAinYaW5I,https://maps.google.com/?cid=10546052048841879974&g_mp=Cidnb29nbGUubWFwcy5wbGFjZXMudjEuUGxhY2VzLlNlYXJjaFRleHQQAhgEIAA,https://www.mitsui-museum.jp/,art_museum|museum|point_of_interest|establishment,True,NA,high,0,15,16,15,2,5,0,65.9,"score=65.9/110; visitor=0, google=12.9, official=15, scale=16, metro=15, opening=2, mapping=5, penalty=0",No reliable annual visitor count found; included as representative tourism proxy.,node,1420765471.0,museum,NA,NA,NA,Q864700,en:Mitsui Memorial Museum,55.2
P0142,Roppongi Hills Lighting,H04,Roppongi,419.0,0.598778,35.65918,139.7298671,tourism=attraction,tourism=attraction,11.866,4.1,1000.0,OSM,六本木ヒルズイルミネーション,Hibiya,http://www.roppongihills.com/facilities/arena/,ChIJ_aUjTnaLGGARucw6DTL3hq0,https://maps.google.com/?cid=12503953209783143609&g_mp=Cidnb29nbGUubWFwcy5wbGFjZXMudjEuUGxhY2VzLlNlYXJjaFRleHQQAhgEIAA,http://www.roppongihills.com/facilities/arena/,event_venue|point_of_interest|establishment,True,NA,high,0,15,20,12,2,5,0,65.866,"score=65.9/110; visitor=0, google=11.9, official=15, scale=20, metro=12, opening=2, mapping=5, penalty=0",No reliable annual visitor count found; included as representative tourism proxy.,node,6127216097.0,attraction,NA,NA,NA,NA,NA,62.4
P0143,Sumida River Walk,Z11,KiyosumiShirakawa,580.2,0.5,35.6831807,139.7935518,tourism=viewpoint,tourism=viewpoint,0.0,4.5,520.0,OSM,Sumida River Walk,Hanzomon,https://www.gotokyo.org/jp/spot/1795/index.html,ChIJhdlgYmmPGGARQLJt3cGn6pk,https://maps.google.com/?cid=11090861483438748224&g_mp=Cidnb29nbGUubWFwcy5wbGFjZXMudjEuUGxhY2VzLlNlYXJjaFRleHQQAhgEIAA,https://www.gotokyo.org/jp/spot/1795/index.html,bridge|transportation_service|point_of_interest|establishment,True,NA,high,0,20,16,12,2,5,0,55.0,"score=55.0/110; visitor=0, google=0.0, official=20, scale=16, metro=12, opening=2, mapping=5, penalty=0",No reliable annual visitor count found; included as representative tourism proxy. Google Places match is 3279m from original POI coordinate; popularity score set to 0 due to location mismatch.,node,6127220885.0,viewpoint,NA,NA,NA,NA,NA,3279.4
P0144,Sumida River Walk,Z10,Suitengumae,608.3,0.5,35.6803769,139.7910809,tourism=viewpoint,tourism=viewpoint,0.0,4.5,520.0,OSM,Sumida River Walk,Hanzomon,https://www.gotokyo.org/jp/spot/1795/index.html,ChIJhdlgYmmPGGARQLJt3cGn6pk,https://maps.google.com/?cid=11090861483438748224&g_mp=Cidnb29nbGUubWFwcy5wbGFjZXMudjEuUGxhY2VzLlNlYXJjaFRleHQQAhgEIAA,https://www.gotokyo.org/jp/spot/1795/index.html,bridge|transportation_service|point_of_interest|establishment,True,NA,high,0,20,16,12,2,5,0,55.0,"score=55.0/110; visitor=0, google=0.0, official=20, scale=16, metro=12, opening=2, mapping=5, penalty=0",No reliable annual visitor count found; included as representative tourism proxy. Google Places match is 3633m from original POI coordinate; popularity score set to 0 due to location mismatch.,node,6127216093.0,viewpoint,NA,NA,NA,NA,NA,3633.5
P0145,Sumida River Walk,Z10,Suitengumae,697.1,0.5,35.6775433,139.7889714,tourism=viewpoint,tourism=viewpoint,0.0,4.5,520.0,OSM,Sumida River Walk,Hanzomon,https://www.gotokyo.org/jp/spot/1795/index.html,ChIJhdlgYmmPGGARQLJt3cGn6pk,https://maps.google.com/?cid=11090861483438748224&g_mp=Cidnb29nbGUubWFwcy5wbGFjZXMudjEuUGxhY2VzLlNlYXJjaFRleHQQAhgEIAA,https://www.gotokyo.org/jp/spot/1795/index.html,bridge|transportation_service|point_of_interest|establishment,True,NA,high,0,20,16,12,2,5,0,55.0,"score=55.0/110; visitor=0, google=0.0, official=20, scale=16, metro=12, opening=2, mapping=5, penalty=0",No reliable annual visitor count found; included as representative tourism proxy. Google Places match is 3987m from original POI coordinate; popularity score set to 0 due to location mismatch.,node,6127218489.0,viewpoint,NA,NA,NA,NA,NA,3987.2
P0146,East-Ikebukuro Park,Y10,HigashiIkebukuro,598.3,0.596371,35.7312688,139.7178641,leisure=park,leisure=park,11.601,3.7,857.0,OSM,東池袋公園,Yurakucho,http://www.city.toshima.lg.jp/340/shisetsu/koen/022.html,ChIJibKDcm-NGGARKgwl3cYaJpE,https://maps.google.com/?cid=10459076626030595114&g_mp=Cidnb29nbGUubWFwcy5wbGFjZXMudjEuUGxhY2VzLlNlYXJjaFRleHQQAhgEIAA,http://www.city.toshima.lg.jp/340/shisetsu/koen/022.html,park|tourist_attraction|point_of_interest|establishment,True,NA,high,0,15,20,12,2,5,0,65.601,"score=65.6/110; visitor=0, google=11.6, official=15, scale=20, metro=12, opening=2, mapping=5, penalty=0",No reliable annual visitor count found; included as representative tourism proxy.,way,627528740.0,NA,NA,park,NA,NA,NA,144.2
P0147,Higashiikebukuro Central Park,Y10,HigashiIkebukuro,464.8,0.596371,35.7301284,139.7187189,leisure=park,leisure=park,11.601,3.7,857.0,OSM,東池袋中央公園,Yurakucho,http://www.city.toshima.lg.jp/340/shisetsu/koen/022.html,ChIJibKDcm-NGGARKgwl3cYaJpE,https://maps.google.com/?cid=10459076626030595114&g_mp=Cidnb29nbGUubWFwcy5wbGFjZXMudjEuUGxhY2VzLlNlYXJjaFRleHQQAhgEIAA,http://www.city.toshima.lg.jp/340/shisetsu/koen/022.html,park|tourist_attraction|point_of_interest|establishment,True,NA,high,0,15,20,12,2,5,0,65.601,"score=65.6/110; visitor=0, google=11.6, official=15, scale=20, metro=12, opening=2, mapping=5, penalty=0",No reliable annual visitor count found; included as representative tourism proxy.,way,311069857.0,NA,NA,park,NA,Q11527573,ja:東池袋中央公園,4.2
P0148,Mikado Game Center,T03,Takadanobaba,157.5,0.595908,35.7127292,139.7034384,tourism=attraction,tourism=attraction,12.55,4.5,1490.0,OSM,Mikado Game Center,Tozai,http://mi-ka-do.net/,ChIJzyCiozmNGGARgUHWRX2ul5s,https://maps.google.com/?cid=11211621650427953537&g_mp=Cidnb29nbGUubWFwcy5wbGFjZXMudjEuUGxhY2VzLlNlYXJjaFRleHQQAhgEIAA,http://mi-ka-do.net/,video_arcade|point_of_interest|establishment,True,NA,high,0,15,16,15,2,5,0,65.55,"score=65.5/110; visitor=0, google=12.5, official=15, scale=16, metro=15, opening=2, mapping=5, penalty=0",No reliable annual visitor count found; included as representative tourism proxy.,node,10794940806.0,attraction,NA,NA,NA,Q28690678,ja:ミカド (ゲームセンター),1.6
P0149,Tokyo Metropolitan Government Office - North Observatory Deck,M07,NishiShinjuku,518.7,0.595823,35.6899139,139.6916135,tourism=viewpoint,tourism=viewpoint,15.541,4.5,8505.0,OSM,東京都庁展望室 北,Marunouchi,https://www.zaimu.metro.tokyo.lg.jp/tochousha/goannai/tenbou,ChIJnctryNSMGGARLv4MknPFseU,https://maps.google.com/?cid=16551227205725519406&g_mp=Cidnb29nbGUubWFwcy5wbGFjZXMudjEuUGxhY2VzLlNlYXJjaFRleHQQAhgEIAA,https://www.zaimu.metro.tokyo.lg.jp/tochousha/goannai/tenbou,observation_deck|tourist_attraction|point_of_interest|establishment,True,NA,high,0,15,16,12,2,5,0,65.541,"score=65.5/110; visitor=0, google=15.5, official=15, scale=16, metro=12, opening=2, mapping=5, penalty=0",No reliable annual visitor count found; included as representative tourism proxy.,node,2388566136.0,viewpoint,NA,NA,NA,NA,NA,20.5
P0150,The Baseball Hall of Fame And Museum,M22,Korakuen,266.0,0.595633,35.7055787,139.7528979,tourism=museum,tourism=museum,12.52,4.4,1464.0,OSM,The Baseball Hall of Fame And Museum,Marunouchi,http://baseball-museum.or.jp/,ChIJgWbqgkeMGGARCwWTJvxk9JA,https://maps.google.com/?cid=10445084469920728331&g_mp=Cidnb29nbGUubWFwcy5wbGFjZXMudjEuUGxhY2VzLlNlYXJjaFRleHQQAhgEIAA,http://baseball-museum.or.jp/,museum|tourist_attraction|point_of_interest|establishment,True,NA,high,0,15,16,15,2,5,0,65.52,"score=65.5/110; visitor=0, google=12.5, official=15, scale=16, metro=15, opening=2, mapping=5, penalty=0",No reliable annual visitor count found; included as representative tourism proxy.,node,1420799336.0,museum,NA,NA,NA,Q1134380,ja:野球殿堂博物館 (日本),4.0
P0151,National Showa Memorial Museum,Z06,Kudanshita,47.4,0.594311,35.6951109,139.7509066,tourism=museum,tourism=museum,12.374,4.0,1345.0,OSM,National Showa Memorial Museum,Hanzomon,http://www.showakan.go.jp/,ChIJP5nfE2uMGGARCD9T7XHuNb4,https://maps.google.com/?cid=13706123214052343560&g_mp=Cidnb29nbGUubWFwcy5wbGFjZXMudjEuUGxhY2VzLlNlYXJjaFRleHQQAhgEIAA,http://www.showakan.go.jp/,tourist_attraction|history_museum|museum|point_of_interest|establishment,True,NA,high,0,15,16,15,2,5,0,65.374,"score=65.4/110; visitor=0, google=12.4, official=15, scale=16, metro=15, opening=2, mapping=5, penalty=0",No reliable annual visitor count found; included as representative tourism proxy.,node,988763541.0,museum,NA,NA,NA,Q3788883,en:National Showa Memorial Museum,17.3
P0152,Intermediatheque,M17,Tokyo,212.9,0.594218,35.6800322,139.764534,tourism=museum,tourism=museum,12.364,4.6,1337.0,OSM,Intermediatheque,Marunouchi,http://www.intermediatheque.jp/,ChIJF5AiNPqLGGAR2igPgxC2_Kw,https://maps.google.com/?cid=12465038050689231066&g_mp=Cidnb29nbGUubWFwcy5wbGFjZXMudjEuUGxhY2VzLlNlYXJjaFRleHQQAhgEIAA,http://www.intermediatheque.jp/,tourist_attraction|museum|point_of_interest|establishment,True,NA,high,0,15,16,15,2,5,0,65.364,"score=65.4/110; visitor=0, google=12.4, official=15, scale=16, metro=15, opening=2, mapping=5, penalty=0",No reliable annual visitor count found; included as representative tourism proxy.,node,4272532291.0,museum,NA,NA,NA,NA,NA,14.6
P0153,Seikado bunko art museum,C10,Nijubashimae,194.8,0.594042,35.6787799,139.7614042,tourism=museum,tourism=museum,12.345,4.3,1322.0,OSM,静嘉堂文庫美術館,Chiyoda,https://www.seikado.or.jp/,ChIJz-ZkAQb0GGARLd-j4HlLkaM,https://maps.google.com/?cid=11786284686637260589&g_mp=Cidnb29nbGUubWFwcy5wbGFjZXMudjEuUGxhY2VzLlNlYXJjaFRleHQQAhgEIAA,https://www.seikado.or.jp/,art_museum|tourist_attraction|museum|point_of_interest|establishment,True,NA,high,0,15,16,15,2,5,0,65.345,"score=65.3/110; visitor=0, google=12.3, official=15, scale=16, metro=15, opening=2, mapping=5, penalty=0",No reliable annual visitor count found; included as representative tourism proxy.,node,11334772769.0,museum,NA,NA,NA,NA,NA,28.9
P0154,Yebisu Garden Place Winter Illumination,H02,Ebisu,641.2,0.593627,35.6427745,139.713476,tourism=attraction,tourism=attraction,15.299,4.1,7389.0,OSM,Yebisu Garden Place Winter Illumination,Hibiya,https://gardenplace.jp/,ChIJ3bRi2hWLGGARsMUFP7GRGBI,https://maps.google.com/?cid=1303952282576340400&g_mp=Cidnb29nbGUubWFwcy5wbGFjZXMudjEuUGxhY2VzLlNlYXJjaFRleHQQAhgEIAA,https://gardenplace.jp/,shopping_mall|point_of_interest|establishment,True,NA,high,0,15,16,12,2,5,0,65.299,"score=65.3/110; visitor=0, google=15.3, official=15, scale=16, metro=12, opening=2, mapping=5, penalty=0",No reliable annual visitor count found; included as representative tourism proxy.,node,6127216099.0,attraction,NA,NA,NA,NA,NA,45.3
P0155,Naka-Ikebukuro Park,F09,Ikebukuro,375.4,0.593612,35.7315925,139.7150147,leisure=park,leisure=park,11.297,3.5,718.0,OSM,中池袋公園,Fukutoshin,http://www.city.toshima.lg.jp/340/shisetsu/koen/020.html,ChIJi05dW2aNGGARdxGP5pBsUqc,https://maps.google.com/?cid=12056818522023465335&g_mp=Cidnb29nbGUubWFwcy5wbGFjZXMudjEuUGxhY2VzLlNlYXJjaFRleHQQAhgEIAA,http://www.city.toshima.lg.jp/340/shisetsu/koen/020.html,park|tourist_attraction|city_park|point_of_interest|establishment,True,NA,high,0,15,20,12,2,5,0,65.297,"score=65.3/110; visitor=0, google=11.3, official=15, scale=20, metro=12, opening=2, mapping=5, penalty=0",No reliable annual visitor count found; included as representative tourism proxy.,way,595622665.0,NA,NA,park,NA,NA,NA,1.3
P0156,Skytree viewing mirror,Z14,Oshiage,548.7,0.593349,35.7088781,139.8076793,tourism=attraction,tourism=attraction,11.268,4.4,706.0,OSM,Skytree viewing mirror,Hanzomon,https://www.tokyo-skytree.jp/,ChIJ-RuzASGPGGARlTmOgTcTmSw,https://maps.google.com/?cid=3213620938223270293&g_mp=Cidnb29nbGUubWFwcy5wbGFjZXMudjEuUGxhY2VzLlNlYXJjaFRleHQQAhgEIAA,https://www.tokyo-skytree.jp/,observation_deck|point_of_interest|establishment,True,NA,high,0,15,20,12,2,5,0,65.268,"score=65.3/110; visitor=0, google=11.3, official=15, scale=20, metro=12, opening=2, mapping=5, penalty=0",No reliable annual visitor count found; included as representative tourism proxy.,node,4562845191.0,attraction,NA,NA,NA,NA,NA,305.2
P0157,Mori Art Museum,H04,Roppongi,314.0,0.592965,35.660432,139.729261,tourism=museum,tourism=museum,15.226,4.3,7082.0,OSM,Mori Art Museum,Hibiya,https://www.mori.art.museum/jp/index.html,ChIJg5RCD3eLGGAR6dbIHRM98w8,https://maps.google.com/?cid=1149329482222982889&g_mp=Cidnb29nbGUubWFwcy5wbGFjZXMudjEuUGxhY2VzLlNlYXJjaFRleHQQAhgEIAA,https://www.mori.art.museum/jp/,art_museum|museum|point_of_interest|establishment,True,NA,high,0,15,16,12,2,5,0,65.226,"score=65.2/110; visitor=0, google=15.2, official=15, scale=16, metro=12, opening=2, mapping=5, penalty=0",No reliable annual visitor count found; included as representative tourism proxy.,node,1420786660.0,museum,NA,NA,NA,Q4410434,en:Mori Art Museum,3.7
P0158,Akihabara Neribei Park,G14,Suehirocho,228.0,0.592931,35.702154,139.774167,leisure=park,leisure=park,8.222,3.8,119.0,OSM,Akihabara Neribei Park,Ginza,https://www.city.taito.lg.jp/kenchiku/hanamidori/koen/shokai/koenshozaichi.html,ChIJ5wxSGKyPGGARjpGLtnrOO_o,https://maps.google.com/?cid=18031232559551844750&g_mp=Cidnb29nbGUubWFwcy5wbGFjZXMudjEuUGxhY2VzLlNlYXJjaFRleHQQAhgEIAA,https://www.city.taito.lg.jp/kenchiku/hanamidori/koen/shokai/koenshozaichi.html,park|point_of_interest|establishment,True,NA,high,0,15,20,15,2,5,0,65.222,"score=65.2/110; visitor=0, google=8.2, official=15, scale=20, metro=15, opening=2, mapping=5, penalty=0",No reliable annual visitor count found; included as representative tourism proxy.,way,175536527.0,NA,NA,park,NA,NA,NA,21.9
P0159,Seiko Museum,H09,Ginza,57.3,0.592374,35.6723712,139.7644242,tourism=museum,tourism=museum,12.161,4.6,1188.0,OSM,セイコーミュージアム,Hibiya,https://museum.seiko.co.jp,ChIJS1c9oWGLGGARgG_uEItN0aY,https://maps.google.com/?cid=12020474140108418944&g_mp=Cidnb29nbGUubWFwcy5wbGFjZXMudjEuUGxhY2VzLlNlYXJjaFRleHQQAhgEIAA,https://museum.seiko.co.jp/,museum|point_of_interest|establishment,True,NA,high,0,15,16,15,2,5,0,65.161,"score=65.2/110; visitor=0, google=12.2, official=15, scale=16, metro=15, opening=2, mapping=5, penalty=0",No reliable annual visitor count found; included as representative tourism proxy.,node,9210529918.0,museum,NA,NA,NA,NA,NA,2.6
P0160,Ginza Six Garden,G09,Ginza,243.0,0.59213,35.6697382,139.7637749,tourism=viewpoint,tourism=viewpoint,8.134,4.8,113.0,OSM,Ginza Six Garden,Ginza,https://ginza6.tokyo/welcome-to-gsix/day,ChIJ_wniXxmLGGARLgE_DYPbKiY,https://maps.google.com/?cid=2750251878372540718&g_mp=Cidnb29nbGUubWFwcy5wbGFjZXMudjEuUGxhY2VzLlNlYXJjaFRleHQQAhgEIAA,https://ginza6.tokyo/welcome-to-gsix/day,garden|point_of_interest|establishment,True,NA,high,0,15,20,15,2,5,0,65.134,"score=65.1/110; visitor=0, google=8.1, official=15, scale=20, metro=15, opening=2, mapping=5, penalty=0",No reliable annual visitor count found; included as representative tourism proxy.,node,12059958249.0,viewpoint,NA,NA,NA,NA,NA,35.0
P0161,Mitsubishi Ichigokan Museum / Marunouchi,C10,Nijubashimae,258.4,0.591968,35.6784739,139.763169,museum,art_museum|art_gallery|tourist_attraction|museum|point_of_interest|establishment,14.116,4.4,3711.0,curated_representative,三菱一号館美術館 / 丸の内,Chiyoda,https://mimt.jp/en/,ChIJuyY-ZfqLGGAREYR9A10IXPQ,https://maps.google.com/?cid=17607957838695334929&g_mp=Cidnb29nbGUubWFwcy5wbGFjZXMudjEuUGxhY2VzLlNlYXJjaFRleHQQAhgEIAA,http://mimt.jp/,art_museum|art_gallery|tourist_attraction|museum|point_of_interest|establishment,True,NA,high,0,20,6,15,5,5,0,65.116,"score=65.1/110; visitor=0, google=14.1, official=20, scale=6, metro=15, opening=5, mapping=5, penalty=0",Representative Marunouchi museum and shopping/dining cluster. No reliable annual visitor count found; included as representative tourism proxy.,NA,NA,NA,NA,NA,NA,NA,NA,16.2
P0162,Nezu Museum,G02,OmoteSando,542.8,0.591198,35.6621944,139.7173527,tourism=museum,tourism=museum,15.032,4.5,6324.0,OSM,Nezu Museum,Ginza,http://www.nezu-muse.or.jp/,ChIJxU48-2OLGGARHMtB5RAhytA,https://maps.google.com/?cid=15044873861634050844&g_mp=Cidnb29nbGUubWFwcy5wbGFjZXMudjEuUGxhY2VzLlNlYXJjaFRleHQQAhgEIAA,https://www.nezu-muse.or.jp/,art_museum|museum|point_of_interest|establishment,True,NA,high,0,15,16,12,2,5,0,65.032,"score=65.0/110; visitor=0, google=15.0, official=15, scale=16, metro=12, opening=2, mapping=5, penalty=0",No reliable annual visitor count found; included as representative tourism proxy.,way,139972313.0,museum,NA,NA,NA,Q1047097,ja:根津美術館,24.4
P0163,Chiikawa Park,Y10,HigashiIkebukuro,497.5,0.590761,35.7302409,139.7173053,tourism=theme_park,tourism=theme_park,10.984,4.1,598.0,OSM,ちいかわパーク,Yurakucho,https://chiikawapark-tokyo.jp/,ChIJa5c9bwCNGGARWkymSsTlccQ,https://maps.google.com/?cid=14155347735030942810&g_mp=Cidnb29nbGUubWFwcy5wbGFjZXMudjEuUGxhY2VzLlNlYXJjaFRleHQQAhgEIAA,https://chiikawapark-tokyo.jp/,amusement_park|amusement_center|point_of_interest|establishment,True,NA,high,0,15,20,12,2,5,0,64.984,"score=65.0/110; visitor=0, google=11.0, official=15, scale=20, metro=12, opening=2, mapping=5, penalty=0",No reliable annual visitor count found; included as representative tourism proxy.,node,13321786436.0,theme_park,NA,NA,NA,NA,NA,39.3
P0164,Kyu-Iwasaki-Tei Garden,C13,Yushima,358.6,0.590569,35.7095084,139.7678151,leisure=garden,leisure=garden,13.963,4.2,3393.0,OSM,Kyu-Iwasaki-Tei Garden,Chiyoda,https://www.tokyo-park.or.jp/park/format/index035.html,ChIJ7x2-BSSMGGARahVDg6WIAag,https://maps.google.com/?cid=12106107517801796970&g_mp=Cidnb29nbGUubWFwcy5wbGFjZXMudjEuUGxhY2VzLlNlYXJjaFRleHQQAhgEIAA,https://www.tokyo-park.or.jp/park/kyu-iwasaki-tei/index.html,garden|tourist_attraction|historical_landmark|historical_place|point_of_interest|establishment,True,NA,high,0,20,12,12,2,5,0,64.963,"score=65.0/110; visitor=0, google=14.0, official=20, scale=12, metro=12, opening=2, mapping=5, penalty=0",No reliable annual visitor count found; included as representative tourism proxy.,way,577424968.0,NA,NA,garden,NA,Q1358767,ja:旧岩崎邸庭園,53.4
P0165,LIXIL Gallery,G10,Kyobashi,158.5,0.481818,35.6753464,139.7695745,tourism=museum,tourism=museum,0.0,4.1,1053.0,OSM,LIXIL Gallery,Ginza,https://livingculture.lixil.com/gallery/,ChIJqzRct9TyGGARYQp2vROnP_c,https://maps.google.com/?cid=17816142354125818465&g_mp=Cidnb29nbGUubWFwcy5wbGFjZXMudjEuUGxhY2VzLlNlYXJjaFRleHQQAhgEIAA,https://www.lixil.co.jp/showroom/kanto/lixil_tokyo/,point_of_interest|establishment,True,NA,high,0,15,16,15,2,5,0,53.0,"score=53.0/110; visitor=0, google=0.0, official=15, scale=16, metro=15, opening=2, mapping=5, penalty=0",No reliable annual visitor count found; included as representative tourism proxy. Google Places match is 7506m from original POI coordinate; popularity score set to 0 due to location mismatch.,way,117928766.0,museum,NA,NA,NA,NA,NA,7506.3
P0166,Tokyo Station & Cat face Viewpoint 6F,M17,Tokyo,209.3,0.590299,35.6800689,139.7650998,tourism=viewpoint,tourism=viewpoint,11.933,4.4,1040.0,OSM,Tokyo Station & Cat face Viewpoint 6F,Marunouchi,http://jptower-kitte.jp/kittegarden/,ChIJtZRvRvqLGGARdS57rQP2NEk,https://maps.google.com/?cid=5275111559213559413&g_mp=Cidnb29nbGUubWFwcy5wbGFjZXMudjEuUGxhY2VzLlNlYXJjaFRleHQQAhgEIAA,http://jptower-kitte.jp/kittegarden/,observation_deck|tourist_attraction|point_of_interest|establishment,True,NA,high,0,15,16,15,2,5,0,64.933,"score=64.9/110; visitor=0, google=11.9, official=15, scale=16, metro=15, opening=2, mapping=5, penalty=0",No reliable annual visitor count found; included as representative tourism proxy.,node,12606699905.0,viewpoint,NA,NA,NA,NA,NA,67.2
P0167,Mitsuo Aida Museum,Y18,Yurakucho,260.5,0.589276,35.6774598,139.7645151,tourism=museum,tourism=museum,11.82,4.4,974.0,OSM,Mitsuo Aida Museum,Yurakucho,https://www.mitsuo.co.jp/museum/index.html,ChIJB_OLk_qLGGARuE5XtkZj8lU,https://maps.google.com/?cid=6193121592945888952&g_mp=Cidnb29nbGUubWFwcy5wbGFjZXMudjEuUGxhY2VzLlNlYXJjaFRleHQQAhgEIAA,http://www.mitsuo.co.jp/,art_museum|museum|point_of_interest|establishment,True,NA,high,0,15,16,15,2,5,0,64.82,"score=64.8/110; visitor=0, google=11.8, official=15, scale=16, metro=15, opening=2, mapping=5, penalty=0",No reliable annual visitor count found; included as representative tourism proxy.,node,3666894176.0,museum,NA,NA,NA,Q11582309,ja:相田みつを美術館,31.1
P0168,Gardens Free Guided Tour,C10,Nijubashimae,439.0,0.454545,35.6830719,139.7580866,tourism=attraction,tourism=attraction,0.0,5.0,5433.0,OSM,Gardens Free Guided Tour,Chiyoda,https://www.tokyolocalized.com/,ChIJT0NgR6eOGGARRQCUEuKhtCc,https://maps.google.com/?cid=2861089655633477701&g_mp=Cidnb29nbGUubWFwcy5wbGFjZXMudjEuUGxhY2VzLlNlYXJjaFRleHQQAhgEIAA,https://www.tokyolocalized.com/,tour_agency|travel_agency|service|point_of_interest|establishment,True,NA,high,0,15,16,12,2,5,0,50.0,"score=50.0/110; visitor=0, google=0.0, official=15, scale=16, metro=12, opening=2, mapping=5, penalty=0",No reliable annual visitor count found; included as representative tourism proxy. Google Places match is 2828m from original POI coordinate; popularity score set to 0 due to location mismatch.,node,4449910691.0,attraction,NA,NA,NA,NA,NA,2827.8
P0169,Alice on Wednesday,F15,MeijiJingumae,134.5,0.588689,35.6673035,139.7042469,tourism=attraction,tourism=attraction,11.756,4.1,938.0,OSM,Alice on Wednesday,Fukutoshin,https://www.aliceonwednesday.jp/,ChIJHwTnTaSMGGAR4KJ0aalZclQ,https://maps.google.com/?cid=6085024630684558048&g_mp=Cidnb29nbGUubWFwcy5wbGFjZXMudjEuUGxhY2VzLlNlYXJjaFRleHQQAhgEIAA,http://www.aliceonwednesday.jp/,general_store|pastry_shop|dessert_restaurant|bakery|dessert_shop|confectionery|food_store|store|restaurant|food|point_of_interest|establishment,True,NA,high,0,15,16,15,2,5,0,64.756,"score=64.8/110; visitor=0, google=11.8, official=15, scale=16, metro=15, opening=2, mapping=5, penalty=0",No reliable annual visitor count found; included as representative tourism proxy.,node,4460646696.0,attraction,NA,NA,NA,NA,NA,0.4
P0170,Aoyama St. Grace Cathedral,C04,OmoteSando,196.9,0.588353,35.6646235,139.7095717,tourism=attraction,tourism=attraction,11.719,4.2,918.0,OSM,Aoyama St. Grace Cathedral,Chiyoda,http://www.bestbridal.co.jp/tokyo/stgrace_aoyama/,ChIJidNSQ6CMGGARXqFP7_qy4aE,https://maps.google.com/?cid=11664801300692836702&g_mp=Cidnb29nbGUubWFwcy5wbGFjZXMudjEuUGxhY2VzLlNlYXJjaFRleHQQAhgEIAA,http://www.bestbridal.co.jp/tokyo/stgrace_aoyama/,wedding_venue|event_venue|service|point_of_interest|establishment,True,NA,high,0,15,16,15,2,5,0,64.719,"score=64.7/110; visitor=0, google=11.7, official=15, scale=16, metro=15, opening=2, mapping=5, penalty=0",No reliable annual visitor count found; included as representative tourism proxy.,node,4439024091.0,attraction,NA,NA,NA,NA,NA,3.6
P0171,Konica Minolta Planetaria Tokyo,M16,Ginza,136.1,0.588284,35.6735636,139.7624539,tourism=attraction,tourism=attraction,11.711,3.8,914.0,OSM,Konica Minolta Planetaria Tokyo,Marunouchi,https://planetarium.konicaminolta.jp/planetariatokyo/,ChIJ0b8nPiWLGGAR0amvDvu2s2c,https://maps.google.com/?cid=7472517396137224657&g_mp=Cidnb29nbGUubWFwcy5wbGFjZXMudjEuUGxhY2VzLlNlYXJjaFRleHQQAhgEIAA,https://planetarium.konicaminolta.jp/planetariatokyo/,planetarium|indoor_playground|playground|amusement_center|point_of_interest|establishment,True,NA,high,0,15,16,15,2,5,0,64.711,"score=64.7/110; visitor=0, google=11.7, official=15, scale=16, metro=15, opening=2, mapping=5, penalty=0",No reliable annual visitor count found; included as representative tourism proxy.,node,12318738602.0,attraction,NA,NA,NA,NA,NA,12.7
P0172,Tokyo Ramen Street,M17,Tokyo,327.6,0.587772,35.6803754,139.7678774,tourism=attraction,tourism=attraction,14.655,4.0,5078.0,OSM,東京ラーメンストリート,Marunouchi,https://www.tokyoeki-1bangai.co.jp/street/ramen/,ChIJGeYlX_mLGGARwsJahMe-XZg,https://maps.google.com/?cid=10979141230727447234&g_mp=Cidnb29nbGUubWFwcy5wbGFjZXMudjEuUGxhY2VzLlNlYXJjaFRleHQQAhgEIAA,https://www.tokyoeki-1bangai.co.jp/shop/?area=area3&floor=b1f&anchor=1,ramen_restaurant|japanese_restaurant|restaurant|food|point_of_interest|establishment,True,NA,high,0,15,16,12,2,5,0,64.655,"score=64.7/110; visitor=0, google=14.7, official=15, scale=16, metro=12, opening=2, mapping=5, penalty=0",No reliable annual visitor count found; included as representative tourism proxy.,node,4646514992.0,attraction,NA,NA,food_court,Q11524461,ja:東京ラーメンストリート,11.6
P0173,Meiji Shrine Museum,C03,MeijiJingumae,390.2,0.5874,35.6723145,139.7021481,tourism=museum,tourism=museum,10.614,4.2,482.0,OSM,Meiji Shrine Museum,Chiyoda,https://www.meijijingu.or.jp/museum/,ChIJw-yvkzeNGGARjGUxRzKNPKQ,https://maps.google.com/?cid=11834489167905121676&g_mp=Cidnb29nbGUubWFwcy5wbGFjZXMudjEuUGxhY2VzLlNlYXJjaFRleHQQAhgEIAA,https://www.meijijingu.or.jp/museum/,museum|point_of_interest|establishment,True,NA,high,0,15,20,12,2,5,0,64.614,"score=64.6/110; visitor=0, google=10.6, official=15, scale=20, metro=12, opening=2, mapping=5, penalty=0",No reliable annual visitor count found; included as representative tourism proxy.,way,1135849071.0,museum,NA,NA,NA,Q127692420,NA,2.7
P0174,YEBISU BREWERY TOKYO,H02,Ebisu,686.7,0.586354,35.643088,139.714541,tourism=museum,tourism=museum,14.499,4.3,4637.0,OSM,YEBISU BREWERY TOKYO,Hibiya,https://www.sapporobeer.jp/brewery/y_museum/,ChIJY24wMRSLGGARdbDv6D2KdHE,https://maps.google.com/?cid=8175311222089953397&g_mp=Cidnb29nbGUubWFwcy5wbGFjZXMudjEuUGxhY2VzLlNlYXJjaFRleHQQAhgEIAA,http://www.sapporobeer.jp/brewery/y_museum/index.html,museum|tourist_attraction|bar|point_of_interest|establishment,True,NA,high,0,15,16,12,2,5,0,64.499,"score=64.5/110; visitor=0, google=14.5, official=15, scale=16, metro=12, opening=2, mapping=5, penalty=0",No reliable annual visitor count found; included as representative tourism proxy.,node,1420780290.0,museum,NA,NA,NA,NA,NA,22.2
P0175,National Film Archive of Japan,G10,Kyobashi,135.1,0.586343,35.6755738,139.7706589,tourism=museum,tourism=museum,11.498,4.3,807.0,OSM,National Film Archive of Japan,Ginza,https://www.nfaj.go.jp/,ChIJDTEgTOKLGGARRjeD6dnAoVY,https://maps.google.com/?cid=6242482600670345030&g_mp=Cidnb29nbGUubWFwcy5wbGFjZXMudjEuUGxhY2VzLlNlYXJjaFRleHQQAhgEIAA,http://www.nfaj.go.jp/,museum|movie_theater|tourist_attraction|art_museum|point_of_interest|establishment,True,NA,high,0,15,16,15,2,5,0,64.498,"score=64.5/110; visitor=0, google=11.5, official=15, scale=16, metro=15, opening=2, mapping=5, penalty=0",No reliable annual visitor count found; included as representative tourism proxy.,node,1420789601.0,museum,NA,NA,NA,Q51371009,en:National Film Archive of Japan,8.1
P0176,Minato City Local History Museum,N02,Shirokanedai,155.3,0.58555,35.639067,139.7264988,tourism=museum,tourism=museum,11.411,4.3,767.0,OSM,Minato City Local History Museum,Namboku,https://www.minato-rekishi.com/,ChIJRalaHwSLGGARjQinSKHPQCs,https://maps.google.com/?cid=3116719233755973773&g_mp=Cidnb29nbGUubWFwcy5wbGFjZXMudjEuUGxhY2VzLlNlYXJjaFRleHQQAhgEIAA,https://www.minato-rekishi.com/,museum|point_of_interest|establishment,True,NA,high,0,15,16,15,2,5,0,64.411,"score=64.4/110; visitor=0, google=11.4, official=15, scale=16, metro=15, opening=2, mapping=5, penalty=0",No reliable annual visitor count found; included as representative tourism proxy.,way,1347559499.0,museum,NA,NA,NA,Q115212362,ja:港区立郷土歴史館,32.7
P0177,Japan Traditional Crafts Centre,Y09,Ikebukuro,148.0,0.481818,35.7288374,139.7093019,tourism=museum,tourism=museum,0.0,4.5,761.0,OSM,伝統工芸 青山スクエア,Yurakucho,https://kougeihin.jp/,ChIJ91khboGMGGARBo42MbnQzg8,https://maps.google.com/?cid=1139077249584500230&g_mp=Cidnb29nbGUubWFwcy5wbGFjZXMudjEuUGxhY2VzLlNlYXJjaFRleHQQAhgEIAA,https://kougeihin.jp/,point_of_interest|establishment,True,NA,high,0,15,16,15,2,5,0,53.0,"score=53.0/110; visitor=0, google=0.0, official=15, scale=16, metro=15, opening=2, mapping=5, penalty=0",No reliable annual visitor count found; included as representative tourism proxy. Google Places match is 6374m from original POI coordinate; popularity score set to 0 due to location mismatch.,node,251055430.0,museum,NA,NA,NA,NA,NA,6374.0
P0178,Stone Lanterns on Omotesandō at Aoyama Dōri,Z02,OmoteSando,22.2,0.481818,35.6652294,139.7121609,tourism=attraction,tourism=attraction,0.0,4.5,761.0,OSM,表参道の石灯籠,Hanzomon,https://kougeihin.jp/,ChIJ91khboGMGGARBo42MbnQzg8,https://maps.google.com/?cid=1139077249584500230&g_mp=Cidnb29nbGUubWFwcy5wbGFjZXMudjEuUGxhY2VzLlNlYXJjaFRleHQQAhgEIAA,https://kougeihin.jp/,point_of_interest|establishment,True,NA,high,0,15,16,15,2,5,0,53.0,"score=53.0/110; visitor=0, google=0.0, official=15, scale=16, metro=15, opening=2, mapping=5, penalty=0",No reliable annual visitor count found; included as representative tourism proxy. Google Places match is 1670m from original POI coordinate; popularity score set to 0 due to location mismatch.,way,819966512.0,attraction,NA,NA,NA,NA,NA,1670.3
P0179,Stone Lanterns on Omotesandō at Aoyama Dōri,Z02,OmoteSando,32.0,0.481818,35.6654252,139.7123143,tourism=attraction,tourism=attraction,0.0,4.5,761.0,OSM,表参道の石灯籠,Hanzomon,https://kougeihin.jp/,ChIJ91khboGMGGARBo42MbnQzg8,https://maps.google.com/?cid=1139077249584500230&g_mp=Cidnb29nbGUubWFwcy5wbGFjZXMudjEuUGxhY2VzLlNlYXJjaFRleHQQAhgEIAA,https://kougeihin.jp/,point_of_interest|establishment,True,NA,high,0,15,16,15,2,5,0,53.0,"score=53.0/110; visitor=0, google=0.0, official=15, scale=16, metro=15, opening=2, mapping=5, penalty=0",No reliable annual visitor count found; included as representative tourism proxy. Google Places match is 1647m from original POI coordinate; popularity score set to 0 due to location mismatch.,way,819966511.0,attraction,NA,NA,NA,NA,NA,1646.8
P0180,Akasaka Gyoen,Z03,AoyamaItchome,564.6,0.418182,35.6770269,139.7278105,leisure=garden,leisure=garden,0.0,4.6,44744.0,OSM,赤坂御苑,Hanzomon,https://www.env.go.jp/garden/shinjukugyoen/index.html,ChIJPyOTG8KMGGARh_IXobWxHmo,https://maps.google.com/?cid=7646744610971579015&g_mp=Cidnb29nbGUubWFwcy5wbGFjZXMudjEuUGxhY2VzLlNlYXJjaFRleHQQAhgEIAA,https://www.env.go.jp/garden/shinjukugyoen/index.html,garden|tourist_attraction|state_park|playground|park|point_of_interest|establishment,True,NA,high,0,15,12,12,2,5,0,46.0,"score=46.0/110; visitor=0, google=0.0, official=15, scale=12, metro=12, opening=2, mapping=5, penalty=0",No reliable annual visitor count found; included as representative tourism proxy. Google Places match is 1842m from original POI coordinate; popularity score set to 0 due to location mismatch.,way,145119444.0,NA,NA,garden,NA,NA,NA,1842.3
P0181,Science Museum,T08,Takebashi,432.9,0.585147,35.6915625,139.7530799,tourism=museum,tourism=museum,14.366,4.1,4292.0,OSM,Science Museum,Tozai,https://www.jsf.or.jp/,ChIJdfZ2xRKMGGARQSyxv6wfzw8,https://maps.google.com/?cid=1139164057558920257&g_mp=Cidnb29nbGUubWFwcy5wbGFjZXMudjEuUGxhY2VzLlNlYXJjaFRleHQQAhgEIAA,https://www.jsf.or.jp/,tourist_attraction|museum|point_of_interest|establishment,True,NA,high,0,15,16,12,2,5,0,64.366,"score=64.4/110; visitor=0, google=14.4, official=15, scale=16, metro=12, opening=2, mapping=5, penalty=0",No reliable annual visitor count found; included as representative tourism proxy.,way,43898324.0,museum,NA,NA,NA,Q10855424,ja:科学技術館,3.1
P0182,Godzilla Store,F13,ShinjukuSanchome,129.5,0.584499,35.69017,139.7060551,tourism=attraction,tourism=attraction,11.295,4.3,717.0,OSM,Godzilla Store,Fukutoshin,https://godzilla.store/tokyo/,ChIJEQrVRNuMGGARJk8t1r_5zt4,https://maps.google.com/?cid=16055044323949760294&g_mp=Cidnb29nbGUubWFwcy5wbGFjZXMudjEuUGxhY2VzLlNlYXJjaFRleHQQAhgEIAA,http://godzilla.store/tokyo/,toy_store|store|point_of_interest|establishment,True,NA,high,0,15,16,15,2,5,0,64.295,"score=64.3/110; visitor=0, google=11.3, official=15, scale=16, metro=15, opening=2, mapping=5, penalty=0",No reliable annual visitor count found; included as representative tourism proxy.,node,6127218291.0,attraction,NA,NA,NA,NA,NA,0.6
P0183,Creative Museum Tokyo,G10,Kyobashi,214.2,0.584236,35.6781695,139.7716493,tourism=museum,tourism=museum,11.266,4.2,705.0,OSM,Creative Museum Tokyo,Ginza,https://www.creative-museum.tokyo/,ChIJocRqFr-LGGARmVhVGLXS0L0,https://maps.google.com/?cid=13677663743563356313&g_mp=Cidnb29nbGUubWFwcy5wbGFjZXMudjEuUGxhY2VzLlNlYXJjaFRleHQQAhgEIAA,https://creative-museum.tokyo/,museum|art_gallery|art_museum|point_of_interest|establishment,True,NA,high,0,15,16,15,2,5,0,64.266,"score=64.3/110; visitor=0, google=11.3, official=15, scale=16, metro=15, opening=2, mapping=5, penalty=0",No reliable annual visitor count found; included as representative tourism proxy.,node,12767832234.0,museum,NA,NA,NA,NA,NA,15.3
P0184,Cherry Blossom Viewing,N01,Meguro,483.1,0.583728,35.6338144,139.7105706,tourism=attraction,tourism=attraction,14.21,4.4,3919.0,OSM,Cherry Blossom Viewing,Namboku,https://tokyo-meguro.net/megurogawanosakuranamiki/,ChIJNVZtkB-LGGAR6Pz2MxHkSFY,https://maps.google.com/?cid=6217470048122371304&g_mp=Cidnb29nbGUubWFwcy5wbGFjZXMudjEuUGxhY2VzLlNlYXJjaFRleHQQAhgEIAA,https://tokyo-meguro.net/megurogawanosakuranamiki/,scenic_spot|tourist_attraction|point_of_interest|establishment,True,NA,high,0,15,16,12,2,5,0,64.21,"score=64.2/110; visitor=0, google=14.2, official=15, scale=16, metro=12, opening=2, mapping=5, penalty=0",No reliable annual visitor count found; included as representative tourism proxy.,node,6309003795.0,attraction,NA,NA,NA,NA,NA,293.0
P0185,Kappabashi Kitchenware Town,G18,Tawaramachi,502.1,0.583405,35.7142625,139.7887938,shopping_street,tourist_attraction|market|point_of_interest|establishment,16.175,4.3,12303.0,curated_representative,合羽橋道具街,Ginza,https://www.kappabashi.or.jp/en/,ChIJXYV-6JWOGGAR85vIZbM1RCE,https://maps.google.com/?cid=2397099946291010547&g_mp=Cidnb29nbGUubWFwcy5wbGFjZXMudjEuUGxhY2VzLlNlYXJjaFRleHQQAhgEIAA,http://www.kappabashi.or.jp/,tourist_attraction|market|point_of_interest|establishment,True,NA,high,0,15,12,12,4,5,0,64.175,"score=64.2/110; visitor=0, google=16.2, official=15, scale=12, metro=12, opening=4, mapping=5, penalty=0","Opening hours are coarse modeling assumptions for a district, facility, or variable schedule. No reliable annual visitor count found; included as representative tourism proxy. Opening hours are coarse modeling assumptions for a district, commercial area, or variable facility schedule.",NA,NA,NA,NA,NA,NA,NA,NA,416.3
P0186,Cherry Blossom Viewing,Z06,Kudanshita,485.4,0.583036,35.6922741,139.7474966,tourism=attraction,tourism=attraction,14.134,4.2,3749.0,OSM,Cherry Blossom Viewing,Hanzomon,https://www.env.go.jp/garden/kokyogaien/2_guide/kitanomarukoen_area_guide_map.html,ChIJdY2VgwCNGGARk0lN_mSDtuU,https://maps.google.com/?cid=16552561950233282963&g_mp=Cidnb29nbGUubWFwcy5wbGFjZXMudjEuUGxhY2VzLlNlYXJjaFRleHQQAhgEIAA,https://www.env.go.jp/garden/kokyogaien/2_guide/kitanomarukoen_area_guide_map.html,national_park|park|point_of_interest|establishment,True,NA,high,0,15,16,12,2,5,0,64.134,"score=64.1/110; visitor=0, google=14.1, official=15, scale=16, metro=12, opening=2, mapping=5, penalty=0",No reliable annual visitor count found; included as representative tourism proxy.,node,6309003796.0,attraction,NA,NA,NA,NA,NA,277.1
P0187,RETRO:G Retro Games (GiGO 6F),G14,Suehirocho,403.1,0.582885,35.6992152,139.7709513,tourism=attraction,tourism=attraction,14.117,4.1,3713.0,OSM,RETRO:G Retro Games (GiGO 6F),Ginza,https://tempo.gendagigo.jp/retrog/,ChIJR-PMBx2MGGARPFrgtULaJB0,https://maps.google.com/?cid=2100043306315569724&g_mp=Cidnb29nbGUubWFwcy5wbGFjZXMudjEuUGxhY2VzLlNlYXJjaFRleHQQAhgEIAA,https://www.gigo.co.jp/shops/akihabara3/?utm_campaign=mov&utm_medium=GBP&utm_source=website-button,video_arcade|point_of_interest|establishment,True,NA,high,0,15,16,12,2,5,0,64.117,"score=64.1/110; visitor=0, google=14.1, official=15, scale=16, metro=12, opening=2, mapping=5, penalty=0",No reliable annual visitor count found; included as representative tourism proxy.,node,10799656705.0,attraction,NA,NA,NA,NA,NA,3.4
P0188,Crossing View & Rooftop Lounge MAG8,Z01,Shibuya,29.1,0.582752,35.6596594,139.7008409,tourism=viewpoint,tourism=viewpoint,11.103,4.0,641.0,OSM,Crossing View & Rooftop Lounge MAG8,Hanzomon,https://magnetbyshibuya109.jp/shop/shibuya-mag8,ChIJdYXh9pOLGGAR_bVOkC6n0T8,https://maps.google.com/?cid=4598640512953398781&g_mp=Cidnb29nbGUubWFwcy5wbGFjZXMudjEuUGxhY2VzLlNlYXJjaFRleHQQAhgEIAA,https://magnetbyshibuya109.jp/MAG8/,observation_deck|restaurant|food|point_of_interest|establishment,True,NA,high,0,15,16,15,2,5,0,64.103,"score=64.1/110; visitor=0, google=11.1, official=15, scale=16, metro=15, opening=2, mapping=5, penalty=0",No reliable annual visitor count found; included as representative tourism proxy.,node,12417634001.0,viewpoint,NA,NA,NA,NA,NA,1.8
P0189,"Museum of the Imperial Collections, Sannomaru Shozokan",C11,Otemachi,417.2,0.582507,35.6865373,139.7589461,museum_historic_site,tourist_attraction|art_museum|museum|point_of_interest|establishment,11.076,4.2,631.0,curated_representative,皇居三の丸尚蔵館,Chiyoda,https://shozokan.nich.go.jp/en/,ChIJPfFaQhOMGGARTfig6X5OJvM,https://maps.google.com/?cid=17520777707323979853&g_mp=Cidnb29nbGUubWFwcy5wbGFjZXMudjEuUGxhY2VzLlNlYXJjaFRleHQQAhgEIAA,https://shozokan.nich.go.jp/,tourist_attraction|art_museum|museum|point_of_interest|establishment,True,NA,high,0,20,12,12,4,5,0,64.076,"score=64.1/110; visitor=0, google=11.1, official=20, scale=12, metro=12, opening=4, mapping=5, penalty=0",Imperial Palace cultural attraction near Otemachi/Takebashi. No reliable annual visitor count found; included as representative tourism proxy.,NA,NA,NA,NA,NA,NA,NA,NA,29.6
P0190,KIMONO RENTAL TOKYO MAIKOYA Asakusa,G18,Tawaramachi,301.2,0.582268,35.7119207,139.7925502,tourism=attraction,tourism=attraction,14.049,5.0,3569.0,OSM,KIMONO RENTAL TOKYO MAIKOYA Asakusa,Ginza,https://mai-ko.com/,ChIJXSg6T06NGGARsLq_Vmf8tnI,https://maps.google.com/?cid=8266071686852360880&g_mp=Cidnb29nbGUubWFwcy5wbGFjZXMudjEuUGxhY2VzLlNlYXJjaFRleHQQAhgEIAA,https://mai-ko.com/,tea_house|point_of_interest|establishment,True,NA,high,0,15,16,12,2,5,0,64.049,"score=64.0/110; visitor=0, google=14.0, official=15, scale=16, metro=12, opening=2, mapping=5, penalty=0",No reliable annual visitor count found; included as representative tourism proxy.,node,12850213779.0,attraction,NA,NA,NA,NA,NA,21.6
P0191,KIMONO TEA CEREMONY MAIKOYA TOKYO,G18,Tawaramachi,300.8,0.582268,35.7119393,139.7925193,tourism=attraction,tourism=attraction,14.049,5.0,3569.0,OSM,KIMONO TEA CEREMONY MAIKOYA TOKYO,Ginza,https://mai-ko.com/,ChIJXSg6T06NGGARsLq_Vmf8tnI,https://maps.google.com/?cid=8266071686852360880&g_mp=Cidnb29nbGUubWFwcy5wbGFjZXMudjEuUGxhY2VzLlNlYXJjaFRleHQQAhgEIAA,https://mai-ko.com/,tea_house|point_of_interest|establishment,True,NA,high,0,15,16,12,2,5,0,64.049,"score=64.0/110; visitor=0, google=14.0, official=15, scale=16, metro=12, opening=2, mapping=5, penalty=0",No reliable annual visitor count found; included as representative tourism proxy.,node,12850287785.0,attraction,NA,NA,NA,NA,NA,24.5
P0192,Cat Street / Ura-Harajuku,F15,MeijiJingumae,167.5,0.581818,35.666977,139.7063131,shopping_street,route,0.0,NA,NA,curated_representative,キャットストリート / 裏原宿,Fukutoshin,https://www.gotokyo.org/en/destinations/western-tokyo/harajuku/index.html,EihDYXQgU3QsIEppbmfFq21hZSwgU2hpYnV5YSwgVG9reW8sIEphcGFuIi4qLAoUChIJ17kZCKOMGGAR0ANFBM3oK0YSFAoSCdFdQJ9lYxhgEfTX4KugEGp8,https://maps.google.com/?q=%E6%97%A5%E6%9C%AC%E3%80%81%E6%9D%B1%E4%BA%AC%E9%83%BD%E6%B8%8B%E8%B0%B7%E5%8C%BA%E7%A5%9E%E5%AE%AE%E5%89%8D+%E6%97%A7%E6%B8%8B%E8%B0%B7%E5%B7%9D%E9%81%8A%E6%AD%A9%E9%81%93%E8%B7%AF&ftid=0x60188ca30819b9d7:0x462be8cd044503d0&g_mp=Cidnb29nbGUubWFwcy5wbGFjZXMudjEuUGxhY2VzLlNlYXJjaFRleHQQAhgEIAA,NA,route,True,NA,high,0,20,20,15,4,5,0,64.0,"score=64.0/110; visitor=0, google=0.0, official=20, scale=20, metro=15, opening=4, mapping=5, penalty=0",Representative Harajuku-Omotesando shopping corridor; may overlap with Takeshita/Meiji-jingumae cluster. No reliable annual visitor count found; included as representative tourism proxy. Opening hours are coarse modeling assumptions for a district or commercial area.,NA,NA,NA,NA,NA,NA,NA,NA,373.2
P0193,Takeshita Street / Harajuku,C03,MeijiJingumae,285.9,0.581818,35.6715932,139.7030663,shopping_street,route,0.0,NA,NA,curated_representative,竹下通り / 原宿,Chiyoda,https://www.gotokyo.org/en/destinations/western-tokyo/harajuku/index.html,ChIJlVne8bqMGGARtX5O6ojMvsI,https://maps.google.com/?cid=14032878377351675573&g_mp=Cidnb29nbGUubWFwcy5wbGFjZXMudjEuUGxhY2VzLlNlYXJjaFRleHQQAhgEIAA,NA,route,True,NA,high,0,20,20,15,4,5,0,64.0,"score=64.0/110; visitor=0, google=0.0, official=20, scale=20, metro=15, opening=4, mapping=5, penalty=0","Opening hours are coarse modeling assumptions for a district, facility, or variable schedule. No reliable annual visitor count found; included as representative tourism proxy. Opening hours are coarse modeling assumptions for a district, commercial area, or variable facility schedule.",NA,NA,NA,NA,NA,NA,NA,NA,201.0
P0194,Hideyo Noguchi Memorial Hall Exhibition Room,M11,YotsuyaSanchome,530.3,0.454545,35.683753,139.716289,tourism=museum,tourism=museum,0.0,4.2,3441.0,OSM,Hideyo Noguchi Memorial Hall Exhibition Room,Marunouchi,http://www.noguchihideyo.or.jp/,ChIJRYbGdhapil8RGNKZ3_c5wkU,https://maps.google.com/?cid=5026643870870000152&g_mp=Cidnb29nbGUubWFwcy5wbGFjZXMudjEuUGxhY2VzLlNlYXJjaFRleHQQAhgEIAA,http://www.noguchihideyo.or.jp/,museum|point_of_interest|establishment,True,NA,high,0,15,16,12,2,5,0,50.0,"score=50.0/110; visitor=0, google=0.0, official=15, scale=16, metro=12, opening=2, mapping=5, penalty=0",No reliable annual visitor count found; included as representative tourism proxy. Google Places match is 208434m from original POI coordinate; popularity score set to 0 due to location mismatch.,node,1420799298.0,museum,NA,NA,NA,NA,NA,208434.5
P0195,Mori Ogai Memorial Museum,C15,Sendagi,259.7,0.581354,35.7248452,139.760649,tourism=museum,tourism=museum,10.949,4.1,586.0,OSM,Mori Ogai Memorial Museum,Chiyoda,https://moriogai-kinenkan.jp/,ChIJiyUP182NGGAR6qJBuusvcg0,https://maps.google.com/?cid=968889559326761706&g_mp=Cidnb29nbGUubWFwcy5wbGFjZXMudjEuUGxhY2VzLlNlYXJjaFRleHQQAhgEIAA,https://moriogai-kinenkan.jp/,museum|tourist_attraction|point_of_interest|establishment,True,NA,high,0,15,16,15,2,5,0,63.949,"score=63.9/110; visitor=0, google=10.9, official=15, scale=16, metro=15, opening=2, mapping=5, penalty=0",No reliable annual visitor count found; included as representative tourism proxy.,node,2457988864.0,museum,NA,NA,NA,Q84836242,ja:文京区立森鷗外記念館,1.8
P0196,Tokyo City View,H04,Roppongi,324.7,0.581279,35.66043,139.7290554,tourism=viewpoint,tourism=viewpoint,13.941,4.4,3350.0,OSM,Tokyo City View,Hibiya,https://tcv.roppongihills.com/,ChIJK0TdDneLGGARVxJ3MHC0emY,https://maps.google.com/?cid=7384412932969796183&g_mp=Cidnb29nbGUubWFwcy5wbGFjZXMudjEuUGxhY2VzLlNlYXJjaFRleHQQAhgEIAA,https://tcv.roppongihills.com/,observation_deck|tourist_attraction|point_of_interest|establishment,True,NA,high,0,15,16,12,2,5,0,63.941,"score=63.9/110; visitor=0, google=13.9, official=15, scale=16, metro=12, opening=2, mapping=5, penalty=0",No reliable annual visitor count found; included as representative tourism proxy.,node,919282252.0,viewpoint,NA,NA,NA,Q126417093,NA,45.2
P0197,Fukagawa Edo Museum,Z11,KiyosumiShirakawa,134.8,0.58112,35.6810519,139.8005482,museum,history_museum|tourist_attraction|museum|point_of_interest|establishment,13.923,4.4,3316.0,curated_representative,深川江戸資料館,Hanzomon,https://www.kcf.or.jp/fukagawa/,ChIJ05k3KRaJGGARSFT1UW8wxkw,https://maps.google.com/?cid=5532162446945768520&g_mp=Cidnb29nbGUubWFwcy5wbGFjZXMudjEuUGxhY2VzLlNlYXJjaFRleHQQAhgEIAA,https://www.kcf.or.jp/fukagawa/,history_museum|tourist_attraction|museum|point_of_interest|establishment,True,NA,high,0,20,6,15,4,5,0,63.923,"score=63.9/110; visitor=0, google=13.9, official=20, scale=6, metro=15, opening=4, mapping=5, penalty=0",Representative Kiyosumi-Shirakawa cultural attraction. No reliable annual visitor count found; included as representative tourism proxy.,NA,NA,NA,NA,NA,NA,NA,NA,15.4
P0198,Sen-Oku Hakukokan Tokyo,N05,RoppongiItchome,195.9,0.581004,35.665033,139.741068,tourism=museum,tourism=museum,10.91,4.3,573.0,OSM,Sen-Oku Hakukokan Tokyo,Namboku,https://sen-oku.or.jp/tokyo,ChIJ-7LBjZqLGGARSDr7dMp-k3E,https://maps.google.com/?cid=8184024355873438280&g_mp=Cidnb29nbGUubWFwcy5wbGFjZXMudjEuUGxhY2VzLlNlYXJjaFRleHQQAhgEIAA,https://www.sen-oku.or.jp/tokyo/,museum|art_museum|point_of_interest|establishment,True,NA,high,0,15,16,15,2,5,0,63.91,"score=63.9/110; visitor=0, google=10.9, official=15, scale=16, metro=15, opening=2, mapping=5, penalty=0",No reliable annual visitor count found; included as representative tourism proxy.,node,1420787831.0,museum,NA,NA,NA,NA,NA,6.0
P0199,Yūshūkan Japanese military & war museum,Y14,Ichigaya,659.6,0.580973,35.6953152,139.7433692,tourism=museum,tourism=museum,13.907,4.5,3285.0,OSM,Yūshūkan Japanese military & war museum,Yurakucho,https://www.yasukuni.or.jp/yusyukan/,ChIJMaBzyd6NGGARdrjc4u0e6w4,https://maps.google.com/?cid=1074986943120193654&g_mp=Cidnb29nbGUubWFwcy5wbGFjZXMudjEuUGxhY2VzLlNlYXJjaFRleHQQAhgEIAA,http://www.yasukuni.or.jp/yusyukan/,museum|point_of_interest|establishment,True,NA,high,0,15,16,12,2,5,0,63.907,"score=63.9/110; visitor=0, google=13.9, official=15, scale=16, metro=12, opening=2, mapping=5, penalty=0",No reliable annual visitor count found; included as representative tourism proxy.,way,144379628.0,museum,NA,NA,NA,Q2855971,ja:遊就館,42.0
P0200,Banknote and Postage Stamp Museum,N16,Oji,172.6,0.580674,35.7543212,139.7392655,tourism=museum,tourism=museum,10.874,4.1,561.0,OSM,お札と切手の博物館,Namboku,https://www.npb.go.jp/ja/museum/,ChIJIX_2yXuSGGARozQSc-0pFRA,https://maps.google.com/?cid=1158878578932331683&g_mp=Cidnb29nbGUubWFwcy5wbGFjZXMudjEuUGxhY2VzLlNlYXJjaFRleHQQAhgEIAA,https://www.npb.go.jp/ja/museum/,tourist_attraction|museum|point_of_interest|establishment,True,NA,high,0,15,16,15,2,5,0,63.874,"score=63.9/110; visitor=0, google=10.9, official=15, scale=16, metro=15, opening=2, mapping=5, penalty=0",No reliable annual visitor count found; included as representative tourism proxy.,node,4183500642.0,museum,NA,NA,NA,Q11263157,NA,8.6
P0201,Sakura viewpoint,Z06,Kudanshita,619.3,0.580194,35.690771,139.7474966,tourism=viewpoint,tourism=viewpoint,13.821,4.4,3125.0,OSM,Sakura viewpoint,Hanzomon,https://www.city.chiyoda.lg.jp/shisetsu/koen/chidorigafuchi-ko.html,ChIJ2Upy0nGMGGARNdDKDGtkffY,https://maps.google.com/?cid=17761462916358000693&g_mp=Cidnb29nbGUubWFwcy5wbGFjZXMudjEuUGxhY2VzLlNlYXJjaFRleHQQAhgEIAA,https://www.city.chiyoda.lg.jp/shisetsu/koen/chidorigafuchi-ko.html,park|tourist_attraction|point_of_interest|establishment,True,NA,high,0,15,16,12,2,5,0,63.821,"score=63.8/110; visitor=0, google=13.8, official=15, scale=16, metro=12, opening=2, mapping=5, penalty=0",No reliable annual visitor count found; included as representative tourism proxy.,node,6393856485.0,viewpoint,NA,NA,NA,NA,NA,560.5
P0202,Bridgestone Museum,N04,AzabuJuban,509.0,0.454545,35.6592183,139.7385643,tourism=museum,tourism=museum,0.0,4.5,3092.0,OSM,Bridgestone Museum,Namboku,https://www.artizon.museum/,ChIJOzAxseKLGGARWxBlxNWWRPs,https://maps.google.com/?cid=18105762246803394651&g_mp=Cidnb29nbGUubWFwcy5wbGFjZXMudjEuUGxhY2VzLlNlYXJjaFRleHQQAhgEIAA,https://www.artizon.museum/,art_museum|museum|restaurant|food|point_of_interest|establishment,True,NA,high,0,15,16,12,2,5,0,50.0,"score=50.0/110; visitor=0, google=0.0, official=15, scale=16, metro=12, opening=2, mapping=5, penalty=0",No reliable annual visitor count found; included as representative tourism proxy. Google Places match is 3713m from original POI coordinate; popularity score set to 0 due to location mismatch.,way,209147930.0,museum,NA,NA,NA,NA,NA,3713.1
P0203,Kitchen Street,T09,Otemachi,327.5,0.5798,35.6827329,139.7687319,tourism=attraction,tourism=attraction,13.778,3.8,3047.0,OSM,Kitchen Street,Tozai,https://www.gransta.jp/mall/gransta_yaekita/,ChIJs0-Mrv6LGGARixvbJIIP46Y,https://maps.google.com/?cid=12025472481647860619&g_mp=Cidnb29nbGUubWFwcy5wbGFjZXMudjEuUGxhY2VzLlNlYXJjaFRleHQQAhgEIAA,https://www.gransta.jp/mall/gransta_yaekita/,food_court|shopping_mall|food|point_of_interest|establishment,True,NA,high,0,15,16,12,2,5,0,63.778,"score=63.8/110; visitor=0, google=13.8, official=15, scale=16, metro=12, opening=2, mapping=5, penalty=0",No reliable annual visitor count found; included as representative tourism proxy.,node,6350139786.0,attraction,NA,NA,NA,NA,NA,62.7
P0204,Miyashita Park,Z01,Shibuya,284.5,0.579405,35.6619403,139.7017561,leisure=park,leisure=park,14.735,4.2,5319.0,OSM,Miyashita Park,Hanzomon,https://mitsui-shopping-park.com/urban/miyashita/,ChIJURWUIuaNGGARvtlnJNz-AFQ,https://maps.google.com/?cid=6053118120642992574&g_mp=Cidnb29nbGUubWFwcy5wbGFjZXMudjEuUGxhY2VzLlNlYXJjaFRleHQQAhgEIAA,https://mitsui-shopping-park.com/urban/miyashita/,shopping_mall|park|point_of_interest|establishment,True,NA,high,0,15,12,15,2,5,0,63.735,"score=63.7/110; visitor=0, google=14.7, official=15, scale=12, metro=15, opening=2, mapping=5, penalty=0",No reliable annual visitor count found; included as representative tourism proxy.,way,116806278.0,NA,NA,park,NA,Q6884419,ja:ミヤシタパーク,18.7
P0205,Meiji Park,G03,Gaiemmae,636.8,0.579163,35.6750521,139.713757,leisure=park,leisure=park,9.708,4.2,284.0,OSM,Meiji Park,Ginza,https://www.meiji-park.com/,ChIJeWrYP9WNGGARBik70mZxUJY,https://maps.google.com/?cid=10831281790253738246&g_mp=Cidnb29nbGUubWFwcy5wbGFjZXMudjEuUGxhY2VzLlNlYXJjaFRleHQQAhgEIAA,https://www.meiji-park.com/,park|point_of_interest|establishment,True,NA,high,0,15,20,12,2,5,0,63.708,"score=63.7/110; visitor=0, google=9.7, official=15, scale=20, metro=12, opening=2, mapping=5, penalty=0",No reliable annual visitor count found; included as representative tourism proxy.,way,27994730.0,NA,NA,park,NA,NA,NA,19.1
P0206,LaQua Building,N11,Korakuen,177.5,0.579128,35.7071114,139.7529632,tourism=attraction,tourism=attraction,10.704,4.2,508.0,OSM,LaQua Building,Namboku,https://www.laqua.jp/,ChIJ2dcKncqNGGARApJ_qanu0O8,https://maps.google.com/?cid=17280574182681186818&g_mp=Cidnb29nbGUubWFwcy5wbGFjZXMudjEuUGxhY2VzLlNlYXJjaFRleHQQAhgEIAA,https://www.laqua.jp/,shopping_mall|point_of_interest|establishment,True,NA,high,0,15,16,15,2,5,0,63.704,"score=63.7/110; visitor=0, google=10.7, official=15, scale=16, metro=15, opening=2, mapping=5, penalty=0",No reliable annual visitor count found; included as representative tourism proxy.,way,345247363.0,attraction,NA,NA,NA,NA,NA,42.9
P0207,Samurai Museum,M08,Shinjuku,436.3,0.578914,35.6955176,139.7035629,tourism=museum,tourism=museum,13.681,4.9,2879.0,OSM,Samurai Museum,Marunouchi,https://samuraimuseum.jp,ChIJA5gBoXeNGGARJqJqceqLJiQ,https://maps.google.com/?cid=2604923273521832486&g_mp=Cidnb29nbGUubWFwcy5wbGFjZXMudjEuUGxhY2VzLlNlYXJjaFRleHQQAhgEIAA,https://mai-ko.com/samurai/,history_museum|tourist_attraction|museum|point_of_interest|establishment,True,NA,high,0,15,16,12,2,5,0,63.681,"score=63.7/110; visitor=0, google=13.7, official=15, scale=16, metro=12, opening=2, mapping=5, penalty=0",No reliable annual visitor count found; included as representative tourism proxy.,node,6589553987.0,museum,NA,NA,NA,Q116917907,NA,323.0
P0208,Pola Museum Annex,Y19,GinzaItchome,112.7,0.578755,35.6742479,139.7679885,tourism=museum,tourism=museum,10.663,4.2,496.0,OSM,ポーラ ミュージアム アネックス,Yurakucho,https://www.po-holdings.co.jp/m-annex/,ChIJM7rZi-OLGGARkL-rCS_OHyw,https://maps.google.com/?cid=3179486563367894928&g_mp=Cidnb29nbGUubWFwcy5wbGFjZXMudjEuUGxhY2VzLlNlYXJjaFRleHQQAhgEIAA,http://www.po-holdings.co.jp/m-annex/,art_gallery|tourist_attraction|art_museum|museum|point_of_interest|establishment,True,NA,high,0,15,16,15,2,5,0,63.663,"score=63.7/110; visitor=0, google=10.7, official=15, scale=16, metro=15, opening=2, mapping=5, penalty=0",No reliable annual visitor count found; included as representative tourism proxy.,node,5161825322.0,museum,NA,NA,NA,NA,NA,4.0
P0209,Deshio-no-minato,N14,Komagome,340.1,0.454545,35.7328571,139.7470752,tourism=viewpoint,tourism=viewpoint,0.0,3.9,2829.0,OSM,Deshio-no-minato,Namboku,https://www.apahotel.com/hotel/syutoken/tokyo/roppongi-six/?utm_source=google&utm_medium=maps,ChIJMQGioYSLGGAR_IrWM7I3zOI,https://maps.google.com/?cid=16342498386334092028&g_mp=Cidnb29nbGUubWFwcy5wbGFjZXMudjEuUGxhY2VzLlNlYXJjaFRleHQQAhgEIAA,https://www.apahotel.com/hotel/syutoken/tokyo/roppongi-six/?utm_source=google&utm_medium=maps,hotel|lodging|point_of_interest|establishment,True,NA,high,0,15,16,12,2,5,0,50.0,"score=50.0/110; visitor=0, google=0.0, official=15, scale=16, metro=12, opening=2, mapping=5, penalty=0",No reliable annual visitor count found; included as representative tourism proxy. Google Places match is 7459m from original POI coordinate; popularity score set to 0 due to location mismatch.,node,2565864323.0,viewpoint,NA,NA,NA,NA,NA,7459.3
P0210,Ghinza Graphic Gallery,H09,Ginza,287.0,0.578597,35.6696832,139.7625645,tourism=museum,tourism=museum,10.646,4.4,491.0,OSM,Ghinza Graphic Gallery,Hibiya,https://www.mmm-ginza.org/top.html,ChIJYfHMoeiLGGARAd_uQ2KIKmo,https://maps.google.com/?cid=7650076872670109441&g_mp=Cidnb29nbGUubWFwcy5wbGFjZXMudjEuUGxhY2VzLlNlYXJjaFRleHQQAhgEIAA,https://www.dnpfcp.jp/gallery/ggg/,art_gallery|tourist_attraction|point_of_interest|establishment,True,NA,high,0,15,16,15,2,5,0,63.646,"score=63.6/110; visitor=0, google=10.6, official=15, scale=16, metro=15, opening=2, mapping=5, penalty=0",No reliable annual visitor count found; included as representative tourism proxy.,node,3258793182.0,museum,NA,NA,NA,NA,NA,7.5
P0211,Ueno Zoological Gardens (West Garden),G16,Ueno,541.2,0.577909,35.7139631,139.7702341,tourism=zoo,tourism=zoo,9.57,3.7,262.0,OSM,恩賜上野動物園（西園）,Ginza,http://www.tokyo-zoo.net/zoo/ueno/,ChIJF9Ax-CiMGGAROQHGLgcqL8g,https://maps.google.com/?cid=14424794341828854073&g_mp=Cidnb29nbGUubWFwcy5wbGFjZXMudjEuUGxhY2VzLlNlYXJjaFRleHQQAhgEIAA,http://www.tokyo-zoo.net/zoo/ueno/,cafe|zoo|food|point_of_interest|establishment,True,NA,high,0,15,20,12,2,5,0,63.57,"score=63.6/110; visitor=0, google=9.6, official=15, scale=20, metro=12, opening=2, mapping=5, penalty=0",No reliable annual visitor count found; included as representative tourism proxy.,way,1065775338.0,zoo,NA,NA,NA,NA,NA,141.0
P0212,"The University Museum, the University of Tokyo",M21,HongoSanchome,222.6,0.577615,35.7085286,139.7612259,tourism=museum,tourism=museum,10.538,4.4,461.0,OSM,"The University Museum, the University of Tokyo",Marunouchi,http://www.um.u-tokyo.ac.jp/index.html,ChIJ22t1FzuMGGARfP2P5WfZt8E,https://maps.google.com/?cid=13958864610314419580&g_mp=Cidnb29nbGUubWFwcy5wbGFjZXMudjEuUGxhY2VzLlNlYXJjaFRleHQQAhgEIAA,http://www.um.u-tokyo.ac.jp/index.html,tourist_attraction|museum|point_of_interest|establishment,True,NA,high,0,15,16,15,2,5,0,63.538,"score=63.5/110; visitor=0, google=10.5, official=15, scale=16, metro=15, opening=2, mapping=5, penalty=0",No reliable annual visitor count found; included as representative tourism proxy.,way,137625432.0,museum,NA,NA,NA,Q15524927,ja:東京大学総合研究博物館,9.0
P0213,Naka-dori,C10,Nijubashimae,224.0,0.577411,35.678537,139.7623099,tourism=viewpoint,tourism=viewpoint,10.515,4.4,455.0,OSM,Naka-dori,Chiyoda,https://www.marunouchi.com/,ChIJAVgJ6zmLGGAR99WBL5-fomQ,https://maps.google.com/?cid=7251533856065574391&g_mp=Cidnb29nbGUubWFwcy5wbGFjZXMudjEuUGxhY2VzLlNlYXJjaFRleHQQAhgEIAA,https://www.marunouchi.com/,tourist_attraction|point_of_interest|establishment,True,NA,high,0,15,16,15,2,5,0,63.515,"score=63.5/110; visitor=0, google=10.5, official=15, scale=16, metro=15, opening=2, mapping=5, penalty=0",No reliable annual visitor count found; included as representative tourism proxy.,node,4740795024.0,viewpoint,NA,NA,NA,NA,NA,226.2
P0214,Suntory Museum of Art,C05,Nogizaka,382.4,0.577359,35.6664346,139.7304575,tourism=museum,tourism=museum,13.51,4.3,2606.0,OSM,サントリー美術館,Chiyoda,https://www.suntory.co.jp/sma/,ChIJbSqxxHiLGGARKEK0IzZMksI,https://maps.google.com/?cid=14020352385368736296&g_mp=Cidnb29nbGUubWFwcy5wbGFjZXMudjEuUGxhY2VzLlNlYXJjaFRleHQQAhgEIAA,http://www.suntory.co.jp/sma/,art_museum|tourist_attraction|museum|point_of_interest|establishment,True,NA,high,0,15,16,12,2,5,0,63.51,"score=63.5/110; visitor=0, google=13.5, official=15, scale=16, metro=12, opening=2, mapping=5, penalty=0",No reliable annual visitor count found; included as representative tourism proxy.,node,4807675725.0,museum,NA,NA,NA,Q11249110,ja:サントリー美術館,3.8
P0215,Japan Sake and Shōchū Information Center,G07,Toranomon,218.9,0.577169,35.6698023,139.7525029,tourism=museum,tourism=museum,10.489,4.5,448.0,OSM,日本酒造会馆,Ginza,https://japansake.or.jp/,ChIJ_____-yLGGAR8bvuJnTEoFs,https://maps.google.com/?cid=6602493056873577457&g_mp=Cidnb29nbGUubWFwcy5wbGFjZXMudjEuUGxhY2VzLlNlYXJjaFRleHQQAhgEIAA,https://japansake.or.jp/JSScenter/,museum|tourist_attraction|point_of_interest|establishment,True,NA,high,0,15,16,15,2,5,0,63.489,"score=63.5/110; visitor=0, google=10.5, official=15, scale=16, metro=15, opening=2, mapping=5, penalty=0",No reliable annual visitor count found; included as representative tourism proxy.,node,4376204494.0,museum,NA,NA,NA,NA,NA,27.8
P0216,OWL,F09,Ikebukuro,350.8,0.576854,35.7334991,139.7112121,tourism=attraction,tourism=attraction,13.454,4.8,2523.0,OSM,アウル,Fukutoshin,https://www.hotpepper.jp/strJ001162414/,ChIJAQCQAVyNGGARRNgNXPIB8Rk,https://maps.google.com/?cid=1869277460773591108&g_mp=Cidnb29nbGUubWFwcy5wbGFjZXMudjEuUGxhY2VzLlNlYXJjaFRleHQQAhgEIAA,https://www.hotpepper.jp/strJ001162414/,point_of_interest|establishment,True,NA,high,0,15,16,12,2,5,0,63.454,"score=63.5/110; visitor=0, google=13.5, official=15, scale=16, metro=12, opening=2, mapping=5, penalty=0",No reliable annual visitor count found; included as representative tourism proxy.,node,4434538192.0,attraction,NA,NA,NA,NA,NA,498.0
P0217,University of Tokyo Agricultural Science Museum,N12,Todaimae,225.3,0.481818,35.716155,139.758873,tourism=museum,tourism=museum,0.0,4.2,439.0,OSM,University of Tokyo Agricultural Science Museum,Namboku,https://hotozero.com/museum/%E6%9D%B1%E4%BA%AC%E5%A4%A7%E5%AD%A6-%E8%BE%B2%E5%AD%A6%E8%B3%87%E6%96%99%E9%A4%A8/,ChIJf6cRHY3zGGARNjSzNsNNJmg,https://maps.google.com/?cid=7504771329891185718&g_mp=Cidnb29nbGUubWFwcy5wbGFjZXMudjEuUGxhY2VzLlNlYXJjaFRleHQQAhgEIAA,http://www.nodai.ac.jp/syokutonou/,museum|tourist_attraction|point_of_interest|establishment,True,NA,high,0,15,16,15,2,5,0,53.0,"score=53.0/110; visitor=0, google=0.0, official=15, scale=16, metro=15, opening=2, mapping=5, penalty=0",No reliable annual visitor count found; included as representative tourism proxy. Google Places match is 14346m from original POI coordinate; popularity score set to 0 due to location mismatch.,node,4848865521.0,museum,NA,NA,NA,NA,NA,14345.6
P0218,はとバス東京営業所,M17,Tokyo,336.6,0.576836,35.679007,139.765747,tourism=attraction,tourism=attraction,13.452,4.0,2520.0,OSM,はとバス東京営業所,Marunouchi,https://www.hatobus.co.jp/,ChIJY0b0B_uLGGARom4pqsdlgMM,https://maps.google.com/?cid=14087371542642650786&g_mp=Cidnb29nbGUubWFwcy5wbGFjZXMudjEuUGxhY2VzLlNlYXJjaFRleHQQAhgEIAA,https://www.hatobus.co.jp/,travel_agency|tour_agency|transportation_service|point_of_interest|service|establishment,True,NA,high,0,15,16,12,2,5,0,63.452,"score=63.5/110; visitor=0, google=13.5, official=15, scale=16, metro=12, opening=2, mapping=5, penalty=0",No reliable annual visitor count found; included as representative tourism proxy.,node,5603040005.0,attraction,NA,NA,NA,NA,NA,5.7
P0219,Kite Museum,Z09,Mitsukoshimae,195.7,0.481818,35.6844275,139.7751576,tourism=museum,tourism=museum,0.0,4.3,425.0,OSM,Kite Museum,Hanzomon,https://www.taimeiken.co.jp/tako/index_t.htm,ChIJxX9J4VZtk1QR2gDlEjko7f8,https://maps.google.com/?cid=18441440274747293914&g_mp=Cidnb29nbGUubWFwcy5wbGFjZXMudjEuUGxhY2VzLlNlYXJjaFRleHQQAhgEIAA,http://worldkitemuseum.com/,museum|tourist_attraction|service|point_of_interest|establishment,True,NA,high,0,15,16,15,2,5,0,53.0,"score=53.0/110; visitor=0, google=0.0, official=15, scale=16, metro=15, opening=2, mapping=5, penalty=0",No reliable annual visitor count found; included as representative tourism proxy. Google Places match is 7648947m from original POI coordinate; popularity score set to 0 due to location mismatch.,node,1420767886.0,museum,NA,NA,NA,NA,NA,7648947.3
P0220,Higashi-Ikebukuro Playground,Y10,HigashiIkebukuro,682.3,0.576284,35.7309366,139.7232691,leisure=park,leisure=park,9.391,4.4,236.0,OSM,Higashi-Ikebukuro Playground,Yurakucho,https://www.city.toshima.lg.jp/454/shisetsu/koen/documents/2009141032.html,ChIJ8eoBuPiNGGARslLvUbWw0oA,https://maps.google.com/?cid=9282676074774221490&g_mp=Cidnb29nbGUubWFwcy5wbGFjZXMudjEuUGxhY2VzLlNlYXJjaFRleHQQAhgEIAA,https://www.city.toshima.lg.jp/454/shisetsu/koen/documents/2009141032.html,park|point_of_interest|establishment,True,NA,high,0,15,20,12,2,5,0,63.391,"score=63.4/110; visitor=0, google=9.4, official=15, scale=20, metro=12, opening=2, mapping=5, penalty=0",No reliable annual visitor count found; included as representative tourism proxy.,node,2779037621.0,NA,NA,park,NA,NA,NA,440.3
P0221,Postal Museum Japan,Z14,Oshiage,205.1,0.575443,35.7100908,139.8126581,tourism=museum,tourism=museum,10.299,3.9,401.0,OSM,Postal Museum Japan,Hanzomon,https://www.postalmuseum.jp/,ChIJ10y4FNaOGGARnQ23USYY0Ik,https://maps.google.com/?cid=9930463731210718621&g_mp=Cidnb29nbGUubWFwcy5wbGFjZXMudjEuUGxhY2VzLlNlYXJjaFRleHQQAhgEIAA,https://www.postalmuseum.jp/,tourist_attraction|museum|point_of_interest|establishment,True,NA,high,0,15,16,15,2,5,0,63.299,"score=63.3/110; visitor=0, google=10.3, official=15, scale=16, metro=15, opening=2, mapping=5, penalty=0",No reliable annual visitor count found; included as representative tourism proxy.,node,11663522219.0,museum,NA,NA,NA,Q17225229,ja:郵政博物館 (日本),12.8
P0222,Mori Art Museum / Tokyo City View,H04,Roppongi,314.0,0.574783,35.660432,139.729261,museum_observation_deck,art_museum|museum|point_of_interest|establishment,15.226,4.3,7082.0,curated_representative,森美術館 / 東京シティビュー,Hibiya,https://art-view.roppongihills.com/en/info/,ChIJg5RCD3eLGGAR6dbIHRM98w8,https://maps.google.com/?cid=1149329482222982889&g_mp=Cidnb29nbGUubWFwcy5wbGFjZXMudjEuUGxhY2VzLlNlYXJjaFRleHQQAhgEIAA,https://www.mori.art.museum/jp/,art_museum|museum|point_of_interest|establishment,True,NA,high,0,15,12,12,4,5,0,63.226,"score=63.2/110; visitor=0, google=15.2, official=15, scale=12, metro=12, opening=4, mapping=5, penalty=0","Opening hours are coarse modeling assumptions for a district, facility, or variable schedule. No reliable annual visitor count found; included as representative tourism proxy. Opening hours are coarse modeling assumptions for a district, commercial area, or variable facility schedule.",NA,NA,NA,NA,NA,NA,NA,NA,3.7
P0223,Tobacco & Salt Museum,Z14,Oshiage,557.6,0.573975,35.7057662,139.8085314,tourism=museum,tourism=museum,13.137,4.4,2098.0,OSM,Tobacco & Salt Museum,Hanzomon,https://www.jti.co.jp/Culture/museum/index.html,ChIJK6-Pz6iMGGAR-au44ZofDzM,https://maps.google.com/?cid=3679194170657385465&g_mp=Cidnb29nbGUubWFwcy5wbGFjZXMudjEuUGxhY2VzLlNlYXJjaFRleHQQAhgEIAA,https://www.tabashio.jp/,tourist_attraction|museum|point_of_interest|establishment,True,NA,high,0,15,16,12,2,5,0,63.137,"score=63.1/110; visitor=0, google=13.1, official=15, scale=16, metro=12, opening=2, mapping=5, penalty=0",No reliable annual visitor count found; included as representative tourism proxy.,way,135838556.0,museum,NA,NA,NA,Q11271253,ja:たばこと塩の博物館,2.4
P0224,Ozu Washi,H15,Kodemmacho,284.9,0.573236,35.6888018,139.7763151,tourism=museum,tourism=museum,10.056,4.4,348.0,OSM,Ozu Washi,Hibiya,http://www.ozuwashi.net/,ChIJc4PE61SJGGAR5A-CaLvNvkc,https://maps.google.com/?cid=5169795627063840740&g_mp=Cidnb29nbGUubWFwcy5wbGFjZXMudjEuUGxhY2VzLlNlYXJjaFRleHQQAhgEIAA,http://www.ozuwashi.net/,store|point_of_interest|establishment,True,NA,high,0,15,16,15,2,5,0,63.056,"score=63.1/110; visitor=0, google=10.1, official=15, scale=16, metro=15, opening=2, mapping=5, penalty=0",No reliable annual visitor count found; included as representative tourism proxy.,node,6440157288.0,museum,NA,NA,NA,NA,NA,11.2
P0225,Ramen Cooking Tokyo,Y21,Tsukishima,203.9,0.57301,35.6661419,139.7858171,tourism=attraction,tourism=attraction,10.031,5.0,343.0,OSM,ラーメンクッキングトーキョー,Yurakucho,https://ramen-cooking-class-tokyo.com/,ChIJZfCgsoiLGGAR-AEej6QLb_s,https://maps.google.com/?cid=18117712627338445304&g_mp=Cidnb29nbGUubWFwcy5wbGFjZXMudjEuUGxhY2VzLlNlYXJjaFRleHQQAhgEIAA,https://ramen-cooking-class-tokyo.com/?utm_source=google&utm_medium=maps&utm_campaign=gbp,tourist_attraction|educational_institution|food|point_of_interest|establishment,True,NA,high,0,15,16,15,2,5,0,63.031,"score=63.0/110; visitor=0, google=10.0, official=15, scale=16, metro=15, opening=2, mapping=5, penalty=0",No reliable annual visitor count found; included as representative tourism proxy.,node,13747941884.0,attraction,NA,NA,cooking_school,Q139495827,NA,1.0
P0226,JCII Camera Museum,Z05,Hanzomon,128.5,0.572689,35.6860582,139.7428472,tourism=museum,tourism=museum,9.996,4.1,336.0,OSM,JCII Camera Museum,Hanzomon,https://www.jcii-cameramuseum.jp/,ChIJVVXl-2-MGGAR7svTOrr-IS0,https://maps.google.com/?cid=3252160481742539758&g_mp=Cidnb29nbGUubWFwcy5wbGFjZXMudjEuUGxhY2VzLlNlYXJjaFRleHQQAhgEIAA,http://www.jcii-cameramuseum.jp/,tourist_attraction|museum|point_of_interest|establishment,True,NA,high,0,15,16,15,2,5,0,62.996,"score=63.0/110; visitor=0, google=10.0, official=15, scale=16, metro=15, opening=2, mapping=5, penalty=0",No reliable annual visitor count found; included as representative tourism proxy.,node,1420780980.0,museum,NA,NA,NA,Q21019310,ja:日本カメラ博物館,8.7
P0227,Taro Okamoto Memorial Museum,G02,OmoteSando,501.9,0.571919,35.6612724,139.7155295,tourism=museum,tourism=museum,12.911,4.5,1839.0,OSM,Taro Okamoto Memorial Museum,Ginza,https://taro-okamoto.or.jp/,ChIJJbavS2GLGGARFLUeTte2lt0,https://maps.google.com/?cid=15967150564733531412&g_mp=Cidnb29nbGUubWFwcy5wbGFjZXMudjEuUGxhY2VzLlNlYXJjaFRleHQQAhgEIAA,https://taro-okamoto.or.jp/,tourist_attraction|art_museum|museum|point_of_interest|establishment,True,NA,high,0,15,16,12,2,5,0,62.911,"score=62.9/110; visitor=0, google=12.9, official=15, scale=16, metro=12, opening=2, mapping=5, penalty=0",No reliable annual visitor count found; included as representative tourism proxy.,node,1966249089.0,museum,NA,NA,NA,Q11473108,ja:岡本太郎記念館,6.2
P0228,Daiichi Sankyo Kusuri Museum,G12,Mitsukoshimae,236.6,0.571881,35.6884593,139.7756693,tourism=museum,tourism=museum,9.907,4.1,319.0,OSM,Daiichi Sankyo Kusuri Museum,Ginza,https://kusuri-museum.com/,ChIJRR8sH1WJGGARgBXf6qT_viE,https://maps.google.com/?cid=2431661932606854528&g_mp=Cidnb29nbGUubWFwcy5wbGFjZXMudjEuUGxhY2VzLlNlYXJjaFRleHQQAhgEIAA,https://kusuri-museum.com/,museum|tourist_attraction|point_of_interest|establishment,True,NA,high,0,15,16,15,2,5,0,62.907,"score=62.9/110; visitor=0, google=9.9, official=15, scale=16, metro=15, opening=2, mapping=5, penalty=0",No reliable annual visitor count found; included as representative tourism proxy.,node,6026372096.0,museum,NA,NA,NA,Q17224188,ja:Daiichi Sankyo くすりミュージアム,10.9
P0229,Panasonic Shiodome Museum of Art,G08,Shimbashi,350.1,0.571645,35.665828,139.761882,tourism=museum,tourism=museum,12.881,4.0,1807.0,OSM,Panasonic Shiodome Museum of Art,Ginza,https://panasonic.co.jp/ew/museum/,ChIJ6Sypp8KLGGAR4lmmX-zFFmo,https://maps.google.com/?cid=7644515036515686882&g_mp=Cidnb29nbGUubWFwcy5wbGFjZXMudjEuUGxhY2VzLlNlYXJjaFRleHQQAhgEIAA,https://panasonic.co.jp/ew/museum/,art_museum|art_gallery|tourist_attraction|museum|point_of_interest|establishment,True,NA,high,0,15,16,12,2,5,0,62.881,"score=62.9/110; visitor=0, google=12.9, official=15, scale=16, metro=12, opening=2, mapping=5, penalty=0",No reliable annual visitor count found; included as representative tourism proxy.,node,1420786016.0,museum,NA,NA,NA,Q11550512,NA,9.5
P0230,TOTO GALLERY · MA,C05,Nogizaka,115.5,0.571586,35.6675053,139.7268378,tourism=museum,tourism=museum,9.874,4.4,313.0,OSM,TOTO GALLERY · MA,Chiyoda,https://jp.toto.com/gallerma/,ChIJOxerKXyLGGARKNvbpemyeys,https://maps.google.com/?cid=3133294682346085160&g_mp=Cidnb29nbGUubWFwcy5wbGFjZXMudjEuUGxhY2VzLlNlYXJjaFRleHQQAhgEIAA,https://jp.toto.com/gallerma/,art_gallery|tourist_attraction|point_of_interest|establishment,True,NA,high,0,15,16,15,2,5,0,62.874,"score=62.9/110; visitor=0, google=9.9, official=15, scale=16, metro=15, opening=2, mapping=5, penalty=0",No reliable annual visitor count found; included as representative tourism proxy.,node,11563440614.0,museum,NA,NA,NA,Q55526821,ja:TOTOギャラリー・間,8.5
P0231,Tokyo Anime Center,Z01,Shibuya,220.2,0.570505,35.6613939,139.7005702,tourism=museum,tourism=museum,9.756,3.9,292.0,OSM,東京アニメセンター,Hanzomon,https://tokyoanimecenter.jp/,ChIJxSdBZKiMGGARhSFzbiq0fJc,https://maps.google.com/?cid=10915797691173904773&g_mp=Cidnb29nbGUubWFwcy5wbGFjZXMudjEuUGxhY2VzLlNlYXJjaFRleHQQAhgEIAA,https://tokyoanimecenter.jp/,tourist_attraction|event_venue|amusement_center|store|point_of_interest|establishment,True,NA,high,0,15,16,15,2,5,0,62.756,"score=62.8/110; visitor=0, google=9.8, official=15, scale=16, metro=15, opening=2, mapping=5, penalty=0",No reliable annual visitor count found; included as representative tourism proxy.,node,10289966935.0,museum,NA,NA,NA,Q6128676,ja:東京アニメセンター,23.0
P0232,Koga Masao Museum of Music,C01,YoyogiUehara,136.6,0.570344,35.6677932,139.6800157,tourism=museum,tourism=museum,9.738,4.0,289.0,OSM,Koga Masao Museum of Music,Chiyoda,https://www.koga.or.jp/,ChIJ4di9zkfzGGARHni4oECFNwQ,https://maps.google.com/?cid=303858012491642910&g_mp=Cidnb29nbGUubWFwcy5wbGFjZXMudjEuUGxhY2VzLlNlYXJjaFRleHQQAhgEIAA,http://www.koga.or.jp/,museum|tourist_attraction|point_of_interest|establishment,True,NA,high,0,15,16,15,2,5,0,62.738,"score=62.7/110; visitor=0, google=9.7, official=15, scale=16, metro=15, opening=2, mapping=5, penalty=0",No reliable annual visitor count found; included as representative tourism proxy.,way,28137295.0,museum,NA,NA,NA,NA,NA,32.4
P0233,古賀政男音楽博物館,C01,YoyogiUehara,147.1,0.570344,35.6676979,139.6800138,tourism=museum,tourism=museum,9.738,4.0,289.0,OSM,古賀政男音楽博物館,Chiyoda,https://www.koga.or.jp/,ChIJ4di9zkfzGGARHni4oECFNwQ,https://maps.google.com/?cid=303858012491642910&g_mp=Cidnb29nbGUubWFwcy5wbGFjZXMudjEuUGxhY2VzLlNlYXJjaFRleHQQAhgEIAA,http://www.koga.or.jp/,museum|tourist_attraction|point_of_interest|establishment,True,NA,high,0,15,16,15,2,5,0,62.738,"score=62.7/110; visitor=0, google=9.7, official=15, scale=16, metro=15, opening=2, mapping=5, penalty=0",No reliable annual visitor count found; included as representative tourism proxy.,node,1420771079.0,museum,NA,NA,NA,NA,NA,41.6
P0234,"The University Art Museum, Tokyo University of the Arts",C14,Nezu,595.5,0.570265,35.719192,139.7719324,tourism=museum,tourism=museum,12.729,4.2,1654.0,OSM,"The University Art Museum, Tokyo University of the Arts",Chiyoda,https://www.geidai.ac.jp/museum/,ChIJdT3M6imMGGARBqMDOwxy0y8,https://maps.google.com/?cid=3446223536723829510&g_mp=Cidnb29nbGUubWFwcy5wbGFjZXMudjEuUGxhY2VzLlNlYXJjaFRleHQQAhgEIAA,https://museum.geidai.ac.jp/,art_museum|historical_landmark|historical_place|museum|point_of_interest|establishment,True,NA,high,0,15,16,12,2,5,0,62.729,"score=62.7/110; visitor=0, google=12.7, official=15, scale=16, metro=12, opening=2, mapping=5, penalty=0",No reliable annual visitor count found; included as representative tourism proxy.,node,1420785063.0,museum,NA,NA,NA,Q11525123,NA,8.7
P0235,Kabukicho Park,M08,Shinjuku,267.4,0.569641,35.6943713,139.7023319,leisure=park,leisure=park,5.66,3.7,26.0,OSM,Kabukicho Park,Marunouchi,https://www.city.shinjuku.lg.jp/seikatsu/midori01_002115.html,ChIJ-7gob6mNGGARwGyjTh2f2I8,https://maps.google.com/?cid=10365209490615397568&g_mp=Cidnb29nbGUubWFwcy5wbGFjZXMudjEuUGxhY2VzLlNlYXJjaFRleHQQAhgEIAA,NA,place_of_worship|association_or_organization|point_of_interest|establishment,True,NA,high,0,15,20,15,2,5,0,62.66,"score=62.7/110; visitor=0, google=5.7, official=15, scale=20, metro=15, opening=2, mapping=5, penalty=0",No reliable annual visitor count found; included as representative tourism proxy.,relation,16616481.0,NA,NA,park,NA,NA,NA,8.7
P0236,South end of Ginza Illumination,G08,Shimbashi,195.1,0.569641,35.6667226,139.7605136,tourism=attraction,tourism=attraction,5.66,4.5,26.0,OSM,South end of Ginza Illumination,Ginza,https://www.hibiya.tokyo-midtown.com/jp/event/6298/,ChIJJ3YJOySLGGARrP1ipwwLnko,https://maps.google.com/?cid=5376747154102746540&g_mp=Cidnb29nbGUubWFwcy5wbGFjZXMudjEuUGxhY2VzLlNlYXJjaFRleHQQAhgEIAA,https://www.hibiya.tokyo-midtown.com/jp/event/6298/,event_venue|point_of_interest|establishment,True,NA,high,0,15,20,15,2,5,0,62.66,"score=62.7/110; visitor=0, google=5.7, official=15, scale=20, metro=15, opening=2, mapping=5, penalty=0",No reliable annual visitor count found; included as representative tourism proxy.,node,6127218496.0,attraction,NA,NA,NA,NA,NA,796.1
P0237,Tsukiji Local Museum,H10,HigashiGinza,296.2,0.569641,35.6664905,139.7680837,tourism=museum,tourism=museum,5.66,3.6,26.0,OSM,Tsukiji Local Museum,Hibiya,http://www.suisan-shinkou.or.jp/museum/index.html,ChIJFaigWtSLGGARdptHpiZqSPg,https://maps.google.com/?cid=17890666233960307574&g_mp=Cidnb29nbGUubWFwcy5wbGFjZXMudjEuUGxhY2VzLlNlYXJjaFRleHQQAhgEIAA,http://www.suisan-shinkou.or.jp/museum/index.html,museum|tourist_attraction|point_of_interest|establishment,True,NA,high,0,15,20,15,2,5,0,62.66,"score=62.7/110; visitor=0, google=5.7, official=15, scale=20, metro=15, opening=2, mapping=5, penalty=0",No reliable annual visitor count found; included as representative tourism proxy.,node,1420766180.0,museum,NA,NA,NA,NA,NA,1451.3
P0238,Nezu Shrine,N12,Todaimae,311.0,0.569606,35.7197601,139.7605704,shrine,shinto_shrine|place_of_worship|association_or_organization|point_of_interest|establishment,15.657,4.4,9100.0,curated_representative,根津神社,Namboku,https://nedujinja.or.jp/,ChIJ-X4hzjKMGGARDSsGeHOACgw,https://maps.google.com/?cid=867647111645506317&g_mp=Cidnb29nbGUubWFwcy5wbGFjZXMudjEuUGxhY2VzLlNlYXJjaFRleHQQAhgEIAA,http://www.nedujinja.or.jp/,shinto_shrine|place_of_worship|association_or_organization|point_of_interest|establishment,True,NA,high,0,20,6,12,4,5,0,62.657,"score=62.7/110; visitor=0, google=15.7, official=20, scale=6, metro=12, opening=4, mapping=5, penalty=0",Representative shrine; spring azalea season can create concentrated local demand. No reliable annual visitor count found; included as representative tourism proxy.,NA,NA,NA,NA,NA,NA,NA,NA,45.6
P0239,Vivarium,C14,Nezu,502.2,0.454545,35.7135046,139.7687162,tourism=attraction,tourism=attraction,0.0,4.2,1567.0,OSM,両生爬虫類館,Chiyoda,http://www.paupau.co.jp/,ChIJpZfcot2LGGARjCsL28eCmlY,https://maps.google.com/?cid=6240444028560288652&g_mp=Cidnb29nbGUubWFwcy5wbGFjZXMudjEuUGxhY2VzLlNlYXJjaFRleHQQAhgEIAA,http://www.paupau.co.jp/,pet_store|store|point_of_interest|establishment,True,NA,high,0,15,16,12,2,5,0,50.0,"score=50.0/110; visitor=0, google=0.0, official=15, scale=16, metro=12, opening=2, mapping=5, penalty=0",No reliable annual visitor count found; included as representative tourism proxy. Google Places match is 5269m from original POI coordinate; popularity score set to 0 due to location mismatch.,way,217420947.0,attraction,NA,NA,NA,NA,NA,5268.9
P0240,"Institute for Nature Study, National Museum of Nature and Science",N02,Shirokanedai,438.2,0.56912,35.6361161,139.7214585,tourism=museum,tourism=museum,12.603,4.3,1537.0,OSM,国立科学博物館 自然教育園,Namboku,http://www.ins.kahaku.go.jp/,ChIJCUlb9w6LGGARqebfyd0obu8,https://maps.google.com/?cid=17252772155542726313&g_mp=Cidnb29nbGUubWFwcy5wbGFjZXMudjEuUGxhY2VzLlNlYXJjaFRleHQQAhgEIAA,http://www.ins.kahaku.go.jp/,nature_preserve|wholesaler|farm|playground|park|museum|service|point_of_interest|establishment,True,NA,high,0,15,16,12,2,5,0,62.603,"score=62.6/110; visitor=0, google=12.6, official=15, scale=16, metro=12, opening=2, mapping=5, penalty=0",No reliable annual visitor count found; included as representative tourism proxy.,way,161274269.0,museum,NA,NA,NA,Q5557026,ja:国立科学博物館附属自然教育園,336.9
P0241,Jiyu Gakuen Myonichikan,Y09,Ikebukuro,442.7,0.56912,35.7264951,139.7072695,tourism=museum,tourism=museum,12.603,4.4,1537.0,OSM,Jiyu Gakuen Myonichikan,Yurakucho,https://jiyu.jp/,ChIJwd8fs1yNGGARq4MyvrPEIZI,https://maps.google.com/?cid=10529913680038101931&g_mp=Cidnb29nbGUubWFwcy5wbGFjZXMudjEuUGxhY2VzLlNlYXJjaFRleHQQAhgEIAA,https://www.jiyu.jp/,historical_landmark|historical_place|museum|event_venue|point_of_interest|establishment,True,NA,high,0,15,16,12,2,5,0,62.603,"score=62.6/110; visitor=0, google=12.6, official=15, scale=16, metro=12, opening=2, mapping=5, penalty=0",No reliable annual visitor count found; included as representative tourism proxy.,node,4842752724.0,museum,NA,NA,NA,NA,NA,20.5
P0242,小川と湿地,N02,Shirokanedai,669.2,0.56912,35.6399269,139.7189471,tourism=viewpoint,tourism=viewpoint,12.603,4.3,1537.0,OSM,小川と湿地,Namboku,http://www.ins.kahaku.go.jp/,ChIJCUlb9w6LGGARqebfyd0obu8,https://maps.google.com/?cid=17252772155542726313&g_mp=Cidnb29nbGUubWFwcy5wbGFjZXMudjEuUGxhY2VzLlNlYXJjaFRleHQQAhgEIAA,http://www.ins.kahaku.go.jp/,nature_preserve|playground|farm|park|wholesaler|service|museum|point_of_interest|establishment,True,NA,high,0,15,16,12,2,5,0,62.603,"score=62.6/110; visitor=0, google=12.6, official=15, scale=16, metro=12, opening=2, mapping=5, penalty=0",No reliable annual visitor count found; included as representative tourism proxy.,node,7657655687.0,viewpoint,NA,NA,NA,NA,NA,143.8
P0243,D47 Museum,G01,Shibuya,62.0,0.569112,35.658959,139.703338,tourism=museum,tourism=museum,9.602,4.1,267.0,OSM,D47 Museum,Ginza,https://www.d-department.com/ext/shop/d47.html,ChIJd7kNUViLGGARlW46j_NJizY,https://maps.google.com/?cid=3930316410239741589&g_mp=Cidnb29nbGUubWFwcy5wbGFjZXMudjEuUGxhY2VzLlNlYXJjaFRleHQQAhgEIAA,https://www.d-department.com/ext/shop/d47.html,art_museum|tourist_attraction|museum|point_of_interest|establishment,True,NA,high,0,15,16,15,2,5,0,62.602,"score=62.6/110; visitor=0, google=9.6, official=15, scale=16, metro=15, opening=2, mapping=5, penalty=0",No reliable annual visitor count found; included as representative tourism proxy.,node,4579436893.0,museum,NA,NA,NA,NA,NA,39.9
P0244,NHK Museum of Broadcasting,H05,Kamiyacho,341.9,0.568254,35.6637251,139.7482596,tourism=museum,tourism=museum,12.508,4.3,1454.0,OSM,NHK放送博物館,Hibiya,http://www.nhk.or.jp/museum/,ChIJCcGIPpSLGGARzZ4ZW6hu6NE,https://maps.google.com/?cid=15125461017885777613&g_mp=Cidnb29nbGUubWFwcy5wbGFjZXMudjEuUGxhY2VzLlNlYXJjaFRleHQQAhgEIAA,http://www.nhk.or.jp/museum/,tourist_attraction|museum|point_of_interest|establishment,True,NA,high,0,15,16,12,2,5,0,62.508,"score=62.5/110; visitor=0, google=12.5, official=15, scale=16, metro=12, opening=2, mapping=5, penalty=0",No reliable annual visitor count found; included as representative tourism proxy.,node,7007531447.0,museum,NA,NA,NA,Q11235312,ja:NHK放送博物館,8.3
P0245,JAPAN OLYMPIC MUSEUM,G03,Gaiemmae,562.8,0.567495,35.6749482,139.7151556,tourism=museum,tourism=museum,12.424,4.2,1385.0,OSM,JAPAN OLYMPIC MUSEUM,Ginza,https://japan-olympicmuseum.jp,ChIJQXjm8NWNGGARlEEJZUe8AJQ,https://maps.google.com/?cid=10664730932437139860&g_mp=Cidnb29nbGUubWFwcy5wbGFjZXMudjEuUGxhY2VzLlNlYXJjaFRleHQQAhgEIAA,https://japan-olympicmuseum.jp/,museum|point_of_interest|establishment,True,NA,high,0,15,16,12,2,5,0,62.424,"score=62.4/110; visitor=0, google=12.4, official=15, scale=16, metro=12, opening=2, mapping=5, penalty=0",No reliable annual visitor count found; included as representative tourism proxy.,node,7125341600.0,museum,NA,NA,NA,NA,NA,4.3
P0246,Oi Ocha Museum,G08,Shimbashi,299.7,0.567389,35.6660045,139.7613636,tourism=museum,tourism=museum,9.413,4.2,239.0,OSM,Oi Ocha Museum,Ginza,https://www.ochamuseum.jp/,ChIJg8UwQwCLGGARXUViYXMwgF0,https://maps.google.com/?cid=6737438314659464541&g_mp=Cidnb29nbGUubWFwcy5wbGFjZXMudjEuUGxhY2VzLlNlYXJjaFRleHQQAhgEIAA,https://www.ochamuseum.jp/,museum|point_of_interest|establishment,True,NA,high,0,15,16,15,2,5,0,62.413,"score=62.4/110; visitor=0, google=9.4, official=15, scale=16, metro=15, opening=2, mapping=5, penalty=0",No reliable annual visitor count found; included as representative tourism proxy.,node,13449380634.0,museum,NA,NA,NA,NA,NA,6.2
P0247,Printing Museum,Y12,Edogawabashi,659.9,0.567188,35.7091646,139.7414372,tourism=museum,tourism=museum,12.391,4.3,1358.0,OSM,印刷博物館,Yurakucho,https://www.printing-museum.org/,ChIJQxBwDVKMGGAR8R23mtjboHs,https://maps.google.com/?cid=8908361786293951985&g_mp=Cidnb29nbGUubWFwcy5wbGFjZXMudjEuUGxhY2VzLlNlYXJjaFRleHQQAhgEIAA,https://www.printing-museum.org/,tourist_attraction|museum|point_of_interest|establishment,True,NA,high,0,15,16,12,2,5,0,62.391,"score=62.4/110; visitor=0, google=12.4, official=15, scale=16, metro=12, opening=2, mapping=5, penalty=0",No reliable annual visitor count found; included as representative tourism proxy.,node,1420770935.0,museum,NA,NA,NA,Q994083,NA,28.3
P0248,Shinjuku Information Center,M09,ShinjukuSanchome,276.2,0.566242,35.6895874,139.701863,tourism=attraction,tourism=attraction,9.287,4.4,222.0,OSM,Shinjuku Information Center,Marunouchi,http://www.kanko-shinjuku.jp/office/-/index.html,ChIJF3vSmtqMGGARnzh48yesa0k,https://maps.google.com/?cid=5290511474865223839&g_mp=Cidnb29nbGUubWFwcy5wbGFjZXMudjEuUGxhY2VzLlNlYXJjaFRleHQQAhgEIAA,http://www.kanko-shinjuku.jp/office/-/index.html,tourist_information_center|tour_agency|travel_agency|service|point_of_interest|establishment,True,NA,high,0,15,16,15,2,5,0,62.287,"score=62.3/110; visitor=0, google=9.3, official=15, scale=16, metro=15, opening=2, mapping=5, penalty=0",No reliable annual visitor count found; included as representative tourism proxy.,node,5237361821.0,attraction,NA,NA,NA,NA,NA,9.8
P0249,Museum of Contemporary Art Tokyo,Z11,KiyosumiShirakawa,786.7,0.566098,35.679795,139.8080673,museum,art_museum|museum|point_of_interest|establishment,14.271,4.4,4060.0,curated_representative,東京都現代美術館,Hanzomon,https://www.mot-art-museum.jp/en/,ChIJq6rq_BuJGGARh1qAooLX-as,https://maps.google.com/?cid=12392172805758671495&g_mp=Cidnb29nbGUubWFwcy5wbGFjZXMudjEuUGxhY2VzLlNlYXJjaFRleHQQAhgEIAA,https://www.mot-art-museum.jp/,art_museum|museum|point_of_interest|establishment,True,NA,medium,0,20,12,8,5,3,0,62.271,"score=62.3/110; visitor=0, google=14.3, official=20, scale=12, metro=8, opening=5, mapping=3, penalty=0",Major contemporary art museum; farther from station but within Tokyo Metro walking/transfer planning range. No reliable annual visitor count found; included as representative tourism proxy.,NA,NA,NA,NA,NA,NA,NA,NA,12.5
P0250,Toyo Bunko Museum,N14,Komagome,543.9,0.565982,35.7312456,139.7487108,tourism=museum,tourism=museum,12.258,4.3,1257.0,OSM,Toyo Bunko Museum,Namboku,http://www.toyo-bunko.or.jp/museum/,ChIJud42oBKNGGAR7FVQ8BZk-IE,https://maps.google.com/?cid=9365345474800801260&g_mp=Cidnb29nbGUubWFwcy5wbGFjZXMudjEuUGxhY2VzLlNlYXJjaFRleHQQAhgEIAA,http://www.toyo-bunko.or.jp/museum/,museum|tourist_attraction|point_of_interest|establishment,True,NA,high,0,15,16,12,2,5,0,62.258,"score=62.3/110; visitor=0, google=12.3, official=15, scale=16, metro=12, opening=2, mapping=5, penalty=0",No reliable annual visitor count found; included as representative tourism proxy.,way,1347122872.0,museum,NA,NA,NA,NA,NA,26.8
P0251,Former Asakura Estate,H01,NakaMeguro,414.9,0.565694,35.647441,139.7008979,tourism=museum,tourism=museum,12.226,4.4,1234.0,OSM,Former Asakura Estate,Hibiya,https://www.city.shibuya.tokyo.jp/shisetsu/bunka-shisetsu/asakura/asakura_00004.html,ChIJPULLZU-LGGARsv8E3tigyqQ,https://maps.google.com/?cid=11874480220813983666&g_mp=Cidnb29nbGUubWFwcy5wbGFjZXMudjEuUGxhY2VzLlNlYXJjaFRleHQQAhgEIAA,https://www.city.shibuya.tokyo.jp/shisetsu/bunka-shisetsu/asakura/asakura_00004.html,historical_landmark|tourist_attraction|historical_place|museum|point_of_interest|establishment,True,NA,high,0,15,16,12,2,5,0,62.226,"score=62.2/110; visitor=0, google=12.2, official=15, scale=16, metro=12, opening=2, mapping=5, penalty=0",No reliable annual visitor count found; included as representative tourism proxy.,way,173226201.0,museum,NA,NA,NA,Q16944532,ja:旧朝倉家住宅,63.7
P0252,Kyu Asakura House,H01,NakaMeguro,425.5,0.565694,35.6472471,139.7015265,tourism=attraction,tourism=attraction,12.226,4.4,1234.0,OSM,旧朝倉家住宅,Hibiya,https://www.city.shibuya.tokyo.jp/shisetsu/bunka-shisetsu/asakura/asakura_00004.html,ChIJPULLZU-LGGARsv8E3tigyqQ,https://maps.google.com/?cid=11874480220813983666&g_mp=Cidnb29nbGUubWFwcy5wbGFjZXMudjEuUGxhY2VzLlNlYXJjaFRleHQQAhgEIAA,https://www.city.shibuya.tokyo.jp/shisetsu/bunka-shisetsu/asakura/asakura_00004.html,historical_landmark|tourist_attraction|historical_place|museum|point_of_interest|establishment,True,NA,high,0,15,16,12,2,5,0,62.226,"score=62.2/110; visitor=0, google=12.2, official=15, scale=16, metro=12, opening=2, mapping=5, penalty=0",No reliable annual visitor count found; included as representative tourism proxy.,node,13452696301.0,attraction,NA,NA,NA,NA,NA,5.9
P0253,Museum of Meteorological Science,H06,ToranomonHills,242.9,0.565599,35.6656723,139.7459572,tourism=museum,tourism=museum,9.216,4.3,213.0,OSM,気象科学館,Hibiya,https://www.jma.go.jp/jma/kishou/intro/kagakukan.html,ChIJxXp6hoaNGGARAMCSyLD_HVA,https://maps.google.com/?cid=5773051432103231488&g_mp=Cidnb29nbGUubWFwcy5wbGFjZXMudjEuUGxhY2VzLlNlYXJjaFRleHQQAhgEIAA,https://www.jma.go.jp/jma/kishou/intro/kagakukan.html,museum|point_of_interest|establishment,True,NA,high,0,15,16,15,2,5,0,62.216,"score=62.2/110; visitor=0, google=9.2, official=15, scale=16, metro=15, opening=2, mapping=5, penalty=0",No reliable annual visitor count found; included as representative tourism proxy.,node,4032273632.0,museum,NA,NA,NA,Q16872707,ja:気象科学館,11.0
P0254,Asakura Museum of Sculpture,C15,Sendagi,485.5,0.565323,35.7268074,139.7685195,tourism=museum,tourism=museum,12.186,4.5,1205.0,OSM,Asakura Museum of Sculpture,Chiyoda,https://www.taitogeibun.net/asakura/,ChIJeRYrbNSNGGAR0P33uymr9Ug,https://maps.google.com/?cid=5257296335760522704&g_mp=Cidnb29nbGUubWFwcy5wbGFjZXMudjEuUGxhY2VzLlNlYXJjaFRleHQQAhgEIAA,https://www.taitogeibun.net/asakura/,tourist_attraction|art_museum|museum|point_of_interest|establishment,True,NA,high,0,15,16,12,2,5,0,62.186,"score=62.2/110; visitor=0, google=12.2, official=15, scale=16, metro=12, opening=2, mapping=5, penalty=0",No reliable annual visitor count found; included as representative tourism proxy.,way,209190478.0,museum,NA,NA,NA,Q11517304,NA,4.1
P0255,TenQ,M22,Korakuen,432.5,0.56518,35.7034876,139.7517679,tourism=museum,tourism=museum,12.17,3.8,1194.0,OSM,TenQ,Marunouchi,http://www.tokyo-dome.co.jp/tenq/,ChIJze_wuziMGGARD4phBGyUMjw,https://maps.google.com/?cid=4337692582762088975&g_mp=Cidnb29nbGUubWFwcy5wbGFjZXMudjEuUGxhY2VzLlNlYXJjaFRleHQQAhgEIAA,http://www.tokyo-dome.co.jp/tenq/,museum|point_of_interest|establishment,True,NA,high,0,15,16,12,2,5,0,62.17,"score=62.2/110; visitor=0, google=12.2, official=15, scale=16, metro=12, opening=2, mapping=5, penalty=0",No reliable annual visitor count found; included as representative tourism proxy.,node,6256032285.0,museum,NA,NA,NA,NA,NA,21.9
P0256,Ameya-Yokochō,G16,Ueno,220.3,0.564621,35.7100592,139.7745428,tourism=attraction,tourism=attraction,9.108,3.9,200.0,OSM,Ameya-Yokochō,Ginza,https://www.ameyoko.net/,ChIJhSqurZ-OGGARYVpE9_pSXP8,https://maps.google.com/?cid=18400673415372757601&g_mp=Cidnb29nbGUubWFwcy5wbGFjZXMudjEuUGxhY2VzLlNlYXJjaFRleHQQAhgEIAA,NA,shopping_mall|point_of_interest|establishment,True,NA,high,0,15,16,15,2,5,0,62.108,"score=62.1/110; visitor=0, google=9.1, official=15, scale=16, metro=15, opening=2, mapping=5, penalty=0",No reliable annual visitor count found; included as representative tourism proxy.,node,4496960001.0,attraction,NA,NA,marketplace,Q864815,ja:アメヤ横丁,34.0
P0257,Cherry Blossom Viewing,Y12,Edogawabashi,462.6,0.564472,35.7104488,139.7292078,tourism=attraction,tourism=attraction,12.092,4.2,1141.0,OSM,Cherry Blossom Viewing,Yurakucho,http://www.city.bunkyo.lg.jp/bunka/kanko/spot/shiseki/harimazaka.html,ChIJAQDwyK2NGGARVG44_FsU_eU,https://maps.google.com/?cid=16572424589099429460&g_mp=Cidnb29nbGUubWFwcy5wbGFjZXMudjEuUGxhY2VzLlNlYXJjaFRleHQQAhgEIAA,http://www.city.bunkyo.lg.jp/bunka/kanko/spot/shiseki/harimazaka.html,tourist_attraction|point_of_interest|establishment,True,NA,high,0,15,16,12,2,5,0,62.092,"score=62.1/110; visitor=0, google=12.1, official=15, scale=16, metro=12, opening=2, mapping=5, penalty=0",No reliable annual visitor count found; included as representative tourism proxy.,node,12747570390.0,attraction,NA,NA,NA,NA,NA,1374.8
P0258,Shinjuku Historical Museum,N08,Yotsuya,570.0,0.56407,35.690013,139.72563,tourism=museum,tourism=museum,12.048,4.1,1112.0,OSM,Shinjuku Historical Museum,Namboku,http://www.regasu-shinjuku.or.jp/rekihaku/,ChIJ-yMPcvOMGGARgN0roRXEJiI,https://maps.google.com/?cid=2460869843581918592&g_mp=Cidnb29nbGUubWFwcy5wbGFjZXMudjEuUGxhY2VzLlNlYXJjaFRleHQQAhgEIAA,http://www.regasu-shinjuku.or.jp/rekihaku/,tourist_attraction|museum|point_of_interest|establishment,True,NA,high,0,15,16,12,2,5,0,62.048,"score=62.0/110; visitor=0, google=12.0, official=15, scale=16, metro=12, opening=2, mapping=5, penalty=0",No reliable annual visitor count found; included as representative tourism proxy.,node,1420780821.0,museum,NA,NA,NA,Q11501857,ja:新宿歴史博物館,20.7
P0259,TOKYO TORCH Terrace,Z09,Mitsukoshimae,257.8,0.563325,35.6843176,139.7703261,tourism=attraction,tourism=attraction,8.966,3.9,184.0,OSM,TOKYO TORCH Terrace,Hanzomon,https://www.marunouchi.com/building/tokyotorchterrace/,ChIJb8bPzUyLGGARm-CBBGNxz2Y,https://maps.google.com/?cid=7408264582139076763&g_mp=Cidnb29nbGUubWFwcy5wbGFjZXMudjEuUGxhY2VzLlNlYXJjaFRleHQQAhgEIAA,https://www.marunouchi.com/building/tokyotorchterrace/,point_of_interest|establishment,True,NA,high,0,15,16,15,2,5,0,61.966,"score=62.0/110; visitor=0, google=9.0, official=15, scale=16, metro=15, opening=2, mapping=5, penalty=0",No reliable annual visitor count found; included as representative tourism proxy.,node,12995244485.0,attraction,NA,NA,NA,NA,NA,2.1
P0260,Masae Kato's Retro Collection Outdoor Museum,F08,Kanamecho,1191.3,0.472727,35.7415933,139.7067056,tourism=museum,tourism=museum,0.0,4.7,330.0,OSM,加藤真咲の屋外レトロコレクション博物館,Fukutoshin,https://odaiba-retromuseum.tokyo.jp/,ChIJZcKAeACJGGARDLfJzIBD7Bg,https://maps.google.com/?cid=1795884571884631820&g_mp=Cidnb29nbGUubWFwcy5wbGFjZXMudjEuUGxhY2VzLlNlYXJjaFRleHQQAhgEIAA,https://odaiba-retromuseum.tokyo.jp/,museum|point_of_interest|establishment,True,NA,medium,0,15,16,8,10,3,0,52.0,"score=52.0/110; visitor=0, google=0.0, official=15, scale=16, metro=8, opening=10, mapping=3, penalty=0",No reliable annual visitor count found; included as representative tourism proxy. Google Places match is 13972m from original POI coordinate; popularity score set to 0 due to location mismatch.,way,1428873017.0,museum,NA,NA,sculpture,NA,NA,13972.4
P0261,Natsuge Museum,T03,Takadanobaba,138.8,0.563241,35.7137052,139.7035995,tourism=attraction,tourism=attraction,8.956,4.3,183.0,OSM,Natsuge Museum,Tozai,http://www.t-tax.net/natuge/,ChIJ___Lv6iOGGARyd88C7yXFDg,https://maps.google.com/?cid=4041021599556362185&g_mp=Cidnb29nbGUubWFwcy5wbGFjZXMudjEuUGxhY2VzLlNlYXJjaFRleHQQAhgEIAA,http://www.t-tax.net/natuge/,video_arcade|point_of_interest|establishment,True,NA,high,0,15,16,15,2,5,0,61.956,"score=62.0/110; visitor=0, google=9.0, official=15, scale=16, metro=15, opening=2, mapping=5, penalty=0",No reliable annual visitor count found; included as representative tourism proxy.,node,10794948205.0,attraction,NA,NA,NA,NA,NA,5.6
P0262,Otonashi Water Park,N16,Oji,241.0,0.562849,35.7526672,139.7358789,tourism=hanami,tourism=hanami,10.913,4.2,574.0,OSM,Otonashi Water Park,Namboku,https://www.city.kita.tokyo.jp/jutaku/koen/koenichiran/a-o/otonashishinsui.html,ChIJ0RnhE3ySGGAR4KiPixRJ-e4,https://maps.google.com/?cid=17219875002817423584&g_mp=Cidnb29nbGUubWFwcy5wbGFjZXMudjEuUGxhY2VzLlNlYXJjaFRleHQQAhgEIAA,https://www.city.kita.lg.jp/parks/list/1009539/1009548.html,park|tourist_attraction|point_of_interest|establishment,True,NA,high,0,15,6,15,10,5,0,61.913,"score=61.9/110; visitor=0, google=10.9, official=15, scale=6, metro=15, opening=10, mapping=5, penalty=0",No reliable annual visitor count found; included as representative tourism proxy.,way,53542672.0,hanami,NA,park,NA,Q42312615,ja:音無親水公園,41.9
P0263,Ministry of Justice Museum,Y17,Sakuradamon,205.2,0.562723,35.6767579,139.7539879,tourism=museum,tourism=museum,8.9,4.3,177.0,OSM,法務史料展示室,Yurakucho,https://www.moj.go.jp/ENGLISH/mojm-01.html,ChIJAQCwoPSLGGAR8TC6H_ZPA0g,https://maps.google.com/?cid=5189079114173788401&g_mp=Cidnb29nbGUubWFwcy5wbGFjZXMudjEuUGxhY2VzLlNlYXJjaFRleHQQAhgEIAA,http://www.moj.go.jp/hisho/kouhou/hisho06_00222.html,historical_landmark|historical_place|point_of_interest|establishment,True,NA,high,0,15,16,15,2,5,0,61.9,"score=61.9/110; visitor=0, google=8.9, official=15, scale=16, metro=15, opening=2, mapping=5, penalty=0",No reliable annual visitor count found; included as representative tourism proxy.,node,12920169414.0,museum,NA,NA,NA,NA,NA,70.2
P0264,Yoshida Hochiku Memorial Hall,H05,Kamiyacho,295.7,0.481818,35.663653,139.7417064,tourism=museum,tourism=museum,0.0,4.5,172.0,OSM,Yoshida Hochiku Memorial Hall,Hibiya,https://treasure.adm.u-tokyo.ac.jp/yasudakodo,ChIJBZwsRNGNGGARCBlk1ZEOMPY,https://maps.google.com/?cid=17739694951725537544&g_mp=Cidnb29nbGUubWFwcy5wbGFjZXMudjEuUGxhY2VzLlNlYXJjaFRleHQQAhgEIAA,https://treasure.adm.u-tokyo.ac.jp/yasudakodo,auditorium|university|event_venue|educational_institution|point_of_interest|establishment,True,NA,high,0,15,16,15,2,5,0,53.0,"score=53.0/110; visitor=0, google=0.0, official=15, scale=16, metro=15, opening=2, mapping=5, penalty=0",No reliable annual visitor count found; included as representative tourism proxy. Google Places match is 5838m from original POI coordinate; popularity score set to 0 due to location mismatch.,node,1420771165.0,museum,NA,NA,NA,NA,NA,5837.9
P0265,Tokyo Waterworks Historical Museum,M21,HongoSanchome,380.7,0.561955,35.7033139,139.7604984,tourism=museum,tourism=museum,11.815,4.2,971.0,OSM,Tokyo Waterworks Historical Museum,Marunouchi,https://www.suidorekishi.jp/,ChIJrVm8DD2MGGARX70ZvbreBlQ,https://maps.google.com/?cid=6054771642664074591&g_mp=Cidnb29nbGUubWFwcy5wbGFjZXMudjEuUGxhY2VzLlNlYXJjaFRleHQQAhgEIAA,https://www.suidorekishi.jp/,history_museum|tourist_attraction|museum|point_of_interest|establishment,True,NA,high,0,15,16,12,2,5,0,61.815,"score=61.8/110; visitor=0, google=11.8, official=15, scale=16, metro=12, opening=2, mapping=5, penalty=0",No reliable annual visitor count found; included as representative tourism proxy.,node,1420785386.0,museum,NA,NA,NA,Q11525339,ja:東京都水道歴史館,2.7
P0266,Soy Sauce Centre (Shoyu Kaikan),Z10,Suitengumae,300.3,0.454545,35.6811866,139.7827066,tourism=museum,tourism=museum,0.0,4.2,963.0,OSM,Soy Sauce Centre (Shoyu Kaikan),Hanzomon,https://www.soysauce.or.jp/,ChIJCex2KAyYGGARSwxZD4gQ9_k,https://maps.google.com/?cid=18011883411250678859&g_mp=Cidnb29nbGUubWFwcy5wbGFjZXMudjEuUGxhY2VzLlNlYXJjaFRleHQQAhgEIAA,https://www.kikkoman.com/jp/shokuiku/factory/noda/,museum|tourist_attraction|point_of_interest|establishment,True,NA,high,0,15,16,12,2,5,0,50.0,"score=50.0/110; visitor=0, google=0.0, official=15, scale=16, metro=12, opening=2, mapping=5, penalty=0",No reliable annual visitor count found; included as representative tourism proxy. Google Places match is 30006m from original POI coordinate; popularity score set to 0 due to location mismatch.,node,8540191217.0,museum,NA,NA,NA,NA,NA,30005.7
P0267,21_21 Design Sight,C05,Nogizaka,388.8,0.561525,35.6674408,139.7304041,museum_design,art_museum|tourist_attraction|art_gallery|museum|point_of_interest|establishment,13.768,4.4,3029.0,curated_representative,21_21 DESIGN SIGHT,Chiyoda,https://www.2121designsight.jp/en/,ChIJV4H0Nn-LGGAR2g7_9Kourf4,https://maps.google.com/?cid=18351375368394313434&g_mp=Cidnb29nbGUubWFwcy5wbGFjZXMudjEuUGxhY2VzLlNlYXJjaFRleHQQAhgEIAA,http://www.2121designsight.jp/,art_museum|tourist_attraction|art_gallery|museum|point_of_interest|establishment,True,NA,high,0,20,6,12,5,5,0,61.768,"score=61.8/110; visitor=0, google=13.8, official=20, scale=6, metro=12, opening=5, mapping=5, penalty=0",Tokyo Midtown design museum; overlaps with Roppongi/Nogizaka cluster. No reliable annual visitor count found; included as representative tourism proxy.,NA,NA,NA,NA,NA,NA,NA,NA,14.1
P0268,Hyokeikan,G16,Ueno,754.5,0.561058,35.7186128,139.7752405,tourism=museum,tourism=museum,17.716,4.5,30193.0,OSM,Hyokeikan,Ginza,https://www.tnm.jp/,ChIJEX3XFIOOGGAR3XdJvRjWLyM,https://maps.google.com/?cid=2535480516976146397&g_mp=Cidnb29nbGUubWFwcy5wbGFjZXMudjEuUGxhY2VzLlNlYXJjaFRleHQQAhgEIAA,https://www.tnm.jp/,tourist_attraction|art_museum|museum|point_of_interest|establishment,True,NA,medium,0,15,16,8,2,3,0,61.716,"score=61.7/110; visitor=0, google=17.7, official=15, scale=16, metro=8, opening=2, mapping=3, penalty=0",No reliable annual visitor count found; included as representative tourism proxy.,way,145344185.0,museum,NA,NA,NA,NA,NA,118.3
P0269,Musée Hamaguchi Yōzō: Yamasa Collection,Z10,Suitengumae,161.4,0.560961,35.6816723,139.785894,tourism=museum,tourism=museum,8.706,4.0,158.0,OSM,ミュゼ浜口陽三・ヤマサコレクション,Hanzomon,https://www.yamasa.com/musee/,ChIJwbcTWUSJGGAR8JUnuMdbkss,https://maps.google.com/?cid=14668887849645348336&g_mp=Cidnb29nbGUubWFwcy5wbGFjZXMudjEuUGxhY2VzLlNlYXJjaFRleHQQAhgEIAA,http://www.yamasa.com/musee/,museum|art_museum|tourist_attraction|point_of_interest|establishment,True,NA,high,0,15,16,15,2,5,0,61.706,"score=61.7/110; visitor=0, google=8.7, official=15, scale=16, metro=15, opening=2, mapping=5, penalty=0",No reliable annual visitor count found; included as representative tourism proxy.,way,229426242.0,museum,NA,NA,NA,NA,NA,1.0
P0270,Musée Hamaguchi Yōzō: Yamasa Collection,Z10,Suitengumae,162.0,0.560961,35.6817314,139.7860539,tourism=museum,tourism=museum,8.706,4.0,158.0,OSM,ミュゼ浜口陽三・ヤマサコレクション,Hanzomon,https://www.yamasa.com/musee/,ChIJwbcTWUSJGGAR8JUnuMdbkss,https://maps.google.com/?cid=14668887849645348336&g_mp=Cidnb29nbGUubWFwcy5wbGFjZXMudjEuUGxhY2VzLlNlYXJjaFRleHQQAhgEIAA,http://www.yamasa.com/musee/,museum|tourist_attraction|art_museum|point_of_interest|establishment,True,NA,high,0,15,16,15,2,5,0,61.706,"score=61.7/110; visitor=0, google=8.7, official=15, scale=16, metro=15, opening=2, mapping=5, penalty=0",No reliable annual visitor count found; included as representative tourism proxy.,way,229426286.0,museum,NA,NA,NA,NA,NA,15.6
P0271,Advertising Museum Tokyo,G08,Shimbashi,490.2,0.560823,35.6645224,139.7626413,tourism=museum,tourism=museum,11.691,4.4,903.0,OSM,Advertising Museum Tokyo,Ginza,https://www.admt.jp/,ChIJ2VtGysKLGGAR2oS8_Y_o-pk,https://maps.google.com/?cid=11095436337115595994&g_mp=Cidnb29nbGUubWFwcy5wbGFjZXMudjEuUGxhY2VzLlNlYXJjaFRleHQQAhgEIAA,http://www.admt.jp/,museum|tourist_attraction|point_of_interest|establishment,True,NA,high,0,15,16,12,2,5,0,61.691,"score=61.7/110; visitor=0, google=11.7, official=15, scale=16, metro=12, opening=2, mapping=5, penalty=0",No reliable annual visitor count found; included as representative tourism proxy.,node,4605597193.0,museum,NA,NA,NA,Q11284141,ja:アド・ミュージアム東京,49.7
P0272,Mohri Garden,H04,Roppongi,277.2,0.560734,35.6603362,139.7306843,leisure=garden,leisure=garden,12.681,4.1,1608.0,OSM,Mohri Garden,Hibiya,https://www.roppongihills.com/green/#flg-3,ChIJKwbstHeLGGARxzy-ttu57CM,https://maps.google.com/?cid=2588648239146089671&g_mp=Cidnb29nbGUubWFwcy5wbGFjZXMudjEuUGxhY2VzLlNlYXJjaFRleHQQAhgEIAA,http://www.roppongihills.com/green/,garden|tourist_attraction|park|point_of_interest|establishment,True,NA,high,0,15,12,15,2,5,0,61.681,"score=61.7/110; visitor=0, google=12.7, official=15, scale=12, metro=15, opening=2, mapping=5, penalty=0",No reliable annual visitor count found; included as representative tourism proxy.,way,103425091.0,NA,NA,garden,NA,Q11547673,ja:毛利甲斐守邸跡,17.3
P0273,Tokyo kart,G19,Asakusa,312.5,0.560349,35.7082468,139.7993574,tourism=attraction,tourism=attraction,11.638,4.8,876.0,OSM,Tokyo kart,Ginza,https://japankart.com/,ChIJI4zQj8aOGGARr6ztuM9NvqI,https://maps.google.com/?cid=11726896034275503279&g_mp=Cidnb29nbGUubWFwcy5wbGFjZXMudjEuUGxhY2VzLlNlYXJjaFRleHQQAhgEIAA,https://japankart.com/,go_karting_venue|race_course|event_venue|sports_activity_location|service|point_of_interest|establishment,True,NA,high,0,15,16,12,2,5,0,61.638,"score=61.6/110; visitor=0, google=11.6, official=15, scale=16, metro=12, opening=2, mapping=5, penalty=0",No reliable annual visitor count found; included as representative tourism proxy.,node,6815186286.0,attraction,NA,NA,NA,NA,NA,352.6
P0274,Old Shimbashi Station Railway History Exhibition Hall,G08,Shimbashi,323.0,0.560242,35.6659465,139.7616202,tourism=museum,tourism=museum,11.627,4.0,870.0,OSM,Old Shimbashi Station Railway History Exhibition Hall,Ginza,http://www.ejrcf.or.jp/shinbashi/index.html,ChIJ3YkTH-iLGGARFeFdXRMTGCA,https://maps.google.com/?cid=2312619382546489621&g_mp=Cidnb29nbGUubWFwcy5wbGFjZXMudjEuUGxhY2VzLlNlYXJjaFRleHQQAhgEIAA,http://www.ejrcf.or.jp/shinbashi/index.html,tourist_attraction|museum|point_of_interest|establishment,True,NA,high,0,15,16,12,2,5,0,61.627,"score=61.6/110; visitor=0, google=11.6, official=15, scale=16, metro=12, opening=2, mapping=5, penalty=0",No reliable annual visitor count found; included as representative tourism proxy.,node,820849494.0,museum,NA,NA,NA,Q104698226,NA,14.1
P0275,Pigeon house,Z06,Kudanshita,649.1,0.454545,35.6944303,139.7440516,tourism=viewpoint,tourism=viewpoint,0.0,4.4,857.0,OSM,Pigeon house,Hanzomon,http://www.pigeonhouse.ie/,ChIJPx1ankSvZ0gRYEURBfrebb8,https://maps.google.com/?cid=13793926399113905504&g_mp=Cidnb29nbGUubWFwcy5wbGFjZXMudjEuUGxhY2VzLlNlYXJjaFRleHQQAhgEIAA,http://www.pigeonhouse.ie/,restaurant|coffee_shop|brunch_restaurant|cafe|food_store|store|food|point_of_interest|establishment,True,NA,high,0,15,16,12,2,5,0,50.0,"score=50.0/110; visitor=0, google=0.0, official=15, scale=16, metro=12, opening=2, mapping=5, penalty=0",No reliable annual visitor count found; included as representative tourism proxy. Google Places match is 9602002m from original POI coordinate; popularity score set to 0 due to location mismatch.,node,7005259585.0,viewpoint,NA,NA,NA,NA,NA,9602001.9
P0276,The Watari Museum Contemporary Art,G03,Gaiemmae,404.4,0.559639,35.6706976,139.7133661,tourism=museum,tourism=museum,11.56,4.2,837.0,OSM,The Watari Museum Contemporary Art,Ginza,http://www.watarium.co.jp/,ChIJXf9Z6JiMGGARRZ0zg4fFgLU,https://maps.google.com/?cid=13078670503696375109&g_mp=Cidnb29nbGUubWFwcy5wbGFjZXMudjEuUGxhY2VzLlNlYXJjaFRleHQQAhgEIAA,http://www.watarium.co.jp/,art_museum|tourist_attraction|museum|point_of_interest|establishment,True,NA,high,0,15,16,12,2,5,0,61.56,"score=61.6/110; visitor=0, google=11.6, official=15, scale=16, metro=12, opening=2, mapping=5, penalty=0",No reliable annual visitor count found; included as representative tourism proxy.,node,2930640182.0,museum,NA,NA,NA,Q3915469,ja:ワタリウム美術館,3.1
P0277,Taikokan Drum Museum,G18,Tawaramachi,249.5,0.559629,35.711815,139.791779,tourism=museum,tourism=museum,8.559,4.3,145.0,OSM,Taikokan Drum Museum,Ginza,https://www.asakusastation.com/taikokan-drum-museum/,ChIJF0FrzcaOGGARPrSfUYaGYH4,https://maps.google.com/?cid=9106426357996303422&g_mp=Cidnb29nbGUubWFwcy5wbGFjZXMudjEuUGxhY2VzLlNlYXJjaFRleHQQAhgEIAA,https://www.miyamoto-unosuke.co.jp/taikokan/,museum|tourist_attraction|point_of_interest|establishment,True,NA,high,0,15,16,15,2,5,0,61.559,"score=61.6/110; visitor=0, google=8.6, official=15, scale=16, metro=15, opening=2, mapping=5, penalty=0",No reliable annual visitor count found; included as representative tourism proxy.,node,1420774661.0,museum,NA,NA,NA,Q104698257,NA,1.5
P0278,Edogawa Zoo,T16,NishiKasai,729.7,0.559509,35.6710576,139.8584542,tourism=zoo,tourism=zoo,13.546,4.4,2662.0,OSM,Edogawa Zoo,Tozai,http://edogawa-kankyozaidan.jp/zoo/,ChIJyWHyxN6HGGARGyYnLazhjgA,https://maps.google.com/?cid=40217576301078043&g_mp=Cidnb29nbGUubWFwcy5wbGFjZXMudjEuUGxhY2VzLlNlYXJjaFRleHQQAhgEIAA,http://edogawa-kankyozaidan.jp/zoo/,zoo|tourist_attraction|point_of_interest|establishment,True,NA,medium,0,15,20,8,2,3,0,61.546,"score=61.5/110; visitor=0, google=13.5, official=15, scale=20, metro=8, opening=2, mapping=3, penalty=0",No reliable annual visitor count found; included as representative tourism proxy.,way,510609121.0,zoo,NA,NA,NA,Q11551063,ja:江戸川区自然動物園,4.8
P0279,Natsume Soseki Memorial Museum,T04,Waseda,352.4,0.559262,35.7039421,139.725453,tourism=museum,tourism=museum,11.519,4.2,817.0,OSM,Natsume Soseki Memorial Museum,Tozai,https://soseki-museum.jp,ChIJ_-kCNfyMGGAR1O0nCLKeY44,https://maps.google.com/?cid=10260218863558323668&g_mp=Cidnb29nbGUubWFwcy5wbGFjZXMudjEuUGxhY2VzLlNlYXJjaFRleHQQAhgEIAA,http://soseki-museum.jp/,museum|tourist_attraction|point_of_interest|establishment,True,NA,high,0,15,16,12,2,5,0,61.519,"score=61.5/110; visitor=0, google=11.5, official=15, scale=16, metro=12, opening=2, mapping=5, penalty=0",No reliable annual visitor count found; included as representative tourism proxy.,way,168230264.0,museum,NA,NA,NA,Q24862403,ja:新宿区立漱石山房記念館,4.1
P0280,Marunouchi House,M17,Tokyo,58.2,0.558749,35.6824495,139.7646788,tourism=viewpoint,tourism=viewpoint,8.462,4.5,137.0,OSM,Marunouchi House,Marunouchi,https://www.marunouchi-house.com/,ChIJIWa8SviLGGARNqkBaYgHEkk,https://maps.google.com/?cid=5265279196808194358&g_mp=Cidnb29nbGUubWFwcy5wbGFjZXMudjEuUGxhY2VzLlNlYXJjaFRleHQQAhgEIAA,http://www.marunouchi-house.com/,restaurant|store|food|point_of_interest|establishment,True,NA,high,0,15,16,15,2,5,0,61.462,"score=61.5/110; visitor=0, google=8.5, official=15, scale=16, metro=15, opening=2, mapping=5, penalty=0",No reliable annual visitor count found; included as representative tourism proxy.,node,12151295691.0,viewpoint,NA,NA,NA,NA,NA,28.7
P0281,Okuma Auditorium,T04,Waseda,367.0,0.558318,35.7089433,139.721581,tourism=attraction,tourism=attraction,11.415,4.4,769.0,OSM,大隈講堂,Tozai,https://www.waseda.jp/culture/facility/auditorium/,ChIJaYg_uRyNGGARaSxUu4_gr8w,https://maps.google.com/?cid=14749254212589464681&g_mp=Cidnb29nbGUubWFwcy5wbGFjZXMudjEuUGxhY2VzLlNlYXJjaFRleHQQAhgEIAA,https://www.waseda.jp/culture/facility/auditorium/,auditorium|cultural_landmark|event_venue|point_of_interest|establishment,True,NA,high,0,15,16,12,2,5,0,61.415,"score=61.4/110; visitor=0, google=11.4, official=15, scale=16, metro=12, opening=2, mapping=5, penalty=0",No reliable annual visitor count found; included as representative tourism proxy.,way,94117018.0,attraction,building,NA,university,Q2870807,ja:大隈講堂,5.4
P0282,梅園,C13,Yushima,211.7,0.445455,35.7075033,139.7677999,leisure=garden,leisure=garden,0.0,4.1,1343.0,OSM,梅園,Chiyoda,https://www.asakusa-umezono.co.jp/,ChIJpU4eJsGOGGARgFBnERrYIpk,https://maps.google.com/?cid=11034619643483869312&g_mp=Cidnb29nbGUubWFwcy5wbGFjZXMudjEuUGxhY2VzLlNlYXJjaFRleHQQAhgEIAA,https://www.asakusa-umezono.co.jp/,cafe|dessert_restaurant|confectionery|coffee_shop|food_store|restaurant|food|store|point_of_interest|establishment,True,NA,high,0,15,12,15,2,5,0,49.0,"score=49.0/110; visitor=0, google=0.0, official=15, scale=12, metro=15, opening=2, mapping=5, penalty=0",No reliable annual visitor count found; included as representative tourism proxy. Google Places match is 2625m from original POI coordinate; popularity score set to 0 due to location mismatch.,way,89800480.0,NA,NA,garden,NA,NA,NA,2625.4
P0283,Parliamentary Museum,M14,KokkaiGijidomae,405.0,0.557761,35.678347,139.7470123,tourism=museum,tourism=museum,11.354,3.9,742.0,OSM,憲政記念館,Marunouchi,http://www.shugiin.go.jp,ChIJCSOV_omLGGARC30qXmCHB7A,https://maps.google.com/?cid=12684255723478744331&g_mp=Cidnb29nbGUubWFwcy5wbGFjZXMudjEuUGxhY2VzLlNlYXJjaFRleHQQAhgEIAA,http://www.shugiin.go.jp/internet/itdb_annai.nsf/html/statics/kensei/kensei.htm,museum|tourist_attraction|point_of_interest|establishment,True,NA,high,0,15,16,12,2,5,0,61.354,"score=61.4/110; visitor=0, google=11.4, official=15, scale=16, metro=12, opening=2, mapping=5, penalty=0",No reliable annual visitor count found; included as representative tourism proxy.,way,140099041.0,museum,NA,NA,NA,Q11495238,NA,182.1
P0284,Front of Nijūbashi,Y17,Sakuradamon,400.5,0.557248,35.6802604,139.7546722,tourism=viewpoint,tourism=viewpoint,11.297,4.5,718.0,OSM,二重橋前,Yurakucho,https://www.env.go.jp/garden/kokyogaien/1_intro/his_04.html,ChIJz0U-RQGLGGARMmz2NOaqNxQ,https://maps.google.com/?cid=1456820910185409586&g_mp=Cidnb29nbGUubWFwcy5wbGFjZXMudjEuUGxhY2VzLlNlYXJjaFRleHQQAhgEIAA,https://www.env.go.jp/garden/kokyogaien/1_intro/his_04.html,bridge|historical_landmark|historical_place|transportation_service|point_of_interest|establishment,True,NA,high,0,15,16,12,2,5,0,61.297,"score=61.3/110; visitor=0, google=11.3, official=15, scale=16, metro=12, opening=2, mapping=5, penalty=0",No reliable annual visitor count found; included as representative tourism proxy.,node,4736323978.0,viewpoint,NA,NA,NA,NA,NA,98.2
P0285,東京都目黒区立 川の資料館,H01,NakaMeguro,438.6,0.556446,35.6413172,139.7022628,tourism=museum,tourism=museum,11.209,3.9,682.0,OSM,東京都目黒区立 川の資料館,Hibiya,http://www.city.meguro.tokyo.jp/shisetsu/shisetsu/koen/funairiba.html,ChIJAQAEDziLGGARj6ZIWTH0v4s,https://maps.google.com/?cid=10070035784612226703&g_mp=Cidnb29nbGUubWFwcy5wbGFjZXMudjEuUGxhY2VzLlNlYXJjaFRleHQQAhgEIAA,http://www.city.meguro.tokyo.jp/shisetsu/shisetsu/koen/funairiba.html,plaza|park|point_of_interest|establishment,True,NA,high,0,15,16,12,2,5,0,61.209,"score=61.2/110; visitor=0, google=11.2, official=15, scale=16, metro=12, opening=2, mapping=5, penalty=0",No reliable annual visitor count found; included as representative tourism proxy.,node,1975522153.0,museum,NA,NA,NA,NA,NA,51.9
P0286,Roof Garden,H12,Hatchobori,246.9,0.555766,35.673678,139.7791065,tourism=attraction,tourism=attraction,8.134,4.8,113.0,OSM,屋上庭園,Hibiya,https://ginza6.tokyo/welcome-to-gsix/day,ChIJ_wniXxmLGGARLgE_DYPbKiY,https://maps.google.com/?cid=2750251878372540718&g_mp=Cidnb29nbGUubWFwcy5wbGFjZXMudjEuUGxhY2VzLlNlYXJjaFRleHQQAhgEIAA,https://ginza6.tokyo/welcome-to-gsix/day,garden|point_of_interest|establishment,True,NA,high,0,15,16,15,2,5,0,61.134,"score=61.1/110; visitor=0, google=8.1, official=15, scale=16, metro=15, opening=2, mapping=5, penalty=0",No reliable annual visitor count found; included as representative tourism proxy.,node,4999493525.0,attraction,NA,garden,NA,NA,NA,1418.7
P0287,"The Museum of the Imperial Collections, Sannomaru Shozokan",C11,Otemachi,417.2,0.555234,35.6865373,139.7589461,tourism=museum,tourism=museum,11.076,4.2,631.0,OSM,"The Museum of the Imperial Collections, Sannomaru Shozokan",Chiyoda,https://shozokan.nich.go.jp/,ChIJPfFaQhOMGGARTfig6X5OJvM,https://maps.google.com/?cid=17520777707323979853&g_mp=Cidnb29nbGUubWFwcy5wbGFjZXMudjEuUGxhY2VzLlNlYXJjaFRleHQQAhgEIAA,https://shozokan.nich.go.jp/,art_museum|tourist_attraction|museum|point_of_interest|establishment,True,NA,high,0,15,16,12,2,5,0,61.076,"score=61.1/110; visitor=0, google=11.1, official=15, scale=16, metro=12, opening=2, mapping=5, penalty=0",No reliable annual visitor count found; included as representative tourism proxy.,way,145501856.0,museum,NA,NA,NA,Q3076188,ja:三の丸尚蔵館,29.6
P0288,たもん,M01,Ogikubo,182.3,0.445455,35.7035531,139.617892,tourism=gallery,tourism=gallery,0.0,3.9,1119.0,OSM,たもん,Marunouchi,https://g222800.gorp.jp/,ChIJT21fqCPwGGARQrBYo8tL-h8,https://maps.google.com/?cid=2304237497344372802&g_mp=Cidnb29nbGUubWFwcy5wbGFjZXMudjEuUGxhY2VzLlNlYXJjaFRleHQQAhgEIAA,https://g222800.gorp.jp/,restaurant|point_of_interest|food|establishment,True,NA,high,0,15,12,15,2,5,0,49.0,"score=49.0/110; visitor=0, google=0.0, official=15, scale=12, metro=15, opening=2, mapping=5, penalty=0",No reliable annual visitor count found; included as representative tourism proxy. Google Places match is 7292m from original POI coordinate; popularity score set to 0 due to location mismatch.,node,6424427125.0,gallery,NA,NA,NA,NA,NA,7291.8
P0289,Meiji Jingu Treasure Museum,F14,KitaSando,693.4,0.554306,35.6799897,139.698013,tourism=museum,tourism=museum,6.974,4.1,57.0,OSM,Meiji Jingu Treasure Museum,Fukutoshin,https://www.meijijingu.or.jp/museum/houmotsuden/,ChIJb_37DRyNGGARNUGHt2Kl4WE,https://maps.google.com/?cid=7053100334843380021&g_mp=Cidnb29nbGUubWFwcy5wbGFjZXMudjEuUGxhY2VzLlNlYXJjaFRleHQQAhgEIAA,https://www.meijijingu.or.jp/museum/houmotsuden/,museum|historical_landmark|historical_place|point_of_interest|establishment,True,NA,high,0,15,20,12,2,5,0,60.974,"score=61.0/110; visitor=0, google=7.0, official=15, scale=20, metro=12, opening=2, mapping=5, penalty=0",No reliable annual visitor count found; included as representative tourism proxy.,way,138698485.0,museum,NA,NA,NA,Q133288913,NA,4.5
P0290,Silk Road cosmetic Ueno,G15,UenoHirokoji,157.8,0.554133,35.7081654,139.7746873,tourism=attraction,tourism=attraction,3.955,3.4,9.0,OSM,Silk Road cosmetic Ueno,Ginza,https://www.cosme-silkroad.co.jp/,ChIJ6Z4Ql5-OGGAR7BEvRcLnt5E,https://maps.google.com/?cid=10500115877807985132&g_mp=Cidnb29nbGUubWFwcy5wbGFjZXMudjEuUGxhY2VzLlNlYXJjaFRleHQQAhgEIAA,https://www.cosme-silkroad.co.jp/,cosmetics_store|store|point_of_interest|establishment,True,NA,high,0,15,20,15,2,5,0,60.955,"score=61.0/110; visitor=0, google=4.0, official=15, scale=20, metro=15, opening=2, mapping=5, penalty=0",No reliable annual visitor count found; included as representative tourism proxy.,node,6346685086.0,attraction,NA,NA,NA,NA,NA,64.1
P0291,La Porte Aoyama,C04,OmoteSando,355.3,0.554028,35.6628143,139.709538,tourism=attraction,tourism=attraction,10.943,3.8,584.0,OSM,La Porte Aoyama,Chiyoda,https://laporte-aoyama.com/,ChIJ6XGrhV-LGGARste0DVBkN_c,https://maps.google.com/?cid=17813817146077403058&g_mp=Cidnb29nbGUubWFwcy5wbGFjZXMudjEuUGxhY2VzLlNlYXJjaFRleHQQAhgEIAA,https://laporte-aoyama.com/,shopping_mall|point_of_interest|establishment,True,NA,high,0,15,16,12,2,5,0,60.943,"score=60.9/110; visitor=0, google=10.9, official=15, scale=16, metro=12, opening=2, mapping=5, penalty=0",No reliable annual visitor count found; included as representative tourism proxy.,node,4803759626.0,attraction,NA,NA,NA,NA,NA,12.3
P0292,"Memorial Museum for Soldiers, Detainees in Siberia, and Postwar Repatriates",M07,NishiShinjuku,361.8,0.553813,35.6912618,139.6925118,tourism=museum,tourism=museum,10.919,4.4,576.0,OSM,"Memorial Museum for Soldiers, Detainees in Siberia, and Postwar Repatriates",Marunouchi,https://www.heiwakinen.go.jp/,ChIJb9gQGdWMGGAR_uOKl9Bse30,https://maps.google.com/?cid=9041940320027862014&g_mp=Cidnb29nbGUubWFwcy5wbGFjZXMudjEuUGxhY2VzLlNlYXJjaFRleHQQAhgEIAA,https://www.heiwakinen.go.jp/,museum|point_of_interest|establishment,True,NA,high,0,15,16,12,2,5,0,60.919,"score=60.9/110; visitor=0, google=10.9, official=15, scale=16, metro=12, opening=2, mapping=5, penalty=0",No reliable annual visitor count found; included as representative tourism proxy.,node,1420779754.0,museum,NA,NA,NA,Q56025796,ja:平和祈念展示資料館,19.2
P0293,Kachidoki Bridge,H11,Tsukiji,602.7,0.553374,35.662745,139.7744236,tourism=attraction,tourism=attraction,10.871,4.4,560.0,OSM,Kachidoki Bridge,Hibiya,https://www.city.chuo.lg.jp/a0052/bunkakankou/rekishi/kunibunkazai/030721.html,ChIJ5zOC7K2JGGARr0GGHO4bZHE,https://maps.google.com/?cid=8170686333451649455&g_mp=Cidnb29nbGUubWFwcy5wbGFjZXMudjEuUGxhY2VzLlNlYXJjaFRleHQQAhgEIAA,https://www.city.chuo.lg.jp/a0052/bunkakankou/rekishi/kunibunkazai/030721.html,bridge|transportation_service|point_of_interest|establishment,True,NA,high,0,15,16,12,2,5,0,60.871,"score=60.9/110; visitor=0, google=10.9, official=15, scale=16, metro=12, opening=2, mapping=5, penalty=0",No reliable annual visitor count found; included as representative tourism proxy.,node,6351835586.0,attraction,NA,NA,NA,NA,NA,67.8
P0294,Tokyo mystery circus,M08,Shinjuku,327.7,0.553262,35.6953961,139.7007081,tourism=attraction,tourism=attraction,10.859,4.0,556.0,OSM,Tokyo mystery circus,Marunouchi,https://mysterycircus.jp/,ChIJEbCpLj-NGGARpHMHkRX8y-E,https://maps.google.com/?cid=16270375248363746212&g_mp=Cidnb29nbGUubWFwcy5wbGFjZXMudjEuUGxhY2VzLlNlYXJjaFRleHQQAhgEIAA,https://mysterycircus.jp/,amusement_center|point_of_interest|establishment,True,NA,high,0,15,16,12,2,5,0,60.859,"score=60.9/110; visitor=0, google=10.9, official=15, scale=16, metro=12, opening=2, mapping=5, penalty=0",No reliable annual visitor count found; included as representative tourism proxy.,node,11216987537.0,attraction,NA,NA,NA,NA,NA,9.6
P0295,Aqua Park Shinagawa,N02,Shirokanedai,1373.9,0.553208,35.628389,139.7357544,tourism=aquarium,tourism=aquarium,16.853,4.3,18262.0,OSM,マクセル アクアパーク品川,Namboku,https://www.aqua-park.jp/aqua/en/,ChIJC1aZZFeKGGARGLX8IHTOn-c,https://maps.google.com/?cid=16690285742223308056&g_mp=Cidnb29nbGUubWFwcy5wbGFjZXMudjEuUGxhY2VzLlNlYXJjaFRleHQQAhgEIAA,http://www.aqua-park.jp/aqua/,aquarium|tourist_attraction|point_of_interest|establishment,True,NA,medium,0,15,20,4,2,3,0,60.853,"score=60.9/110; visitor=0, google=16.9, official=15, scale=20, metro=4, opening=2, mapping=3, penalty=0",No reliable annual visitor count found; included as representative tourism proxy.,node,1745162765.0,aquarium,NA,NA,NA,NA,NA,48.0
P0296,Aqua Park Shinagawa,N02,Shirokanedai,1390.0,0.553208,35.6278835,139.7352723,tourism=aquarium,tourism=aquarium,16.853,4.3,18262.0,OSM,Aqua Park Shinagawa,Namboku,https://www.aqua-park.jp/aqua/,ChIJC1aZZFeKGGARGLX8IHTOn-c,https://maps.google.com/?cid=16690285742223308056&g_mp=Cidnb29nbGUubWFwcy5wbGFjZXMudjEuUGxhY2VzLlNlYXJjaFRleHQQAhgEIAA,http://www.aqua-park.jp/aqua/,aquarium|tourist_attraction|point_of_interest|establishment,True,NA,medium,0,15,20,4,2,3,0,60.853,"score=60.9/110; visitor=0, google=16.9, official=15, scale=20, metro=4, opening=2, mapping=3, penalty=0",No reliable annual visitor count found; included as representative tourism proxy.,way,539538016.0,aquarium,NA,NA,NA,Q3055859,ja:アクアパーク品川,44.6
P0297,aquarium de carpe,N16,Oji,1304.9,0.4,35.7501023,139.7239409,tourism=aquarium,tourism=aquarium,0.0,4.3,18262.0,OSM,aquarium de carpe,Namboku,http://www.aqua-park.jp/aqua/,ChIJC1aZZFeKGGARGLX8IHTOn-c,https://maps.google.com/?cid=16690285742223308056&g_mp=Cidnb29nbGUubWFwcy5wbGFjZXMudjEuUGxhY2VzLlNlYXJjaFRleHQQAhgEIAA,http://www.aqua-park.jp/aqua/,aquarium|tourist_attraction|point_of_interest|establishment,True,NA,medium,0,15,20,4,2,3,0,44.0,"score=44.0/110; visitor=0, google=0.0, official=15, scale=20, metro=4, opening=2, mapping=3, penalty=0",No reliable annual visitor count found; included as representative tourism proxy. Google Places match is 13584m from original POI coordinate; popularity score set to 0 due to location mismatch.,way,1040431213.0,aquarium,NA,NA,NA,NA,NA,13584.0
P0298,Shibusawa Memorial Museum,N15,Nishigahara,449.8,0.553036,35.7491487,139.7392166,tourism=museum,tourism=museum,10.834,4.1,548.0,OSM,Shibusawa Memorial Museum,Namboku,https://www.shibusawa.or.jp/museum/,ChIJcb6WhXiSGGARlnt_rYBjUxs,https://maps.google.com/?cid=1969026866408815510&g_mp=Cidnb29nbGUubWFwcy5wbGFjZXMudjEuUGxhY2VzLlNlYXJjaFRleHQQAhgEIAA,https://www.shibusawa.or.jp/,museum|tourist_attraction|history_museum|point_of_interest|establishment,True,NA,high,0,15,16,12,2,5,0,60.834,"score=60.8/110; visitor=0, google=10.8, official=15, scale=16, metro=12, opening=2, mapping=5, penalty=0",No reliable annual visitor count found; included as representative tourism proxy.,way,334122306.0,museum,NA,NA,NA,Q11254595,ja:渋沢史料館,3.6
P0299,Daigo Fukuryu Maru Museum,Y24,ShinKiba,576.2,0.552922,35.6509581,139.8263521,tourism=museum,tourism=museum,10.821,4.5,544.0,OSM,都立第五福竜丸展示館,Yurakucho,http://d5f.org/,ChIJu9-xnDmIGGARdtSFJ6pCCyY,https://maps.google.com/?cid=2741358096760034422&g_mp=Cidnb29nbGUubWFwcy5wbGFjZXMudjEuUGxhY2VzLlNlYXJjaFRleHQQAhgEIAA,http://d5f.org/,history_museum|tourist_attraction|museum|point_of_interest|establishment,True,NA,high,0,15,16,12,2,5,0,60.821,"score=60.8/110; visitor=0, google=10.8, official=15, scale=16, metro=12, opening=2, mapping=5, penalty=0",No reliable annual visitor count found; included as representative tourism proxy.,node,1420795772.0,museum,NA,NA,NA,Q11525586,ja:東京都立第五福竜丸展示館,3.4
P0300,Min-On Music Library,M11,YotsuyaSanchome,612.6,0.552691,35.6823264,139.7193832,tourism=museum,tourism=museum,10.796,4.7,536.0,OSM,民音音楽博物館,Marunouchi,https://museum.min-on.or.jp/,ChIJ5W-rtJOMGGARB-JFc6fs9c8,https://maps.google.com/?cid=14985143539082846727&g_mp=Cidnb29nbGUubWFwcy5wbGFjZXMudjEuUGxhY2VzLlNlYXJjaFRleHQQAhgEIAA,https://museum.min-on.or.jp/,museum|tourist_attraction|point_of_interest|establishment,True,NA,high,0,15,16,12,2,5,0,60.796,"score=60.8/110; visitor=0, google=10.8, official=15, scale=16, metro=12, opening=2, mapping=5, penalty=0",No reliable annual visitor count found; included as representative tourism proxy.,node,1420787066.0,museum,NA,NA,NA,NA,NA,12.2
P0301,Shibuya Blue Cave Winter Illumination,C03,MeijiJingumae,620.3,0.552601,35.6660655,139.6982005,tourism=attraction,tourism=attraction,6.786,4.8,51.0,OSM,Shibuya Blue Cave Winter Illumination,Chiyoda,https://instagram.com/blue.shibuya,ChIJBZBSgXyLGGARQ_uLZrXiw6w,https://maps.google.com/?cid=12449043063719590723&g_mp=Cidnb29nbGUubWFwcy5wbGFjZXMudjEuUGxhY2VzLlNlYXJjaFRleHQQAhgEIAA,https://instagram.com/blue.shibuya,karaoke|night_club|bar|point_of_interest|establishment,True,NA,high,0,15,20,12,2,5,0,60.786,"score=60.8/110; visitor=0, google=6.8, official=15, scale=20, metro=12, opening=2, mapping=5, penalty=0",No reliable annual visitor count found; included as representative tourism proxy.,node,6127218493.0,attraction,NA,NA,NA,NA,NA,995.4
P0302,Okuma Garden,T04,Waseda,432.5,0.552516,35.7095683,139.7220484,tourism=attraction,tourism=attraction,10.777,4.4,530.0,OSM,大隈庭園,Tozai,https://www.waseda.jp/top/news/26232,ChIJn3aDqgSNGGARxCpOTYh_5h0,https://maps.google.com/?cid=2154549695132609220&g_mp=Cidnb29nbGUubWFwcy5wbGFjZXMudjEuUGxhY2VzLlNlYXJjaFRleHQQAhgEIAA,https://www.waseda.jp/top/news/26232,garden|tourist_attraction|point_of_interest|establishment,True,NA,high,0,15,16,12,2,5,0,60.777,"score=60.8/110; visitor=0, google=10.8, official=15, scale=16, metro=12, opening=2, mapping=5, penalty=0",No reliable annual visitor count found; included as representative tourism proxy.,way,863163760.0,attraction,NA,garden,NA,Q3594031,NA,2.6
P0303,Oyokogawa Shinsui Park (Long Slide),Z14,Oshiage,542.2,0.552279,35.7092242,139.8078026,tourism=attraction,tourism=attraction,10.751,4.3,522.0,OSM,Oyokogawa Shinsui Park (Long Slide),Hanzomon,http://www.city.sumida.lg.jp/sisetu_info/kouen/kunai_park_annai/sumida_park/park60.html,ChIJq6o6JNGOGGAR0o1Fjj6fi2c,https://maps.google.com/?cid=7461232298693070290&g_mp=Cidnb29nbGUubWFwcy5wbGFjZXMudjEuUGxhY2VzLlNlYXJjaFRleHQQAhgEIAA,http://www.city.sumida.lg.jp/sisetu_info/kouen/kunai_park_annai/sumida_park/park60.html,city_park|tourist_attraction|park|point_of_interest|establishment,True,NA,high,0,15,16,12,2,5,0,60.751,"score=60.8/110; visitor=0, google=10.8, official=15, scale=16, metro=12, opening=2, mapping=5, penalty=0",No reliable annual visitor count found; included as representative tourism proxy.,node,9045392917.0,attraction,NA,NA,NA,NA,NA,11.6
P0304,Stamp Museum,T03,Takadanobaba,558.6,0.552189,35.7182677,139.7057801,tourism=museum,tourism=museum,10.741,3.9,519.0,OSM,Stamp Museum,Tozai,https://kitte-museum.jp,ChIJPcUBOkeNGGAR8AlWIh3n-0A,https://maps.google.com/?cid=4682590349897894384&g_mp=Cidnb29nbGUubWFwcy5wbGFjZXMudjEuUGxhY2VzLlNlYXJjaFRleHQQAhgEIAA,https://kitte-museum.jp/,museum|tourist_attraction|point_of_interest|establishment,True,NA,high,0,15,16,12,2,5,0,60.741,"score=60.7/110; visitor=0, google=10.7, official=15, scale=16, metro=12, opening=2, mapping=5, penalty=0",No reliable annual visitor count found; included as representative tourism proxy.,node,1420767889.0,museum,NA,NA,NA,Q11396206,ja:切手の博物館,10.9
P0305,Matsuoka Museum of Art,N02,Shirokanedai,443.7,0.551916,35.640021,139.721806,tourism=museum,tourism=museum,10.711,4.5,510.0,OSM,Matsuoka Museum of Art,Namboku,https://www.matsuoka-museum.jp/,ChIJLfAnTQWLGGARjQW3e3gEzrw,https://maps.google.com/?cid=13604816439851025805&g_mp=Cidnb29nbGUubWFwcy5wbGFjZXMudjEuUGxhY2VzLlNlYXJjaFRleHQQAhgEIAA,https://www.matsuoka-museum.jp/,art_museum|tourist_attraction|museum|point_of_interest|establishment,True,NA,high,0,15,16,12,2,5,0,60.711,"score=60.7/110; visitor=0, google=10.7, official=15, scale=16, metro=12, opening=2, mapping=5, penalty=0",No reliable annual visitor count found; included as representative tourism proxy.,node,1420786033.0,museum,NA,NA,NA,Q11530056,en:Matsuoka Museum of Art,16.2
P0306,Ancient Orient Museum,Y10,HigashiIkebukuro,363.0,0.551855,35.7287322,139.7209684,tourism=museum,tourism=museum,10.704,4.2,508.0,OSM,Ancient Orient Museum,Yurakucho,https://aom-tokyo.com/,ChIJBzFEFG6NGGARTsARiXqpz-U,https://maps.google.com/?cid=16559640698615349326&g_mp=Cidnb29nbGUubWFwcy5wbGFjZXMudjEuUGxhY2VzLlNlYXJjaFRleHQQAhgEIAA,https://aom-tokyo.com/,tourist_attraction|museum|point_of_interest|establishment,True,NA,high,0,15,16,12,2,5,0,60.704,"score=60.7/110; visitor=0, google=10.7, official=15, scale=16, metro=12, opening=2, mapping=5, penalty=0",No reliable annual visitor count found; included as representative tourism proxy.,node,1420771074.0,museum,NA,NA,NA,Q1048740,NA,12.7
P0307,Kita City Asukayama Museum,N15,Nishigahara,498.8,0.551763,35.7495548,139.7389788,tourism=museum,tourism=museum,10.694,4.1,505.0,OSM,Kita City Asukayama Museum,Namboku,https://www.city.kita.tokyo.jp/hakubutsukan/,ChIJLzF3jXiSGGARElb4nkUvSbk,https://maps.google.com/?cid=13351254546382870034&g_mp=Cidnb29nbGUubWFwcy5wbGFjZXMudjEuUGxhY2VzLlNlYXJjaFRleHQQAhgEIAA,https://www.city.kita.tokyo.jp/hakubutsukan/,tourist_attraction|museum|point_of_interest|establishment,True,NA,high,0,15,16,12,2,5,0,60.694,"score=60.7/110; visitor=0, google=10.7, official=15, scale=16, metro=12, opening=2, mapping=5, penalty=0",No reliable annual visitor count found; included as representative tourism proxy.,way,334122280.0,museum,NA,NA,NA,Q11401205,ja:北区飛鳥山博物館,5.4
P0308,Okura Museum of Art (Okura Shukokan),H06,ToranomonHills,410.5,0.551482,35.666923,139.7432191,tourism=museum,tourism=museum,10.663,4.2,496.0,OSM,大倉集古館,Hibiya,https://www.shukokan.org/,ChIJC5-nF5CLGGAR9M3JUrPsBj8,https://maps.google.com/?cid=4541577529181982196&g_mp=Cidnb29nbGUubWFwcy5wbGFjZXMudjEuUGxhY2VzLlNlYXJjaFRleHQQAhgEIAA,https://www.shukokan.org/,art_museum|tourist_attraction|museum|point_of_interest|establishment,True,NA,high,0,15,16,12,2,5,0,60.663,"score=60.7/110; visitor=0, google=10.7, official=15, scale=16, metro=12, opening=2, mapping=5, penalty=0",No reliable annual visitor count found; included as representative tourism proxy.,node,1420772919.0,museum,NA,NA,NA,Q3329598,en:Okura Museum of Art,12.8
P0309,SHIBUYA CAST. GARDEN,Z01,Shibuya,388.3,0.551352,35.6626848,139.702654,leisure=garden,leisure=garden,6.649,4.1,47.0,OSM,SHIBUYA CAST. GARDEN,Hanzomon,https://eventspace.shibuyacast.jp/garden/,ChIJ2YFRNaaMGGAR0oZuacryFKw,https://maps.google.com/?cid=12399802625223984850&g_mp=Cidnb29nbGUubWFwcy5wbGFjZXMudjEuUGxhY2VzLlNlYXJjaFRleHQQAhgEIAA,https://eventspace.shibuyacast.jp/garden/,event_venue|plaza|point_of_interest|establishment,True,NA,high,0,15,20,12,2,5,0,60.649,"score=60.6/110; visitor=0, google=6.6, official=15, scale=20, metro=12, opening=2, mapping=5, penalty=0",No reliable annual visitor count found; included as representative tourism proxy.,way,1416014951.0,NA,NA,garden,NA,NA,NA,16.1
P0310,Train viewpoint,F13,ShinjukuSanchome,444.3,0.454545,35.6878853,139.7011274,tourism=viewpoint,tourism=viewpoint,0.0,4.8,481.0,OSM,Train viewpoint,Fukutoshin,http://adventures.lol/,ChIJ1Y3VG15Dd1MR2oQIwWYqr10,https://maps.google.com/?cid=6750660987265254618&g_mp=Cidnb29nbGUubWFwcy5wbGFjZXMudjEuUGxhY2VzLlNlYXJjaFRleHQQAhgEIAA,http://adventures.lol/,scenic_spot|point_of_interest|establishment,True,NA,high,0,15,16,12,2,5,0,50.0,"score=50.0/110; visitor=0, google=0.0, official=15, scale=16, metro=12, opening=2, mapping=5, penalty=0",No reliable annual visitor count found; included as representative tourism proxy. Google Places match is 7852451m from original POI coordinate; popularity score set to 0 due to location mismatch.,node,13665813902.0,viewpoint,NA,NA,NA,NA,NA,7852451.4
P0311,Paper Museum,N16,Oji,524.6,0.550775,35.7498751,139.7386812,tourism=museum,tourism=museum,10.585,3.9,474.0,OSM,Paper Museum,Namboku,https://papermuseum.jp/,ChIJVVVF6XiSGGARw-6l41LyZig,https://maps.google.com/?cid=2911280646962147011&g_mp=Cidnb29nbGUubWFwcy5wbGFjZXMudjEuUGxhY2VzLlNlYXJjaFRleHQQAhgEIAA,http://www.papermuseum.jp/,museum|tourist_attraction|point_of_interest|establishment,True,NA,high,0,15,16,12,2,5,0,60.585,"score=60.6/110; visitor=0, google=10.6, official=15, scale=16, metro=12, opening=2, mapping=5, penalty=0",No reliable annual visitor count found; included as representative tourism proxy.,way,334122319.0,museum,NA,NA,NA,Q11605492,ja:紙の博物館,2.1
P0312,Caretta Shiodome Observation Deck 46th floor,G08,Shimbashi,510.9,0.550376,35.6642722,139.762675,tourism=viewpoint,tourism=viewpoint,10.541,4.4,462.0,OSM,Caretta Shiodome Observation Deck 46th floor,Ginza,https://www.caretta.jp/skyrestaurants/#skyView,ChIJrx_Ez8KLGGARPUaHxocRqHk,https://maps.google.com/?cid=8766275949525681725&g_mp=Cidnb29nbGUubWFwcy5wbGFjZXMudjEuUGxhY2VzLlNlYXJjaFRleHQQAhgEIAA,https://www.caretta.jp/skyrestaurants/#skyView,observation_deck|tourist_attraction|point_of_interest|establishment,True,NA,high,0,15,16,12,2,5,0,60.541,"score=60.5/110; visitor=0, google=10.5, official=15, scale=16, metro=12, opening=2, mapping=5, penalty=0",No reliable annual visitor count found; included as representative tourism proxy.,node,5412443691.0,viewpoint,NA,NA,NA,NA,NA,25.0
P0313,Japanese Animals,G16,Ueno,519.9,0.550241,35.7156067,139.7722225,tourism=attraction,tourism=attraction,10.526,4.4,458.0,OSM,Japanese Animals,Ginza,http://ueno.kotoricafe.jp/,ChIJLznlE-iNGGARkHyWBIRbJzc,https://maps.google.com/?cid=3974245818748533904&g_mp=Cidnb29nbGUubWFwcy5wbGFjZXMudjEuUGxhY2VzLlNlYXJjaFRleHQQAhgEIAA,http://ueno.kotoricafe.jp/,cafe|point_of_interest|food|establishment,True,NA,high,0,15,16,12,2,5,0,60.526,"score=60.5/110; visitor=0, google=10.5, official=15, scale=16, metro=12, opening=2, mapping=5, penalty=0",No reliable annual visitor count found; included as representative tourism proxy.,way,997808919.0,attraction,NA,NA,NA,NA,NA,540.8
P0314,Life safety learning center,Y09,Ikebukuro,379.7,0.550172,35.7280356,139.706924,tourism=museum,tourism=museum,10.519,4.3,456.0,OSM,Life safety learning center,Yurakucho,https://www.tfd.metro.tokyo.lg.jp/taiken/ikebukuro/index.html,ChIJMcDHm1yNGGARMFq44IC-B6Q,https://maps.google.com/?cid=11819625207792425520&g_mp=Cidnb29nbGUubWFwcy5wbGFjZXMudjEuUGxhY2VzLlNlYXJjaFRleHQQAhgEIAA,https://www.tfd.metro.tokyo.lg.jp/taiken/ikebukuro/index.html,tourist_attraction|educational_institution|point_of_interest|establishment,True,NA,high,0,15,16,12,2,5,0,60.519,"score=60.5/110; visitor=0, google=10.5, official=15, scale=16, metro=12, opening=2, mapping=5, penalty=0",No reliable annual visitor count found; included as representative tourism proxy.,node,6018196685.0,museum,NA,NA,NA,NA,NA,8.2
P0315,Street Kart Tokyo Bay,Y24,ShinKiba,866.9,0.550075,35.638189,139.8244199,tourism=attraction,tourism=attraction,16.508,5.0,14941.0,OSM,Street Kart Tokyo Bay,Yurakucho,https://streetkart.com/,ChIJcQcN0yeIGGARRVVRbAnfwYI,https://maps.google.com/?cid=9422057127000757573&g_mp=Cidnb29nbGUubWFwcy5wbGFjZXMudjEuUGxhY2VzLlNlYXJjaFRleHQQAhgEIAA,https://streetkart.com/,go_karting_venue|car_rental|tourist_information_center|race_course|tour_agency|travel_agency|event_venue|service|sports_activity_location|point_of_interest|establishment,True,NA,medium,0,15,16,8,2,3,0,60.508,"score=60.5/110; visitor=0, google=16.5, official=15, scale=16, metro=8, opening=2, mapping=3, penalty=0",No reliable annual visitor count found; included as representative tourism proxy.,node,12598554603.0,attraction,NA,NA,NA,NA,NA,24.0
P0316,Panda Forest,C14,Nezu,507.4,0.454545,35.7144998,139.7701632,tourism=attraction,tourism=attraction,0.0,4.7,444.0,OSM,熊猫森林,Chiyoda,https://www.ueno-panda.jp/,ChIJeVTR0tgT2jERy3tn0DbfNc8,https://maps.google.com/?cid=14931085566134418379&g_mp=Cidnb29nbGUubWFwcy5wbGFjZXMudjEuUGxhY2VzLlNlYXJjaFRleHQQAhgEIAA,https://www.mandai.com/en/river-wonders/animals-and-zones/giant-panda-forest.html,tourist_attraction|zoo|point_of_interest|establishment,True,NA,high,0,15,16,12,2,5,0,50.0,"score=50.0/110; visitor=0, google=0.0, official=15, scale=16, metro=12, opening=2, mapping=5, penalty=0",No reliable annual visitor count found; included as representative tourism proxy. Google Places match is 5319944m from original POI coordinate; popularity score set to 0 due to location mismatch.,way,997808951.0,attraction,NA,NA,NA,NA,NA,5319943.8
P0317,Shiseido Gallery,G08,Shimbashi,333.4,0.549221,35.6685768,139.7618973,tourism=museum,tourism=museum,10.414,4.2,429.0,OSM,Shiseido Gallery,Ginza,https://gallery.shiseido.com/jp/,ChIJBwTDyeiLGGARuY5n3x3bdCk,https://maps.google.com/?cid=2987253374202121913&g_mp=Cidnb29nbGUubWFwcy5wbGFjZXMudjEuUGxhY2VzLlNlYXJjaFRleHQQAhgEIAA,https://gallery.shiseido.com/jp/,art_gallery|tourist_attraction|point_of_interest|establishment,True,NA,high,0,15,16,12,2,5,0,60.414,"score=60.4/110; visitor=0, google=10.4, official=15, scale=16, metro=12, opening=2, mapping=5, penalty=0",No reliable annual visitor count found; included as representative tourism proxy.,node,3258775394.0,museum,NA,NA,NA,NA,NA,2.2
P0318,Ichiyo Memorial Museum,H20,Minowa,440.7,0.548667,35.7255542,139.7928116,tourism=museum,tourism=museum,10.353,4.0,414.0,OSM,Ichiyo Memorial Museum,Hibiya,https://www.taitogeibun.net/ichiyo/,ChIJ75oaN42OGGAR2l6KUhqZ7q4,https://maps.google.com/?cid=12605180745389596378&g_mp=Cidnb29nbGUubWFwcy5wbGFjZXMudjEuUGxhY2VzLlNlYXJjaFRleHQQAhgEIAA,https://www.taitogeibun.net/ichiyo/,museum|tourist_attraction|point_of_interest|establishment,True,NA,high,0,15,16,12,2,5,0,60.353,"score=60.4/110; visitor=0, google=10.4, official=15, scale=16, metro=12, opening=2, mapping=5, penalty=0",No reliable annual visitor count found; included as representative tourism proxy.,node,4270881089.0,museum,NA,NA,NA,Q11353179,NA,2.5
P0319,Kikuchi Kanjitsu Memorial Tomo Museum,H06,ToranomonHills,316.2,0.548629,35.666041,139.744605,tourism=museum,tourism=museum,10.349,4.3,413.0,OSM,Kikuchi Kanjitsu Memorial Tomo Museum,Hibiya,http://www.musee-tomo.or.jp/,ChIJ3RlOVJCLGGARB3R2XWU5FtE,https://maps.google.com/?cid=15066292710937097223&g_mp=Cidnb29nbGUubWFwcy5wbGFjZXMudjEuUGxhY2VzLlNlYXJjaFRleHQQAhgEIAA,http://www.musee-tomo.or.jp/,tourist_attraction|art_museum|museum|point_of_interest|establishment,True,NA,high,0,15,16,12,2,5,0,60.349,"score=60.3/110; visitor=0, google=10.3, official=15, scale=16, metro=12, opening=2, mapping=5, penalty=0",No reliable annual visitor count found; included as representative tourism proxy.,node,1420797074.0,museum,NA,NA,NA,Q19340630,en:Musée Tomo,5.4
P0320,Otani Art Museum,N15,Nishigahara,448.0,0.548402,35.7431053,139.7457809,tourism=museum,tourism=museum,10.324,4.2,407.0,OSM,Otani Art Museum,Namboku,https://www.otanimuseum.or.jp/kyufurukawatei/,ChIJ2Y72Po6NGGARFuKRcvGNpUQ,https://maps.google.com/?cid=4946515833885155862&g_mp=Cidnb29nbGUubWFwcy5wbGFjZXMudjEuUGxhY2VzLlNlYXJjaFRleHQQAhgEIAA,https://www.otanimuseum.or.jp/kyufurukawatei/,art_museum|tourist_attraction|historical_landmark|museum|historical_place|point_of_interest|establishment,True,NA,high,0,15,16,12,2,5,0,60.324,"score=60.3/110; visitor=0, google=10.3, official=15, scale=16, metro=12, opening=2, mapping=5, penalty=0",No reliable annual visitor count found; included as representative tourism proxy.,node,1420774587.0,museum,NA,NA,NA,NA,NA,11.0
P0321,万世橋駅 跡地,M19,Awajicho,350.8,0.548014,35.6975133,139.7695765,tourism=attraction,tourism=attraction,10.282,4.2,397.0,OSM,万世橋駅 跡地,Marunouchi,http://www.ejrcf.or.jp/mansei/,ChIJF-kS1ByMGGARfX9TAILqL3w,https://maps.google.com/?cid=8948628828680585085&g_mp=Cidnb29nbGUubWFwcy5wbGFjZXMudjEuUGxhY2VzLlNlYXJjaFRleHQQAhgEIAA,http://www.ejrcf.or.jp/mansei/,historical_landmark|tourist_attraction|historical_place|point_of_interest|establishment,True,NA,high,0,15,16,12,2,5,0,60.282,"score=60.3/110; visitor=0, google=10.3, official=15, scale=16, metro=12, opening=2, mapping=5, penalty=0",No reliable annual visitor count found; included as representative tourism proxy.,node,8995417645.0,attraction,NA,NA,NA,NA,NA,66.1
P0322,SkyTree sunset viewpoint,Z14,Oshiage,861.0,0.547588,35.7064799,139.8229511,tourism=viewpoint,tourism=viewpoint,12.235,4.4,1240.0,OSM,SkyTree sunset viewpoint,Hanzomon,https://www.tokyo-skytree.jp/,ChIJAeuPnfuPGGARO2sUV54UZh0,https://maps.google.com/?cid=2118403345022741307&g_mp=Cidnb29nbGUubWFwcy5wbGFjZXMudjEuUGxhY2VzLlNlYXJjaFRleHQQAhgEIAA,https://www.tokyo-skytree.jp/,observation_deck|point_of_interest|establishment,True,NA,medium,0,15,20,8,2,3,0,60.235,"score=60.2/110; visitor=0, google=12.2, official=15, scale=20, metro=8, opening=2, mapping=3, penalty=0",No reliable annual visitor count found; included as representative tourism proxy.,node,6899768285.0,viewpoint,NA,NA,NA,NA,NA,1182.5
P0323,Hayashi Fumiko Memorial Hall,T02,Ochiai,599.5,0.547333,35.7158469,139.684266,tourism=museum,tourism=museum,10.207,4.3,380.0,OSM,Hayashi Fumiko Memorial Hall,Tozai,https://www.regasu-shinjuku.or.jp/rekihaku/fumiko/12/,ChIJD9pLurHyGGARgOFmDYZdzyc,https://maps.google.com/?cid=2868614317990142336&g_mp=Cidnb29nbGUubWFwcy5wbGFjZXMudjEuUGxhY2VzLlNlYXJjaFRleHQQAhgEIAA,https://www.regasu-shinjuku.or.jp/rekihaku/fumiko/12/,museum|tourist_attraction|point_of_interest|establishment,True,NA,high,0,15,16,12,2,5,0,60.207,"score=60.2/110; visitor=0, google=10.2, official=15, scale=16, metro=12, opening=2, mapping=5, penalty=0",No reliable annual visitor count found; included as representative tourism proxy.,node,2179766912.0,museum,NA,NA,NA,Q11533289,NA,2.3
P0324,Himalayan Cedar Tree,C14,Nezu,488.1,0.454545,35.7214795,139.7674963,tourism=viewpoint,tourism=viewpoint,0.0,4.7,362.0,OSM,Himalayan Cedar Tree,Chiyoda,http://www.nationalarboretum.act.gov.au/,ChIJXUapIeSyF2sRCToVBKUqQtE,https://maps.google.com/?cid=15078661390616312329&g_mp=Cidnb29nbGUubWFwcy5wbGFjZXMudjEuUGxhY2VzLlNlYXJjaFRleHQQAhgEIAA,http://www.nationalarboretum.act.gov.au/,scenic_spot|point_of_interest|establishment,True,NA,high,0,15,16,12,2,5,0,50.0,"score=50.0/110; visitor=0, google=0.0, official=15, scale=16, metro=12, opening=2, mapping=5, penalty=0",No reliable annual visitor count found; included as representative tourism proxy. Google Places match is 7954460m from original POI coordinate; popularity score set to 0 due to location mismatch.,node,7205534885.0,viewpoint,NA,NA,NA,NA,NA,7954460.3
P0325,Your Name (Kimi no na wa.) Stairs,M11,YotsuyaSanchome,475.1,0.546577,35.6850727,139.7233388,tourism=attraction,tourism=attraction,10.123,4.7,362.0,OSM,Your Name (Kimi no na wa.) Stairs,Marunouchi,https://sugajinjya.or.jp/,ChIJ_ePEJtiNGGARnBA6xXBDCwY,https://maps.google.com/?cid=435515940595699868&g_mp=Cidnb29nbGUubWFwcy5wbGFjZXMudjEuUGxhY2VzLlNlYXJjaFRleHQQAhgEIAA,https://sugajinjya.or.jp/,historical_landmark|historical_place|point_of_interest|establishment,True,NA,high,0,15,16,12,2,5,0,60.123,"score=60.1/110; visitor=0, google=10.1, official=15, scale=16, metro=12, opening=2, mapping=5, penalty=0",No reliable annual visitor count found; included as representative tourism proxy.,node,12118392722.0,attraction,NA,NA,NA,NA,NA,8.9
P0326,Joyful Minowa Shopping Arcade Entrance,H20,Minowa,317.7,0.546447,35.7320702,139.7919512,tourism=attraction,tourism=attraction,10.109,3.8,359.0,OSM,Joyful Minowa Shopping Arcade Entrance,Hibiya,http://www.joyfulminowa.com/,ChIJD7AXKGCOGGAR-01COBVxloE,https://maps.google.com/?cid=9337775213351423483&g_mp=Cidnb29nbGUubWFwcy5wbGFjZXMudjEuUGxhY2VzLlNlYXJjaFRleHQQAhgEIAA,http://www.joyfulminowa.com/,shopping_mall|point_of_interest|establishment,True,NA,high,0,15,16,12,2,5,0,60.109,"score=60.1/110; visitor=0, google=10.1, official=15, scale=16, metro=12, opening=2, mapping=5, penalty=0",No reliable annual visitor count found; included as representative tourism proxy.,node,1223051434.0,attraction,NA,NA,NA,NA,NA,1.4
P0327,World Bags & Luggage Museum,G19,Asakusa,372.5,0.546273,35.708056,139.795315,tourism=museum,tourism=museum,10.09,4.3,355.0,OSM,World Bags & Luggage Museum,Ginza,https://www.ace.jp/museum/,ChIJk0fAt8eOGGARMERrydRa9CM,https://maps.google.com/?cid=2590795555603694640&g_mp=Cidnb29nbGUubWFwcy5wbGFjZXMudjEuUGxhY2VzLlNlYXJjaFRleHQQAhgEIAA,https://www.ace.jp/museum/index.html,tourist_attraction|museum|point_of_interest|establishment,True,NA,high,0,15,16,12,2,5,0,60.09,"score=60.1/110; visitor=0, google=10.1, official=15, scale=16, metro=12, opening=2, mapping=5, penalty=0",No reliable annual visitor count found; included as representative tourism proxy.,node,1420765070.0,museum,NA,NA,NA,Q104698116,NA,2.7
P0328,Morikazu Kumagai Art Museum,F07,Senkawa,510.5,0.545509,35.733742,139.69087,tourism=museum,tourism=museum,10.006,4.2,338.0,OSM,Morikazu Kumagai Art Museum,Fukutoshin,https://kumagai-morikazu.jp/,ChIJMcM9qlTtGGAR70tvnoVe06E,https://maps.google.com/?cid=11660767788174101487&g_mp=Cidnb29nbGUubWFwcy5wbGFjZXMudjEuUGxhY2VzLlNlYXJjaFRleHQQAhgEIAA,https://kumagai-morikazu.jp/,art_museum|museum|point_of_interest|establishment,True,NA,high,0,15,16,12,2,5,0,60.006,"score=60.0/110; visitor=0, google=10.0, official=15, scale=16, metro=12, opening=2, mapping=5, penalty=0",No reliable annual visitor count found; included as representative tourism proxy.,node,1420789338.0,museum,NA,NA,NA,NA,NA,4.2
P0329,Kagurazaka District,T05,Kagurazaka,70.5,0.545455,35.7039,139.7353,historic_food_shopping_district,sublocality_level_2|sublocality|political,0.0,NA,NA,curated_representative,神楽坂,Tozai,https://www.gotokyo.org/en/destinations/central-tokyo/kagurazaka/index.html,ChIJIaZLQ1qMGGARYTD1p6NjCuI,https://maps.google.com/?cid=16287940556887502945&g_mp=Cidnb29nbGUubWFwcy5wbGFjZXMudjEuUGxhY2VzLlNlYXJjaFRleHQQAhgEIAA,NA,sublocality_level_2|sublocality|political,True,NA,high,0,20,16,15,4,5,0,60.0,"score=60.0/110; visitor=0, google=0.0, official=20, scale=16, metro=15, opening=4, mapping=5, penalty=0",Manual district centroid used because OSM candidates are mostly small POIs; nearest station set to likely visitor access station. No reliable annual visitor count found; included as representative tourism proxy. Opening hours are coarse modeling assumptions for a district or commercial area.,NA,NA,NA,NA,NA,NA,NA,NA,526.3
P0330,映画「天気の子」ロケ地,C16,NishiNippori,601.2,0.545041,35.7363781,139.76244,tourism=attraction,tourism=attraction,9.955,4.5,328.0,OSM,映画「天気の子」ロケ地,Chiyoda,http://chupki.jpn.org/,ChIJubzQZeiNGGAR48gnuPxprg0,https://maps.google.com/?cid=985841902583007459&g_mp=Cidnb29nbGUubWFwcy5wbGFjZXMudjEuUGxhY2VzLlNlYXJjaFRleHQQAhgEIAA,http://chupki.jpn.org/,movie_theater|point_of_interest|establishment,True,NA,high,0,15,16,12,2,5,0,59.955,"score=60.0/110; visitor=0, google=10.0, official=15, scale=16, metro=12, opening=2, mapping=5, penalty=0",No reliable annual visitor count found; included as representative tourism proxy.,node,6652840867.0,attraction,NA,NA,NA,NA,NA,538.0
P0331,Shiodome Sio-Site,G08,Shimbashi,355.3,0.544946,35.6646201,139.7604893,tourism=attraction,tourism=attraction,9.944,3.9,326.0,OSM,汐留SIO-SITE,Ginza,http://www.sio-site.or.jp/,ChIJ51z4tcKLGGARFw5YkpY4Sj8,https://maps.google.com/?cid=4560519792017542679&g_mp=Cidnb29nbGUubWFwcy5wbGFjZXMudjEuUGxhY2VzLlNlYXJjaFRleHQQAhgEIAA,http://www.sio-site.or.jp/,point_of_interest|establishment,True,NA,high,0,15,16,12,2,5,0,59.944,"score=59.9/110; visitor=0, google=9.9, official=15, scale=16, metro=12, opening=2, mapping=5, penalty=0",No reliable annual visitor count found; included as representative tourism proxy.,node,5439020592.0,attraction,NA,NA,NA,Q1185910,ja:汐留,146.0
P0332,Meiji Jingū Forest,F14,KitaSando,804.3,0.544934,35.6754882,139.6973748,tourism=attraction,tourism=attraction,11.943,4.5,1046.0,OSM,Meiji Jingū Forest,Fukutoshin,http://www.meijijingu.or.jp/,ChIJ5SZMmreMGGARqBUU4sVwUIM,https://maps.google.com/?cid=9462186812309247400&g_mp=Cidnb29nbGUubWFwcy5wbGFjZXMudjEuUGxhY2VzLlNlYXJjaFRleHQQAhgEIAA,http://www.meijijingu.or.jp/,garden|tourist_attraction|point_of_interest|establishment,True,NA,medium,0,15,20,8,2,3,0,59.943,"score=59.9/110; visitor=0, google=11.9, official=15, scale=20, metro=8, opening=2, mapping=3, penalty=0",No reliable annual visitor count found; included as representative tourism proxy.,node,4784287722.0,attraction,NA,NA,NA,NA,NA,328.3
P0333,Meiji Memorial Picture Gallery,Z03,AoyamaItchome,872.3,0.544784,35.6787743,139.7175979,tourism=museum,tourism=museum,11.926,4.2,1036.0,OSM,Meiji Memorial Picture Gallery,Hanzomon,http://www.meijijingugaien.jp/art-culture/seitoku-gallery/,ChIJzcr8rpaMGGARrj2DaL4S0Hk,https://maps.google.com/?cid=8777536282751614382&g_mp=Cidnb29nbGUubWFwcy5wbGFjZXMudjEuUGxhY2VzLlNlYXJjaFRleHQQAhgEIAA,http://www.meijijingugaien.jp/art-culture/seitoku-gallery/,art_museum|tourist_attraction|museum|point_of_interest|establishment,True,NA,medium,0,15,20,8,2,3,0,59.926,"score=59.9/110; visitor=0, google=11.9, official=15, scale=20, metro=8, opening=2, mapping=3, penalty=0",No reliable annual visitor count found; included as representative tourism proxy.,way,94104811.0,museum,NA,NA,NA,Q5153794,ja:聖徳記念絵画館,6.7
P0334,Ebara Hatakeyama Museum of Art,N02,Shirokanedai,622.4,0.543961,35.632242,139.726938,tourism=museum,tourism=museum,9.836,4.2,306.0,OSM,Ebara Hatakeyama Museum of Art,Namboku,https://www.hatakeyama-museum.org/,ChIJZQpgdf6KGGARXCH1FGs07t0,https://maps.google.com/?cid=15991776961356964188&g_mp=Cidnb29nbGUubWFwcy5wbGFjZXMudjEuUGxhY2VzLlNlYXJjaFRleHQQAhgEIAA,https://www.hatakeyama-museum.org/,art_museum|tourist_attraction|museum|point_of_interest|establishment,True,NA,high,0,15,16,12,2,5,0,59.836,"score=59.8/110; visitor=0, google=9.8, official=15, scale=16, metro=12, opening=2, mapping=5, penalty=0",No reliable annual visitor count found; included as representative tourism proxy.,node,1420790339.0,museum,NA,NA,NA,Q3330210,en:Hatakeyama Memorial Museum of Fine Art,27.7
P0335,Futaba Ranch,G16,Ueno,470.0,0.454545,35.7142017,139.7713118,tourism=attraction,tourism=attraction,0.0,4.1,306.0,OSM,Futaba Ranch,Ginza,https://www.instagram.com/futaba_cyuuka?igsh=bGgyYXNlamtwbGtx,ChIJM9CRhc70GGARkRdleTinoXw,https://maps.google.com/?cid=8980642992950155153&g_mp=Cidnb29nbGUubWFwcy5wbGFjZXMudjEuUGxhY2VzLlNlYXJjaFRleHQQAhgEIAA,https://www.instagram.com/futaba_cyuuka?igsh=bGgyYXNlamtwbGtx,chinese_restaurant|restaurant|food|point_of_interest|establishment,True,NA,high,0,15,16,12,2,5,0,50.0,"score=50.0/110; visitor=0, google=0.0, official=15, scale=16, metro=12, opening=2, mapping=5, penalty=0",No reliable annual visitor count found; included as representative tourism proxy. Google Places match is 12255m from original POI coordinate; popularity score set to 0 due to location mismatch.,way,509544641.0,attraction,NA,NA,NA,NA,NA,12255.0
P0336,Theatre Museum,T04,Waseda,534.7,0.543601,35.7099831,139.7195469,tourism=museum,tourism=museum,9.796,4.4,299.0,OSM,Theatre Museum,Tozai,https://enpaku.w.waseda.jp/,ChIJ-UnLoBuNGGARiaRkr6zXCmU,https://maps.google.com/?cid=7280868884274783369&g_mp=Cidnb29nbGUubWFwcy5wbGFjZXMudjEuUGxhY2VzLlNlYXJjaFRleHQQAhgEIAA,https://enpaku.w.waseda.jp/,museum|tourist_attraction|point_of_interest|establishment,True,NA,high,0,15,16,12,2,5,0,59.796,"score=59.8/110; visitor=0, google=9.8, official=15, scale=16, metro=12, opening=2, mapping=5, penalty=0",No reliable annual visitor count found; included as representative tourism proxy.,node,1420781297.0,museum,NA,NA,NA,Q3951945,NA,2.8
P0337,Waseda University Tsubouchi Memorial Theatre Museum,T04,Waseda,531.8,0.543601,35.709951,139.7195406,tourism=museum,tourism=museum,9.796,4.4,299.0,OSM,Waseda University Tsubouchi Memorial Theatre Museum,Tozai,http://www.waseda.jp/enpaku/,ChIJ-UnLoBuNGGARiaRkr6zXCmU,https://maps.google.com/?cid=7280868884274783369&g_mp=Cidnb29nbGUubWFwcy5wbGFjZXMudjEuUGxhY2VzLlNlYXJjaFRleHQQAhgEIAA,https://enpaku.w.waseda.jp/,museum|tourist_attraction|point_of_interest|establishment,True,NA,high,0,15,16,12,2,5,0,59.796,"score=59.8/110; visitor=0, google=9.8, official=15, scale=16, metro=12, opening=2, mapping=5, penalty=0",No reliable annual visitor count found; included as representative tourism proxy.,way,94117009.0,museum,NA,NA,NA,Q3951945,ja:早稲田大学坪内博士記念演劇博物館,1.3
P0338,Sumida River Walk,Z10,Suitengumae,872.1,0.445455,35.6876584,139.7929387,tourism=viewpoint,tourism=viewpoint,0.0,4.5,520.0,OSM,Sumida River Walk,Hanzomon,https://www.gotokyo.org/jp/spot/1795/index.html,ChIJhdlgYmmPGGARQLJt3cGn6pk,https://maps.google.com/?cid=11090861483438748224&g_mp=Cidnb29nbGUubWFwcy5wbGFjZXMudjEuUGxhY2VzLlNlYXJjaFRleHQQAhgEIAA,https://www.gotokyo.org/jp/spot/1795/index.html,bridge|transportation_service|point_of_interest|establishment,True,NA,medium,0,20,16,8,2,3,0,49.0,"score=49.0/110; visitor=0, google=0.0, official=20, scale=16, metro=8, opening=2, mapping=3, penalty=0",No reliable annual visitor count found; included as representative tourism proxy. Google Places match is 2808m from original POI coordinate; popularity score set to 0 due to location mismatch.,node,6127218490.0,viewpoint,NA,NA,NA,NA,NA,2807.7
P0339,もみじの新緑・紅葉,N02,Shirokanedai,566.4,0.454545,35.6382503,139.71962,tourism=viewpoint,tourism=viewpoint,0.0,4.3,290.0,OSM,もみじの新緑・紅葉,Namboku,https://www.kissport.or.jp/spot/tanbou/2111/,ChIJwaj1yL2LGGARnm1x4JwnHe8,https://maps.google.com/?cid=17229971304123297182&g_mp=Cidnb29nbGUubWFwcy5wbGFjZXMudjEuUGxhY2VzLlNlYXJjaFRleHQQAhgEIAA,https://www.kissport.or.jp/spot/tanbou/2111/,park|tourist_attraction|point_of_interest|establishment,True,NA,high,0,15,16,12,2,5,0,50.0,"score=50.0/110; visitor=0, google=0.0, official=15, scale=16, metro=12, opening=2, mapping=5, penalty=0",No reliable annual visitor count found; included as representative tourism proxy. Google Places match is 3238m from original POI coordinate; popularity score set to 0 due to location mismatch.,node,7972637473.0,viewpoint,NA,NA,NA,NA,NA,3238.2
P0340,Ichigaya Letterpress Factory,N09,Ichigaya,546.5,0.542909,35.6960925,139.7317292,tourism=museum,tourism=museum,9.72,4.7,286.0,OSM,Ichigaya Letterpress Factory,Namboku,https://ichigaya-letterpress.jp/,ChIJa7QeDLGNGGARXmZGhev7Rzo,https://maps.google.com/?cid=4199602166518146654&g_mp=Cidnb29nbGUubWFwcy5wbGFjZXMudjEuUGxhY2VzLlNlYXJjaFRleHQQAhgEIAA,https://ichigaya-letterpress.jp/,museum|point_of_interest|establishment,True,NA,high,0,15,16,12,2,5,0,59.72,"score=59.7/110; visitor=0, google=9.7, official=15, scale=16, metro=12, opening=2, mapping=5, penalty=0",No reliable annual visitor count found; included as representative tourism proxy.,way,1189531504.0,museum,NA,NA,NA,NA,NA,9.1
P0341,Zoshigaya Missionary Museum,F10,Zoshigaya,533.5,0.542355,35.7207259,139.7205887,tourism=museum,tourism=museum,9.659,4.1,276.0,OSM,雑司が谷旧宣教師館,Fukutoshin,https://www.city.toshima.lg.jp/129/bunka/bunka/shiryokan/kyusenkyoshikan/004412.html,ChIJzZpCixKNGGARXPuf0pZV_sg,https://maps.google.com/?cid=14483107557937249116&g_mp=Cidnb29nbGUubWFwcy5wbGFjZXMudjEuUGxhY2VzLlNlYXJjaFRleHQQAhgEIAA,https://www.city.toshima.lg.jp/129/bunka/bunka/shiryokan/kyusenkyoshikan/004412.html,tourist_attraction|museum|point_of_interest|establishment,True,NA,high,0,15,16,12,2,5,0,59.659,"score=59.7/110; visitor=0, google=9.7, official=15, scale=16, metro=12, opening=2, mapping=5, penalty=0",No reliable annual visitor count found; included as representative tourism proxy.,way,266064299.0,museum,NA,NA,NA,Q3915272,ja:雑司が谷旧宣教師館,0.5
P0342,Shin-Okuyama,G19,Asakusa,473.2,0.418182,35.7145591,139.7954472,leisure=garden,leisure=garden,0.0,4.5,2838.0,OSM,新奥山,Ginza,https://www.u-tokyo.ac.jp/ja/index.html,ChIJo24g-i-MGGARlboTg0kH5DA,https://maps.google.com/?cid=3522948820823685781&g_mp=Cidnb29nbGUubWFwcy5wbGFjZXMudjEuUGxhY2VzLlNlYXJjaFRleHQQAhgEIAA,https://www.u-tokyo.ac.jp/ja/index.html,university|educational_institution|point_of_interest|establishment,True,NA,high,0,15,12,12,2,5,0,46.0,"score=46.0/110; visitor=0, google=0.0, official=15, scale=12, metro=12, opening=2, mapping=5, penalty=0",No reliable annual visitor count found; included as representative tourism proxy. Google Places match is 3080m from original POI coordinate; popularity score set to 0 due to location mismatch.,way,1132095648.0,NA,NA,garden,NA,NA,NA,3080.1
P0343,Barrels of Sake Wrapped in Straw,C03,MeijiJingumae,539.5,0.542185,35.6736842,139.7019092,tourism=attraction,tourism=attraction,9.64,4.6,273.0,OSM,Barrels of Sake Wrapped in Straw,Chiyoda,http://www.meijijingu.or.jp/,ChIJg54kYcGNGGARBAR_zttpZuw,https://maps.google.com/?cid=17034419033358664708&g_mp=Cidnb29nbGUubWFwcy5wbGFjZXMudjEuUGxhY2VzLlNlYXJjaFRleHQQAhgEIAA,http://www.meijijingu.or.jp/,shinto_shrine|place_of_worship|association_or_organization|point_of_interest|establishment,True,NA,high,0,15,16,12,2,5,0,59.64,"score=59.6/110; visitor=0, google=9.6, official=15, scale=16, metro=12, opening=2, mapping=5, penalty=0",No reliable annual visitor count found; included as representative tourism proxy.,node,6199655893.0,attraction,NA,NA,NA,NA,NA,7.8
P0344,Yokoyama Taikan Memorial Hall,C13,Yushima,610.0,0.542128,35.7121031,139.7682269,tourism=museum,tourism=museum,9.634,4.0,272.0,OSM,Yokoyama Taikan Memorial Hall,Chiyoda,http://taikan.tokyo/info.html,ChIJgfWifSaMGGAR98CImJ8h54A,https://maps.google.com/?cid=9288429725817553143&g_mp=Cidnb29nbGUubWFwcy5wbGFjZXMudjEuUGxhY2VzLlNlYXJjaFRleHQQAhgEIAA,http://taikan.tokyo/info.html,museum|scenic_spot|historical_landmark|historical_place|point_of_interest|establishment,True,NA,high,0,15,16,12,2,5,0,59.634,"score=59.6/110; visitor=0, google=9.6, official=15, scale=16, metro=12, opening=2, mapping=5, penalty=0",No reliable annual visitor count found; included as representative tourism proxy.,way,511585927.0,museum,NA,NA,NA,Q30925115,NA,23.6
P0345,Wiid Flower Garden,C17,Machiya,533.9,0.418182,35.7397598,139.785234,leisure=garden,leisure=garden,0.0,4.7,2741.0,OSM,Wiid Flower Garden,Chiyoda,https://www.wildflower.org/,ChIJx-dV4FqET4YRIeaczoVvOgc,https://maps.google.com/?cid=520851327402436129&g_mp=Cidnb29nbGUubWFwcy5wbGFjZXMudjEuUGxhY2VzLlNlYXJjaFRleHQQAhgEIAA,https://www.wildflower.org/,botanical_garden|research_institute|nature_preserve|tourist_attraction|garden|gift_shop|park|general_contractor|store|service|point_of_interest|establishment,True,NA,high,0,15,12,12,2,5,0,46.0,"score=46.0/110; visitor=0, google=0.0, official=15, scale=12, metro=12, opening=2, mapping=5, penalty=0",No reliable annual visitor count found; included as representative tourism proxy. Google Places match is 10528325m from original POI coordinate; popularity score set to 0 due to location mismatch.,way,507767061.0,NA,NA,garden,NA,NA,NA,10528325.0
P0346,Inoue Enryo Memorial Museum,N13,HonKomagome,369.6,0.541781,35.7236434,139.7498152,tourism=museum,tourism=museum,9.596,3.8,266.0,OSM,Inoue Enryo Memorial Museum,Namboku,https://www.toyo.ac.jp/about/founder/iecp/museum/,ChIJf5UzBreNGGARSzFv_tgk1TY,https://maps.google.com/?cid=3951104762487714123&g_mp=Cidnb29nbGUubWFwcy5wbGFjZXMudjEuUGxhY2VzLlNlYXJjaFRleHQQAhgEIAA,https://www.toyo.ac.jp/about/founder/iecp/museum/,museum|tourist_attraction|point_of_interest|establishment,True,NA,high,0,15,16,12,2,5,0,59.596,"score=59.6/110; visitor=0, google=9.6, official=15, scale=16, metro=12, opening=2, mapping=5, penalty=0",No reliable annual visitor count found; included as representative tourism proxy.,node,11993719386.0,museum,NA,NA,NA,Q11527629,ja:東洋大学井上円了記念博物館,1.5
P0347,たいとうアートギャラリー,G17,Inaricho,249.6,0.541285,35.7126533,139.7799259,tourism=gallery,tourism=gallery,10.541,3.8,462.0,OSM,たいとうアートギャラリー,Ginza,http://www.tgs.jp.net/,ChIJbSg3G7COGGARc_1E9gP_mUM,https://maps.google.com/?cid=4871204864459603315&g_mp=Cidnb29nbGUubWFwcy5wbGFjZXMudjEuUGxhY2VzLlNlYXJjaFRleHQQAhgEIAA,http://www.tgs.jp.net/,art_gallery|tourist_attraction|point_of_interest|establishment,True,NA,high,0,15,12,15,2,5,0,59.541,"score=59.5/110; visitor=0, google=10.5, official=15, scale=12, metro=15, opening=2, mapping=5, penalty=0",No reliable annual visitor count found; included as representative tourism proxy.,node,4947850854.0,gallery,NA,NA,NA,NA,NA,1281.1
P0348,Japanese Datum of Lebeling,M14,KokkaiGijidomae,332.9,0.540754,35.6772124,139.7478515,tourism=attraction,tourism=attraction,9.483,4.2,249.0,OSM,Japanese Datum of Lebeling,Marunouchi,http://www.gsi.go.jp/sokuchikijun/suijun-top.html,ChIJN_ucJIqLGGARpSbER4BCoPQ,https://maps.google.com/?cid=17627162060255405733&g_mp=Cidnb29nbGUubWFwcy5wbGFjZXMudjEuUGxhY2VzLlNlYXJjaFRleHQQAhgEIAA,http://www.gsi.go.jp/sokuchikijun/suijun-top.html,cultural_landmark|historical_landmark|tourist_attraction|historical_place|point_of_interest|establishment,True,NA,high,0,15,16,12,2,5,0,59.483,"score=59.5/110; visitor=0, google=9.5, official=15, scale=16, metro=12, opening=2, mapping=5, penalty=0",No reliable annual visitor count found; included as representative tourism proxy.,node,5439434433.0,attraction,NA,NA,NA,NA,NA,1.8
P0349,Le Forum – Hermès,H09,Ginza,55.6,0.540596,35.6719565,139.7633922,tourism=gallery,tourism=gallery,10.466,4.5,442.0,OSM,Le Forum – Hermès,Hibiya,https://www.hermes.com/jp/ja/story/maison-ginza/,ChIJf6h47uWLGGARqjrFBsa_t90,https://maps.google.com/?cid=15976449060358142634&g_mp=Cidnb29nbGUubWFwcy5wbGFjZXMudjEuUGxhY2VzLlNlYXJjaFRleHQQAhgEIAA,https://www.hermes.com/jp/ja/story/maison-ginza/,art_gallery|museum|point_of_interest|establishment,True,NA,high,0,15,12,15,2,5,0,59.466,"score=59.5/110; visitor=0, google=10.5, official=15, scale=12, metro=15, opening=2, mapping=5, penalty=0",No reliable annual visitor count found; included as representative tourism proxy.,node,13098468843.0,gallery,NA,NA,NA,NA,NA,2.7
P0350,The Gallery of Horyuji Treasures,C14,Nezu,768.2,0.54048,35.7186784,139.7740942,tourism=museum,tourism=museum,15.453,4.5,8081.0,OSM,The Gallery of Horyuji Treasures,Chiyoda,https://www.nich.go.jp/,ChIJu8dltYOOGGARqNvbup6WlHE,https://maps.google.com/?cid=8184332031323003816&g_mp=Cidnb29nbGUubWFwcy5wbGFjZXMudjEuUGxhY2VzLlNlYXJjaFRleHQQAhgEIAA,https://www.nich.go.jp/,association_or_organization|art_museum|museum|point_of_interest|establishment,True,NA,medium,0,15,16,8,2,3,0,59.453,"score=59.5/110; visitor=0, google=15.5, official=15, scale=16, metro=8, opening=2, mapping=3, penalty=0",No reliable annual visitor count found; included as representative tourism proxy.,way,145344062.0,museum,NA,NA,NA,Q123195811,NA,204.7
P0351,ファームガーデン,Z14,Oshiage,461.2,0.540429,35.7099675,139.808973,leisure=garden,leisure=garden,13.447,4.4,2513.0,OSM,ファームガーデン,Hanzomon,https://skytreetown-glamping-bbq.com/,ChIJ1bIxWSqPGGARalXf9mAhyus,https://maps.google.com/?cid=16990429244551026026&g_mp=Cidnb29nbGUubWFwcy5wbGFjZXMudjEuUGxhY2VzLlNlYXJjaFRleHQQAhgEIAA,https://skytreetown-glamping-bbq.com/,barbecue_area|hot_pot_restaurant|beer_garden|yakiniku_restaurant|campground|bar|lodging|japanese_restaurant|restaurant|food|point_of_interest|establishment,True,NA,high,0,15,12,12,2,5,0,59.447,"score=59.4/110; visitor=0, google=13.4, official=15, scale=12, metro=12, opening=2, mapping=5, penalty=0",No reliable annual visitor count found; included as representative tourism proxy.,way,1056886160.0,NA,NA,garden,NA,NA,NA,1.9
P0352,National Archives of Japan,T08,Takebashi,343.0,0.539452,35.6902601,139.7538782,tourism=museum,tourism=museum,9.34,4.3,229.0,OSM,国立公文書館,Tozai,http://www.archives.go.jp/,ChIJi7vVYQ2MGGAR9KgwgXx4nZY,https://maps.google.com/?cid=10852963153171491060&g_mp=Cidnb29nbGUubWFwcy5wbGFjZXMudjEuUGxhY2VzLlNlYXJjaFRleHQQAhgEIAA,http://www.archives.go.jp/,storage|point_of_interest|establishment,True,NA,high,0,15,16,12,2,5,0,59.34,"score=59.3/110; visitor=0, google=9.3, official=15, scale=16, metro=12, opening=2, mapping=5, penalty=0",No reliable annual visitor count found; included as representative tourism proxy.,way,43934323.0,museum,NA,NA,library,Q1072875,ja:国立公文書館,10.2
P0353,Bunkyo Historical Museum,M21,HongoSanchome,351.5,0.53897,35.707984,139.756582,tourism=museum,tourism=museum,9.287,4.0,222.0,OSM,Bunkyo Historical Museum,Marunouchi,https://www.city.bunkyo.lg.jp/rekishikan/index.html,ChIJh0EEmjmMGGARo0JknoyBkKY,https://maps.google.com/?cid=12002235447895147171&g_mp=Cidnb29nbGUubWFwcy5wbGFjZXMudjEuUGxhY2VzLlNlYXJjaFRleHQQAhgEIAA,https://www.city.bunkyo.lg.jp/rekishikan/index.html,museum|tourist_attraction|point_of_interest|establishment,True,NA,high,0,15,16,12,2,5,0,59.287,"score=59.3/110; visitor=0, google=9.3, official=15, scale=16, metro=12, opening=2, mapping=5, penalty=0",No reliable annual visitor count found; included as representative tourism proxy.,node,1420780641.0,museum,NA,NA,NA,Q11499743,en:Bunkyo Museum,6.1
P0354,Museum of Modern Japanese Literature,C01,YoyogiUehara,697.6,0.53897,35.6628004,139.68092,tourism=museum,tourism=museum,9.287,4.1,222.0,OSM,Museum of Modern Japanese Literature,Chiyoda,https://www.bungakukan.or.jp/,ChIJvQRwfUXzGGARruUZlM61l7E,https://maps.google.com/?cid=12796896765049169326&g_mp=Cidnb29nbGUubWFwcy5wbGFjZXMudjEuUGxhY2VzLlNlYXJjaFRleHQQAhgEIAA,http://www.bungakukan.or.jp/,museum|tourist_attraction|point_of_interest|establishment,True,NA,high,0,15,16,12,2,5,0,59.287,"score=59.3/110; visitor=0, google=9.3, official=15, scale=16, metro=12, opening=2, mapping=5, penalty=0",No reliable annual visitor count found; included as representative tourism proxy.,way,28144849.0,museum,NA,NA,NA,Q1954709,ja:日本近代文学館,14.4
P0355,Yunth Midtown Ice Rink,C05,Nogizaka,488.9,0.537348,35.6671841,139.7315919,tourism=attraction,tourism=attraction,9.108,4.3,200.0,OSM,Yunth Midtown Ice Rink,Chiyoda,https://www.tokyo-midtown.com/jp/event/7659,ChIJKZl4qiCLGGARJC9GuME33ow,https://maps.google.com/?cid=10150611915299499812&g_mp=Cidnb29nbGUubWFwcy5wbGFjZXMudjEuUGxhY2VzLlNlYXJjaFRleHQQAhgEIAA,http://www.tokyo-midtown.com/jp/facilities/green/,park|point_of_interest|establishment,True,NA,high,0,15,16,12,2,5,0,59.108,"score=59.1/110; visitor=0, google=9.1, official=15, scale=16, metro=12, opening=2, mapping=5, penalty=0",No reliable annual visitor count found; included as representative tourism proxy.,way,1459203206.0,attraction,NA,ice_rink,NA,NA,NA,3.4
P0356,Yumenoshima Tropical Greenhouse Dome,Y24,ShinKiba,667.7,0.537021,35.6513401,139.8293953,leisure=garden,leisure=garden,13.072,4.3,2020.0,OSM,Yumenoshima Tropical Greenhouse Dome,Yurakucho,https://www.yumenoshima.jp/botanicalhall,ChIJp4YsATyIGGARYOiHh4_swns,https://maps.google.com/?cid=8917950313345312864&g_mp=Cidnb29nbGUubWFwcy5wbGFjZXMudjEuUGxhY2VzLlNlYXJjaFRleHQQAhgEIAA,https://www.yumenoshima.jp/botanicalhall,botanical_garden|tourist_attraction|point_of_interest|establishment,True,NA,high,0,15,12,12,2,5,0,59.072,"score=59.1/110; visitor=0, google=13.1, official=15, scale=12, metro=12, opening=2, mapping=5, penalty=0",No reliable annual visitor count found; included as representative tourism proxy.,node,1420785337.0,NA,NA,garden,NA,Q4388023,en:Yumenoshima Tropical Greenhouse Dome,9.4
P0357,Fujifilm Photo History Museum,H04,Roppongi,305.0,0.536875,35.6654221,139.7301622,tourism=museum,tourism=museum,9.056,4.3,194.0,OSM,Fujifilm Photo History Museum,Hibiya,https://fujifilmsquare.jp/guide/museum.html,ChIJ8yxJ7HiLGGARwDNkSGEvTDA,https://maps.google.com/?cid=3480208706923410368&g_mp=Cidnb29nbGUubWFwcy5wbGFjZXMudjEuUGxhY2VzLlNlYXJjaFRleHQQAhgEIAA,https://fujifilmsquare.jp/guide/museum.html,museum|tourist_attraction|point_of_interest|establishment,True,NA,high,0,15,16,12,2,5,0,59.056,"score=59.1/110; visitor=0, google=9.1, official=15, scale=16, metro=12, opening=2, mapping=5, penalty=0",No reliable annual visitor count found; included as representative tourism proxy.,node,4731579022.0,museum,NA,NA,NA,NA,NA,5.2
P0358,"Yayoi Museum,Takeshisa Yumeji Museum",C14,Nezu,338.5,0.536875,35.7149026,139.7634784,tourism=museum,tourism=museum,9.056,4.2,194.0,OSM,"Yayoi Museum,Takeshisa Yumeji Museum",Chiyoda,https://www.yayoi-yumeji-museum.jp/,ChIJaV0-My6MGGAR5VfPMh6u8ag,https://maps.google.com/?cid=12173702712483862501&g_mp=Cidnb29nbGUubWFwcy5wbGFjZXMudjEuUGxhY2VzLlNlYXJjaFRleHQQAhgEIAA,https://www.yayoi-yumeji-museum.jp/,art_museum|tourist_attraction|museum|point_of_interest|establishment,True,NA,high,0,15,16,12,2,5,0,59.056,"score=59.1/110; visitor=0, google=9.1, official=15, scale=16, metro=12, opening=2, mapping=5, penalty=0",No reliable annual visitor count found; included as representative tourism proxy.,node,1420780101.0,museum,NA,NA,NA,NA,NA,7.9
P0359,Wood and Plywood Museum,Y24,ShinKiba,469.3,0.536633,35.6457328,139.8317982,tourism=museum,tourism=museum,9.03,4.1,191.0,OSM,Wood and Plywood Museum,Yurakucho,https://www.woodmuseum.jp/wp/,ChIJl4mW_yKIGGARCKDv3flcSbM,https://maps.google.com/?cid=12918959234329059336&g_mp=Cidnb29nbGUubWFwcy5wbGFjZXMudjEuUGxhY2VzLlNlYXJjaFRleHQQAhgEIAA,http://www.woodmuseum.jp/,museum|point_of_interest|establishment,True,NA,high,0,15,16,12,2,5,0,59.03,"score=59.0/110; visitor=0, google=9.0, official=15, scale=16, metro=12, opening=2, mapping=5, penalty=0",No reliable annual visitor count found; included as representative tourism proxy.,node,6013142728.0,museum,NA,NA,NA,Q11518627,ja:木材・合板博物館,4.2
P0360,Rinnoji Temple,G16,Ueno,613.8,0.418182,35.7170981,139.7776754,leisure=garden,leisure=garden,0.0,4.3,1960.0,OSM,Rinnoji Temple,Ginza,https://www.rinnoji.or.jp/,ChIJWdmAw9amH2ARqD-s8qCx3hU,https://maps.google.com/?cid=1575892224450510760&g_mp=Cidnb29nbGUubWFwcy5wbGFjZXMudjEuUGxhY2VzLlNlYXJjaFRleHQQAhgEIAA,https://www.rinnoji.or.jp/,buddhist_temple|place_of_worship|association_or_organization|point_of_interest|establishment,True,NA,high,0,15,12,12,2,5,0,46.0,"score=46.0/110; visitor=0, google=0.0, official=15, scale=12, metro=12, opening=2, mapping=5, penalty=0",No reliable annual visitor count found; included as representative tourism proxy. Google Places match is 116516m from original POI coordinate; popularity score set to 0 due to location mismatch.,way,1065818947.0,NA,NA,garden,NA,Q11637728,ja:輪王寺 (台東区),116516.3
P0361,Tokyo Origami Museum,G19,Asakusa,661.9,0.536387,35.7048118,139.7983466,tourism=museum,tourism=museum,9.003,4.3,188.0,OSM,Tokyo Origami Museum,Ginza,https://www.origami-noa.jp/,ChIJA9TmNMmOGGARG_c-vBf8kDA,https://maps.google.com/?cid=3499574089339565851&g_mp=Cidnb29nbGUubWFwcy5wbGFjZXMudjEuUGxhY2VzLlNlYXJjaFRleHQQAhgEIAA,http://www.origami-noa.jp/,museum|toy_store|gift_shop|educational_institution|store|point_of_interest|establishment,True,NA,high,0,15,16,12,2,5,0,59.003,"score=59.0/110; visitor=0, google=9.0, official=15, scale=16, metro=12, opening=2, mapping=5, penalty=0",No reliable annual visitor count found; included as representative tourism proxy.,node,13320217114.0,museum,NA,NA,NA,NA,NA,2.9
P0362,ファーブル昆虫館 「虫の詩人の館」,C15,Sendagi,597.9,0.535096,35.7297745,139.7589167,tourism=museum,tourism=museum,8.861,4.3,173.0,OSM,ファーブル昆虫館 「虫の詩人の館」,Chiyoda,https://fabre.jp/,ChIJJyY0k8WNGGARmrarRQaud10,https://maps.google.com/?cid=6735043109717784218&g_mp=Cidnb29nbGUubWFwcy5wbGFjZXMudjEuUGxhY2VzLlNlYXJjaFRleHQQAhgEIAA,https://fabre.jp/,tourist_attraction|museum|point_of_interest|establishment,True,NA,high,0,15,16,12,2,5,0,58.861,"score=58.9/110; visitor=0, google=8.9, official=15, scale=16, metro=12, opening=2, mapping=5, penalty=0",No reliable annual visitor count found; included as representative tourism proxy.,node,5966262803.0,museum,NA,NA,NA,NA,NA,6.3
P0363,Yasuda Auditorium,C14,Nezu,534.0,0.535006,35.7134168,139.7623119,tourism=attraction,tourism=attraction,8.851,4.5,172.0,OSM,安田講堂,Chiyoda,https://treasure.adm.u-tokyo.ac.jp/yasudakodo,ChIJBZwsRNGNGGARCBlk1ZEOMPY,https://maps.google.com/?cid=17739694951725537544&g_mp=Cidnb29nbGUubWFwcy5wbGFjZXMudjEuUGxhY2VzLlNlYXJjaFRleHQQAhgEIAA,https://treasure.adm.u-tokyo.ac.jp/yasudakodo,auditorium|university|educational_institution|event_venue|point_of_interest|establishment,True,NA,high,0,15,16,12,2,5,0,58.851,"score=58.9/110; visitor=0, google=8.9, official=15, scale=16, metro=12, opening=2, mapping=5, penalty=0",No reliable annual visitor count found; included as representative tourism proxy.,way,134668789.0,attraction,NA,NA,NA,Q8191484,ja:安田講堂,2.8
P0364,天神湯 ( てんじんゆ ),M07,NishiShinjuku,575.9,0.454545,35.6991187,139.6896393,tourism=attraction,tourism=attraction,0.0,4.2,169.0,OSM,天神湯 ( てんじんゆ ),Marunouchi,http://tenjin-yu.tokyo/JN/,ChIJq6peFr7yGGARgSetnxlTKZM,https://maps.google.com/?cid=10604098167138756481&g_mp=Cidnb29nbGUubWFwcy5wbGFjZXMudjEuUGxhY2VzLlNlYXJjaFRleHQQAhgEIAA,http://tenjin-yu.tokyo/JN/,public_bath|point_of_interest|establishment,True,NA,high,0,15,16,12,2,5,0,50.0,"score=50.0/110; visitor=0, google=0.0, official=15, scale=16, metro=12, opening=2, mapping=5, penalty=0",No reliable annual visitor count found; included as representative tourism proxy. Google Places match is 1834m from original POI coordinate; popularity score set to 0 due to location mismatch.,node,4348162791.0,attraction,NA,NA,NA,NA,NA,1833.9
P0365,Wakaba Higashi Park,M12,Yotsuya,157.4,0.534141,35.683252,139.7287502,leisure=garden,leisure=garden,9.756,4.0,292.0,OSM,Wakaba Higashi Park,Marunouchi,http://www.city.shinjuku.lg.jp/seikatsu/midori01_001010.html,ChIJt6SxGomMGGARHrGql1kD6yg,https://maps.google.com/?cid=2948454064375640350&g_mp=Cidnb29nbGUubWFwcy5wbGFjZXMudjEuUGxhY2VzLlNlYXJjaFRleHQQAhgEIAA,http://www.city.shinjuku.lg.jp/seikatsu/midori01_001010.html,park|tourist_attraction|point_of_interest|establishment,True,NA,high,0,15,12,15,2,5,0,58.756,"score=58.8/110; visitor=0, google=9.8, official=15, scale=12, metro=15, opening=2, mapping=5, penalty=0",No reliable annual visitor count found; included as representative tourism proxy.,way,145109193.0,NA,NA,garden,NA,NA,NA,41.3
P0366,National Museum of Modern and Contemporary Architecture,C13,Yushima,437.2,0.533688,35.7096507,139.7666399,tourism=museum,tourism=museum,8.706,4.1,158.0,OSM,National Museum of Modern and Contemporary Architecture,Chiyoda,https://www.bunka.go.jp/nama/,ChIJxQf0EiSMGGARVI9obnOHk0U,https://maps.google.com/?cid=5013499740036829012&g_mp=Cidnb29nbGUubWFwcy5wbGFjZXMudjEuUGxhY2VzLlNlYXJjaFRleHQQAhgEIAA,https://www.bunka.go.jp/nama/,museum|point_of_interest|establishment,True,NA,high,0,15,16,12,2,5,0,58.706,"score=58.7/110; visitor=0, google=8.7, official=15, scale=16, metro=12, opening=2, mapping=5, penalty=0",No reliable annual visitor count found; included as representative tourism proxy.,node,6033643885.0,museum,NA,NA,NA,Q28312009,ja:国立近現代建築資料館,32.4
P0367,Extinct Media Museum,M18,Otemachi,339.2,0.532778,35.6896126,139.7678609,tourism=museum,tourism=museum,8.606,4.7,149.0,OSM,Extinct Media Museum,Marunouchi,https://extinct-media-museum.blog.jp/,ChIJ0ROVLn-NGGAREqgBMH575yI,https://maps.google.com/?cid=2515114698811222034&g_mp=Cidnb29nbGUubWFwcy5wbGFjZXMudjEuUGxhY2VzLlNlYXJjaFRleHQQAhgEIAA,https://extinct-media-museum.blog.jp/otemachi/,museum|point_of_interest|establishment,True,NA,high,0,15,16,12,2,5,0,58.606,"score=58.6/110; visitor=0, google=8.6, official=15, scale=16, metro=12, opening=2, mapping=5, penalty=0",No reliable annual visitor count found; included as representative tourism proxy.,node,13284174057.0,museum,NA,NA,NA,NA,NA,4.7
P0368,"Institute for Nature Study, National Museum of Nature and Science",N02,Shirokanedai,545.6,0.532756,35.6385173,139.719893,leisure=garden,leisure=garden,12.603,4.3,1537.0,OSM,"Institute for Nature Study, National Museum of Nature and Science",Namboku,http://www.ins.kahaku.go.jp/,ChIJCUlb9w6LGGARqebfyd0obu8,https://maps.google.com/?cid=17252772155542726313&g_mp=Cidnb29nbGUubWFwcy5wbGFjZXMudjEuUGxhY2VzLlNlYXJjaFRleHQQAhgEIAA,http://www.ins.kahaku.go.jp/,nature_preserve|museum|playground|park|farm|wholesaler|service|point_of_interest|establishment,True,NA,high,0,15,12,12,2,5,0,58.603,"score=58.6/110; visitor=0, google=12.6, official=15, scale=12, metro=12, opening=2, mapping=5, penalty=0",No reliable annual visitor count found; included as representative tourism proxy.,way,81366899.0,NA,NA,garden,NA,Q5557026,ja:国立科学博物館附属自然教育園,34.7
P0369,Women's Active Museum on War and Peace,T04,Waseda,591.1,0.532141,35.7079151,139.7162499,tourism=museum,tourism=museum,8.536,4.2,143.0,OSM,Women's Active Museum on War and Peace,Tozai,https://wam-peace.org/,ChIJn7EnWhmNGGAR41qlMlKouN0,https://maps.google.com/?cid=15976704749087316707&g_mp=Cidnb29nbGUubWFwcy5wbGFjZXMudjEuUGxhY2VzLlNlYXJjaFRleHQQAhgEIAA,https://wam-peace.org/,tourist_attraction|museum|point_of_interest|establishment,True,NA,high,0,15,16,12,2,5,0,58.536,"score=58.5/110; visitor=0, google=8.5, official=15, scale=16, metro=12, opening=2, mapping=5, penalty=0",No reliable annual visitor count found; included as representative tourism proxy.,node,13569363447.0,museum,NA,NA,NA,NA,NA,14.1
P0370,Tagawa Suiho Norakuro Museum,Z11,KiyosumiShirakawa,401.4,0.532032,35.6850919,139.8023628,tourism=museum,tourism=museum,8.524,4.1,142.0,OSM,Tagawa Suiho Norakuro Museum,Hanzomon,https://www.kcf.or.jp/morishita/josetsu/norakuro/,ChIJD-Fm7DyJGGARrmA4wOYBOpU,https://maps.google.com/?cid=10752909150879506606&g_mp=Cidnb29nbGUubWFwcy5wbGFjZXMudjEuUGxhY2VzLlNlYXJjaFRleHQQAhgEIAA,https://www.kcf.or.jp/morishita/josetsu/norakuro/,museum|tourist_attraction|point_of_interest|establishment,True,NA,high,0,15,16,12,2,5,0,58.524,"score=58.5/110; visitor=0, google=8.5, official=15, scale=16, metro=12, opening=2, mapping=5, penalty=0",No reliable annual visitor count found; included as representative tourism proxy.,node,5027602026.0,museum,NA,NA,NA,Q17209701,ja:田河水泡・のらくろ館,4.8
P0371,Basho Hermitage Sites Outlook Garden,Z11,KiyosumiShirakawa,558.1,0.531363,35.6837325,139.7939899,tourism=viewpoint,tourism=viewpoint,8.45,3.8,136.0,OSM,Basho Hermitage Sites Outlook Garden,Hanzomon,https://www.kcf.or.jp/basho/,ChIJq6rGsTiJGGARe7ky44f5WFg,https://maps.google.com/?cid=6366112435315849595&g_mp=Cidnb29nbGUubWFwcy5wbGFjZXMudjEuUGxhY2VzLlNlYXJjaFRleHQQAhgEIAA,https://www.kcf.or.jp/basho/,park|tourist_attraction|point_of_interest|establishment,True,NA,high,0,15,16,12,2,5,0,58.45,"score=58.4/110; visitor=0, google=8.4, official=15, scale=16, metro=12, opening=2, mapping=5, penalty=0",No reliable annual visitor count found; included as representative tourism proxy.,node,6127216094.0,viewpoint,NA,NA,NA,NA,NA,10.2
P0372,Parco Museum Tokyo,Z01,Shibuya,322.7,0.531017,35.661839,139.6990062,tourism=museum,tourism=museum,8.412,4.1,133.0,OSM,Parco Museum Tokyo,Hanzomon,https://art.parco.jp/,ChIJEdG6ma6NGGARqAAdqHBvEQw,https://maps.google.com/?cid=869598732706709672&g_mp=Cidnb29nbGUubWFwcy5wbGFjZXMudjEuUGxhY2VzLlNlYXJjaFRleHQQAhgEIAA,https://art.parco.jp/,museum|art_museum|point_of_interest|establishment,True,NA,high,0,15,16,12,2,5,0,58.412,"score=58.4/110; visitor=0, google=8.4, official=15, scale=16, metro=12, opening=2, mapping=5, penalty=0",No reliable annual visitor count found; included as representative tourism proxy.,node,13524208445.0,museum,NA,NA,NA,NA,NA,15.2
P0373,Winter Illumination at Tokyo Midtown Garden,C05,Nogizaka,395.3,0.530957,35.6672831,139.7305213,tourism=attraction,tourism=attraction,4.405,4.6,12.0,OSM,Winter Illumination at Tokyo Midtown Garden,Chiyoda,https://www.tokyo-midtown.com/jp/event/wintermoments/,ChIJr_6EXwCLGGARVVOjWTQ-YSg,https://maps.google.com/?cid=2909675228821148501&g_mp=Cidnb29nbGUubWFwcy5wbGFjZXMudjEuUGxhY2VzLlNlYXJjaFRleHQQAhgEIAA,https://www.tokyo-midtown.com/jp/event/6730/,event_venue|point_of_interest|establishment,True,NA,high,0,15,20,12,2,5,0,58.405,"score=58.4/110; visitor=0, google=4.4, official=15, scale=20, metro=12, opening=2, mapping=5, penalty=0",No reliable annual visitor count found; included as representative tourism proxy.,node,13380627701.0,attraction,NA,NA,NA,NA,NA,60.4
P0374,Little Museum of Glass Books,G19,Asakusa,446.7,0.530782,35.7088736,139.8021508,tourism=museum,tourism=museum,8.386,4.6,131.0,OSM,Little Museum of Glass Books,Ginza,https://chiisanaglass.jp,ChIJoXXDk8-OGGAR-var1lxsdnM,https://maps.google.com/?cid=8319956507607955194&g_mp=Cidnb29nbGUubWFwcy5wbGFjZXMudjEuUGxhY2VzLlNlYXJjaFRleHQQAhgEIAA,https://chiisanaglass.jp/,tourist_attraction|museum|store|point_of_interest|establishment,True,NA,high,0,15,16,12,2,5,0,58.386,"score=58.4/110; visitor=0, google=8.4, official=15, scale=16, metro=12, opening=2, mapping=5, penalty=0",No reliable annual visitor count found; included as representative tourism proxy.,node,2528816507.0,museum,NA,NA,NA,NA,NA,4.4
P0375,"Koishikawa Annex, Museum of Architecture, The University Museum, The University of Tokyo",M23,Myogadani,603.8,0.530664,35.7213986,139.7411356,tourism=museum,tourism=museum,8.373,4.1,130.0,OSM,"Koishikawa Annex, Museum of Architecture, The University Museum, The University of Tokyo",Marunouchi,https://www.um.u-tokyo.ac.jp/architectonica/index_jp.html,ChIJy4dE8q-NGGARVK0C52pdgfQ,https://maps.google.com/?cid=17618465930973719892&g_mp=Cidnb29nbGUubWFwcy5wbGFjZXMudjEuUGxhY2VzLlNlYXJjaFRleHQQAhgEIAA,http://www.um.u-tokyo.ac.jp/architectonica/index_jp.html,museum|tourist_attraction|point_of_interest|establishment,True,NA,high,0,15,16,12,2,5,0,58.373,"score=58.4/110; visitor=0, google=8.4, official=15, scale=16, metro=12, opening=2, mapping=5, penalty=0",No reliable annual visitor count found; included as representative tourism proxy.,way,459173214.0,museum,NA,NA,NA,Q3815581,"en:Koishikawa Annex, The University Museum, The University of Tokyo",0.8
P0376,郷土博物館分館,M01,Ogikubo,536.0,0.530179,35.7088509,139.6212009,tourism=museum,tourism=museum,8.32,3.8,126.0,OSM,郷土博物館分館,Marunouchi,http://www.city.suginami.tokyo.jp/shisetsu/bunka/hakubutsukan/1007013.html,ChIJjX_NQ_DtGGARZ8T4LuO2b0Y,https://maps.google.com/?cid=5075476391931724903&g_mp=Cidnb29nbGUubWFwcy5wbGFjZXMudjEuUGxhY2VzLlNlYXJjaFRleHQQAhgEIAA,http://www.city.suginami.tokyo.jp/shisetsu/bunka/hakubutsukan/1007013.html,tourist_attraction|museum|point_of_interest|establishment,True,NA,high,0,15,16,12,2,5,0,58.32,"score=58.3/110; visitor=0, google=8.3, official=15, scale=16, metro=12, opening=2, mapping=5, penalty=0",No reliable annual visitor count found; included as representative tourism proxy.,node,4861418134.0,museum,NA,NA,NA,NA,NA,1.9
P0377,Kachidoki Bridge Museum,H11,Tsukiji,553.0,0.529806,35.6630488,139.7736585,tourism=museum,tourism=museum,8.279,4.3,123.0,OSM,Kachidoki Bridge Museum,Hibiya,https://www.tmpc.or.jp/06_info/kachidoki.html,ChIJl1HMkWKJGGARjNduUrsFock,https://maps.google.com/?cid=14528900174973949836&g_mp=Cidnb29nbGUubWFwcy5wbGFjZXMudjEuUGxhY2VzLlNlYXJjaFRleHQQAhgEIAA,https://www.tmpc.or.jp/06_info/kachidoki.html,museum|point_of_interest|establishment,True,NA,high,0,15,16,12,2,5,0,58.279,"score=58.3/110; visitor=0, google=8.3, official=15, scale=16, metro=12, opening=2, mapping=5, penalty=0",No reliable annual visitor count found; included as representative tourism proxy.,node,1484933111.0,museum,NA,NA,NA,Q109160363,NA,4.9
P0378,Yoshimura Akira Memorial Museum of Literature,C17,Machiya,455.2,0.529294,35.7393522,139.7838205,tourism=museum,tourism=museum,8.222,4.4,119.0,OSM,吉村昭記念文学館,Chiyoda,https://www.yoshimurabungakukan.city.arakawa.tokyo.jp/,ChIJD0UF8G-OGGARYP3wMxiNbSk,https://maps.google.com/?cid=2985197263106669920&g_mp=Cidnb29nbGUubWFwcy5wbGFjZXMudjEuUGxhY2VzLlNlYXJjaFRleHQQAhgEIAA,https://www.yoshimurabungakukan.city.arakawa.tokyo.jp/,museum|tourist_attraction|point_of_interest|establishment,True,NA,high,0,15,16,12,2,5,0,58.222,"score=58.2/110; visitor=0, google=8.2, official=15, scale=16, metro=12, opening=2, mapping=5, penalty=0",No reliable annual visitor count found; included as representative tourism proxy.,node,5898813824.0,museum,NA,NA,NA,Q38277897,ja:吉村昭記念文学館,30.9
P0379,Ikenami Shōtarō Memorial Museum,H19,Iriya,581.7,0.527357,35.7174338,139.7896284,tourism=museum,tourism=museum,8.009,4.1,105.0,OSM,池波正太郎記念文庫,Hibiya,https://library.city.taito.lg.jp/ikenami/,ChIJg7yZbJSOGGAR4MXfHvDl_J8,https://maps.google.com/?cid=11528341965634520544&g_mp=Cidnb29nbGUubWFwcy5wbGFjZXMudjEuUGxhY2VzLlNlYXJjaFRleHQQAhgEIAA,https://library.city.taito.lg.jp/ikenami/,museum|tourist_attraction|point_of_interest|establishment,True,NA,high,0,15,16,12,2,5,0,58.009,"score=58.0/110; visitor=0, google=8.0, official=15, scale=16, metro=12, opening=2, mapping=5, penalty=0",No reliable annual visitor count found; included as representative tourism proxy.,node,7627418373.0,museum,NA,NA,NA,NA,NA,30.6
P0380,Kigumi museum,T04,Waseda,496.5,0.527209,35.7078873,139.7174102,tourism=museum,tourism=museum,7.993,4.7,104.0,OSM,Kigumi museum,Tozai,https://www.kigumi.tokyo/,ChIJBRaE9xuNGGARDoDPhUc-qvE,https://maps.google.com/?cid=17413799386090012686&g_mp=Cidnb29nbGUubWFwcy5wbGFjZXMudjEuUGxhY2VzLlNlYXJjaFRleHQQAhgEIAA,http://www.kigumi.tokyo/,museum|point_of_interest|establishment,True,NA,high,0,15,16,12,2,5,0,57.993,"score=58.0/110; visitor=0, google=8.0, official=15, scale=16, metro=12, opening=2, mapping=5, penalty=0",No reliable annual visitor count found; included as representative tourism proxy.,node,12434584778.0,museum,NA,NA,NA,NA,NA,1.7
P0381,Toshima City Local Museum,Y09,Ikebukuro,411.7,0.526757,35.727675,139.706721,tourism=museum,tourism=museum,7.943,4.0,101.0,OSM,Toshima City Local Museum,Yurakucho,http://www.city.toshima.lg.jp/bunka/bunka/shiryokan/,ChIJE_YumVyNGGAR-fbiuha_tZ0,https://maps.google.com/?cid=11364199339084936953&g_mp=Cidnb29nbGUubWFwcy5wbGFjZXMudjEuUGxhY2VzLlNlYXJjaFRleHQQAhgEIAA,http://www.city.toshima.lg.jp/bunka/bunka/shiryokan/,art_museum|museum|point_of_interest|establishment,True,NA,high,0,15,16,12,2,5,0,57.943,"score=57.9/110; visitor=0, google=7.9, official=15, scale=16, metro=12, opening=2, mapping=5, penalty=0",No reliable annual visitor count found; included as representative tourism proxy.,node,1420798090.0,museum,NA,NA,NA,Q104698258,NA,5.9
P0382,Span Art Gallery,G10,Kyobashi,27.9,0.525549,35.6764804,139.7702512,tourism=gallery,tourism=gallery,8.81,3.9,168.0,OSM,Span Art Gallery,Ginza,https://www.span-art.com/,ChIJ1cy3--SLGGAR1RrYFdYzq3I,https://maps.google.com/?cid=8262754935923808981&g_mp=Cidnb29nbGUubWFwcy5wbGFjZXMudjEuUGxhY2VzLlNlYXJjaFRleHQQAhgEIAA,https://www.span-art.com/,art_gallery|book_store|store|point_of_interest|establishment,True,NA,high,0,15,12,15,2,5,0,57.81,"score=57.8/110; visitor=0, google=8.8, official=15, scale=12, metro=15, opening=2, mapping=5, penalty=0",No reliable annual visitor count found; included as representative tourism proxy.,node,7638309260.0,gallery,NA,NA,NA,NA,NA,1.5
P0383,Samurai Museum Tokyo Ticket Centre,M07,NishiShinjuku,1017.3,0.4,35.6854903,139.690713,tourism=attraction,tourism=attraction,0.0,4.9,2879.0,OSM,Samurai Museum Tokyo Ticket Centre,Marunouchi,https://mai-ko.com/samurai/,ChIJA5gBoXeNGGARJqJqceqLJiQ,https://maps.google.com/?cid=2604923273521832486&g_mp=Cidnb29nbGUubWFwcy5wbGFjZXMudjEuUGxhY2VzLlNlYXJjaFRleHQQAhgEIAA,https://mai-ko.com/samurai/,history_museum|tourist_attraction|museum|point_of_interest|establishment,True,NA,medium,0,15,16,8,2,3,0,44.0,"score=44.0/110; visitor=0, google=0.0, official=15, scale=16, metro=8, opening=2, mapping=3, penalty=0",No reliable annual visitor count found; included as representative tourism proxy. Google Places match is 1550m from original POI coordinate; popularity score set to 0 due to location mismatch.,node,12850486293.0,attraction,NA,NA,NA,NA,NA,1549.8
P0384,NHK Studio Park,Z01,Shibuya,746.9,0.523767,35.6651148,139.6965929,tourism=museum,tourism=museum,13.614,4.0,2770.0,OSM,NHKスタジオパーク,Hanzomon,https://www.nhk.or.jp/studiopark/,ChIJNWTG562MGGAR4K_fpi40M_A,https://maps.google.com/?cid=17308235167887765472&g_mp=Cidnb29nbGUubWFwcy5wbGFjZXMudjEuUGxhY2VzLlNlYXJjaFRleHQQAhgEIAA,NA,museum|point_of_interest|establishment,True,NA,medium,0,15,16,8,2,3,0,57.614,"score=57.6/110; visitor=0, google=13.6, official=15, scale=16, metro=8, opening=2, mapping=3, penalty=0",No reliable annual visitor count found; included as representative tourism proxy.,node,1177156758.0,museum,NA,NA,NA,Q10854719,ja:NHKスタジオパーク,13.9
P0385,Yamatane Museum of Art,H03,HiroO,796.3,0.523181,35.6531744,139.7136407,tourism=museum,tourism=museum,13.55,4.3,2668.0,OSM,Yamatane Museum of Art,Hibiya,http://www.yamatane-museum.or.jp,ChIJseohrGmLGGARWx9gVUaRc7Y,https://maps.google.com/?cid=13147011468490710875&g_mp=Cidnb29nbGUubWFwcy5wbGFjZXMudjEuUGxhY2VzLlNlYXJjaFRleHQQAhgEIAA,https://www.yamatane-museum.jp/,art_museum|history_museum|art_gallery|tourist_attraction|museum|cultural_landmark|point_of_interest|establishment,True,NA,medium,0,15,16,8,2,3,0,57.55,"score=57.5/110; visitor=0, google=13.5, official=15, scale=16, metro=8, opening=2, mapping=3, penalty=0",No reliable annual visitor count found; included as representative tourism proxy.,node,2512414734.0,museum,NA,NA,NA,Q3329572,en:Yamatane Museum,3.2
P0386,Sunamachi Ginza Shopping Street,T15,MinamiSunamachi,1262.0,0.522141,35.679295,139.8277181,tourism=attraction,tourism=attraction,13.435,4.0,2496.0,OSM,Sunamachi Ginza Shopping Street,Tozai,https://sunamachi-ginza.com/,ChIJZd3CcvSIGGARYb6h8zLquSw,https://maps.google.com/?cid=3222864512917028449&g_mp=Cidnb29nbGUubWFwcy5wbGFjZXMudjEuUGxhY2VzLlNlYXJjaFRleHQQAhgEIAA,https://sunamachi-ginza.com/,market|tourist_attraction|point_of_interest|establishment,True,NA,medium,0,15,20,4,2,3,0,57.435,"score=57.4/110; visitor=0, google=13.4, official=15, scale=20, metro=4, opening=2, mapping=3, penalty=0",No reliable annual visitor count found; included as representative tourism proxy.,node,6352638585.0,attraction,NA,NA,NA,NA,NA,326.4
P0387,Nezu Shrine Azalea Garden,N12,Todaimae,311.0,0.521036,35.7197601,139.7605704,leisure=garden,leisure=garden,11.314,4.5,725.0,OSM,Nezu Shrine Azalea Garden,Namboku,https://nedujinja.or.jp/tsutsuji/,ChIJj6WH2TKMGGARukRQe7S6u-0,https://maps.google.com/?cid=17130490891959551162&g_mp=Cidnb29nbGUubWFwcy5wbGFjZXMudjEuUGxhY2VzLlNlYXJjaFRleHQQAhgEIAA,https://nedujinja.or.jp/tsutsuji/,garden|tourist_attraction|point_of_interest|establishment,True,NA,high,0,15,12,12,2,5,0,57.314,"score=57.3/110; visitor=0, google=11.3, official=15, scale=12, metro=12, opening=2, mapping=5, penalty=0",No reliable annual visitor count found; included as representative tourism proxy.,way,484552420.0,NA,NA,garden,NA,NA,NA,23.3
P0388,Izakaya Area,H16,Akihabara,894.4,0.520487,35.6974183,139.7854106,tourism=attraction,tourism=attraction,13.254,3.8,2245.0,OSM,Izakaya Area,Hibiya,https://shinjidai-akihabara.owst.jp/,ChIJBXg8POqPGGARaYvnfxBRZcY,https://maps.google.com/?cid=14295921723464715113&g_mp=Cidnb29nbGUubWFwcy5wbGFjZXMudjEuUGxhY2VzLlNlYXJjaFRleHQQAhgEIAA,https://shinjidai-akihabara.owst.jp/,japanese_izakaya_restaurant|japanese_restaurant|restaurant|food|point_of_interest|establishment,True,NA,medium,0,15,16,8,2,3,0,57.254,"score=57.3/110; visitor=0, google=13.3, official=15, scale=16, metro=8, opening=2, mapping=3, penalty=0",No reliable annual visitor count found; included as representative tourism proxy.,node,6924530088.0,attraction,NA,NA,NA,NA,NA,838.5
P0389,びわ湖長浜観音ハウス,G16,Ueno,242.4,0.520461,35.7112349,139.7730445,tourism=gallery,tourism=gallery,8.251,4.4,121.0,OSM,びわ湖長浜観音ハウス,Ginza,http://www.nagahama-kannon-house.jp/,ChIJ88eVAp6OGGARpTq_JOwqrtI,https://maps.google.com/?cid=15181118587629681317&g_mp=Cidnb29nbGUubWFwcy5wbGFjZXMudjEuUGxhY2VzLlNlYXJjaFRleHQQAhgEIAA,NA,art_gallery|tourist_attraction|museum|point_of_interest|establishment,True,NA,high,0,15,12,15,2,5,0,57.251,"score=57.3/110; visitor=0, google=8.3, official=15, scale=12, metro=15, opening=2, mapping=5, penalty=0",No reliable annual visitor count found; included as representative tourism proxy.,node,4987573179.0,gallery,NA,NA,NA,NA,NA,10.6
P0390,Community Garden,N05,RoppongiItchome,289.6,0.445455,35.666621,139.7363196,leisure=garden,leisure=garden,0.0,4.3,108.0,OSM,Community Garden,Namboku,http://nonoaoyama.com/,ChIJ9XT4qE-NGGARgV-K6hZlmXI,https://maps.google.com/?cid=8257742540859137921&g_mp=Cidnb29nbGUubWFwcy5wbGFjZXMudjEuUGxhY2VzLlNlYXJjaFRleHQQAhgEIAA,http://nonoaoyama.com/,garden|playground|association_or_organization|point_of_interest|establishment,True,NA,high,0,15,12,15,2,5,0,49.0,"score=49.0/110; visitor=0, google=0.0, official=15, scale=12, metro=15, opening=2, mapping=5, penalty=0",No reliable annual visitor count found; included as representative tourism proxy. Google Places match is 2107m from original POI coordinate; popularity score set to 0 due to location mismatch.,way,993050156.0,NA,NA,garden,NA,NA,NA,2106.8
P0391,LE DECO,G01,Shibuya,399.4,0.518571,35.6561567,139.7052119,tourism=gallery,tourism=gallery,11.043,4.1,619.0,OSM,LE DECO,Ginza,http://ledeco.net/,ChIJr8UMwluLGGARKpTnLiYG6yU,https://maps.google.com/?cid=2732284359995790378&g_mp=Cidnb29nbGUubWFwcy5wbGFjZXMudjEuUGxhY2VzLlNlYXJjaFRleHQQAhgEIAA,http://ledeco.net/,art_gallery|tourist_attraction|museum|point_of_interest|establishment,True,NA,high,0,15,12,12,2,5,0,57.043,"score=57.0/110; visitor=0, google=11.0, official=15, scale=12, metro=12, opening=2, mapping=5, penalty=0",No reliable annual visitor count found; included as representative tourism proxy.,node,12192494042.0,gallery,NA,NA,NA,NA,NA,5.3
P0392,Ninomaru garden,T08,Takebashi,342.0,0.517449,35.6874718,139.7586641,leisure=garden,leisure=garden,10.919,4.6,576.0,OSM,Ninomaru garden,Tozai,http://www.kunaicho.go.jp/event/higashigyoen/gyoen-map.html,ChIJPfFaQhOMGGARjVQvYLlU3M0,https://maps.google.com/?cid=14833824427810968717&g_mp=Cidnb29nbGUubWFwcy5wbGFjZXMudjEuUGxhY2VzLlNlYXJjaFRleHQQAhgEIAA,http://www.kunaicho.go.jp/event/higashigyoen/gyoen-map.html,garden|point_of_interest|establishment,True,NA,high,0,15,12,12,2,5,0,56.919,"score=56.9/110; visitor=0, google=10.9, official=15, scale=12, metro=12, opening=2, mapping=5, penalty=0",No reliable annual visitor count found; included as representative tourism proxy.,way,43934002.0,NA,NA,garden,NA,NA,NA,31.0
P0393,Art Museum of the Faculty of Arts and Sciences of the University of Tokyo,C02,YoyogiKoen,1144.9,0.4,35.6593553,139.6857114,tourism=museum,tourism=museum,0.0,4.2,1654.0,OSM,Art Museum of the Faculty of Arts and Sciences of the University of Tokyo,Chiyoda,https://museum.geidai.ac.jp/,ChIJdT3M6imMGGARBqMDOwxy0y8,https://maps.google.com/?cid=3446223536723829510&g_mp=Cidnb29nbGUubWFwcy5wbGFjZXMudjEuUGxhY2VzLlNlYXJjaFRleHQQAhgEIAA,https://museum.geidai.ac.jp/,art_museum|historical_landmark|historical_place|museum|point_of_interest|establishment,True,NA,medium,0,15,16,8,2,3,0,44.0,"score=44.0/110; visitor=0, google=0.0, official=15, scale=16, metro=8, opening=2, mapping=3, penalty=0",No reliable annual visitor count found; included as representative tourism proxy. Google Places match is 10238m from original POI coordinate; popularity score set to 0 due to location mismatch.,node,2333009719.0,museum,NA,NA,NA,NA,NA,10238.4
P0394,Camellia Hill,T04,Waseda,741.4,0.363636,35.711997,139.724819,leisure=garden,leisure=garden,0.0,4.2,15482.0,OSM,Camellia Hill,Tozai,https://www.camelliahill.co.kr/,ChIJAdqBXXVbDDURL7m9RxFObeo,https://maps.google.com/?cid=16892243613461625135&g_mp=Cidnb29nbGUubWFwcy5wbGFjZXMudjEuUGxhY2VzLlNlYXJjaFRleHQQAhgEIAA,https://www.camelliahill.co.kr/,botanical_garden|tourist_attraction|point_of_interest|establishment,True,NA,medium,0,15,12,8,2,3,0,40.0,"score=40.0/110; visitor=0, google=0.0, official=15, scale=12, metro=8, opening=2, mapping=3, penalty=0",No reliable annual visitor count found; included as representative tourism proxy. Google Places match is 1252157m from original POI coordinate; popularity score set to 0 due to location mismatch.,way,1386129488.0,NA,NA,garden,NA,NA,NA,1252157.1
P0395,Shoto Museum of Art,Z01,Shibuya,839.7,0.512574,35.6586811,139.6917887,tourism=museum,tourism=museum,12.383,4.3,1352.0,OSM,Shoto Museum of Art,Hanzomon,https://shoto-museum.jp/,ChIJR6AfJquMGGARLtT29Rg6HLY,https://maps.google.com/?cid=13122427293131002926&g_mp=Cidnb29nbGUubWFwcy5wbGFjZXMudjEuUGxhY2VzLlNlYXJjaFRleHQQAhgEIAA,http://www.shoto-museum.jp/,art_museum|tourist_attraction|museum|point_of_interest|establishment,True,NA,medium,0,15,16,8,2,3,0,56.383,"score=56.4/110; visitor=0, google=12.4, official=15, scale=16, metro=8, opening=2, mapping=3, penalty=0",No reliable annual visitor count found; included as representative tourism proxy.,way,95633646.0,museum,NA,NA,arts_centre,NA,ja:渋谷区立松濤美術館,13.0
P0396,渋谷区立松濤美術館,Z01,Shibuya,846.2,0.512574,35.6586602,139.6917198,tourism=museum,tourism=museum,12.383,4.3,1352.0,OSM,渋谷区立松濤美術館,Hanzomon,http://www.shoto-museum.jp/,ChIJR6AfJquMGGARLtT29Rg6HLY,https://maps.google.com/?cid=13122427293131002926&g_mp=Cidnb29nbGUubWFwcy5wbGFjZXMudjEuUGxhY2VzLlNlYXJjaFRleHQQAhgEIAA,http://www.shoto-museum.jp/,art_museum|tourist_attraction|museum|point_of_interest|establishment,True,NA,medium,0,15,16,8,2,3,0,56.383,"score=56.4/110; visitor=0, google=12.4, official=15, scale=16, metro=8, opening=2, mapping=3, penalty=0",No reliable annual visitor count found; included as representative tourism proxy.,node,5283562900.0,museum,NA,NA,NA,Q11561694,ja:渋谷区立松濤美術館,6.6
P0397,Japanese Folk Crafts Museum,C01,YoyogiUehara,910.2,0.510331,35.660849,139.679219,tourism=museum,tourism=museum,12.136,4.3,1171.0,OSM,Japanese Folk Crafts Museum,Chiyoda,https://www.mingeikan.or.jp/,ChIJq6qaMEXzGGARn_9fV8xMf3M,https://maps.google.com/?cid=8322455076926914463&g_mp=Cidnb29nbGUubWFwcy5wbGFjZXMudjEuUGxhY2VzLlNlYXJjaFRleHQQAhgEIAA,https://www.mingeikan.or.jp/,museum|point_of_interest|establishment,True,NA,medium,0,15,16,8,2,3,0,56.136,"score=56.1/110; visitor=0, google=12.1, official=15, scale=16, metro=8, opening=2, mapping=3, penalty=0",No reliable annual visitor count found; included as representative tourism proxy.,node,1420781094.0,museum,NA,NA,NA,Q3789149,ja:日本民藝館,2.3
P0398,Kurenai Museum,G02,OmoteSando,756.8,0.4,35.6599126,139.7179786,tourism=museum,tourism=museum,0.0,4.3,1171.0,OSM,Kurenai Museum,Ginza,https://www.isehanhonten.co.jp/museum/index.html,ChIJq6qaMEXzGGARn_9fV8xMf3M,https://maps.google.com/?cid=8322455076926914463&g_mp=Cidnb29nbGUubWFwcy5wbGFjZXMudjEuUGxhY2VzLlNlYXJjaFRleHQQAhgEIAA,https://www.mingeikan.or.jp/,museum|point_of_interest|establishment,True,NA,medium,0,15,16,8,2,3,0,44.0,"score=44.0/110; visitor=0, google=0.0, official=15, scale=16, metro=8, opening=2, mapping=3, penalty=0",No reliable annual visitor count found; included as representative tourism proxy. Google Places match is 3504m from original POI coordinate; popularity score set to 0 due to location mismatch.,node,1964113582.0,museum,NA,NA,NA,Q11378949,ja:伊勢半本店 紅ミュージアム,3503.7
P0399,Tokyo Photographic Art Museum,H02,Ebisu,744.1,0.510331,35.641543,139.7133962,tourism=museum,tourism=museum,12.136,4.3,1171.0,OSM,東京都写真美術館,Hibiya,http://topmuseum.jp/,ChIJq6radhaLGGAR2-mAGeshrHk,https://maps.google.com/?cid=8767419868212423131&g_mp=Cidnb29nbGUubWFwcy5wbGFjZXMudjEuUGxhY2VzLlNlYXJjaFRleHQQAhgEIAA,http://topmuseum.jp/,art_museum|movie_theater|museum|library|service|point_of_interest|establishment,True,NA,medium,0,15,16,8,2,3,0,56.136,"score=56.1/110; visitor=0, google=12.1, official=15, scale=16, metro=8, opening=2, mapping=3, penalty=0",No reliable annual visitor count found; included as representative tourism proxy.,node,250668627.0,museum,NA,NA,NA,Q862884,ja:東京都写真美術館,14.6
P0400,Suginami Poetry Museum,M01,Ogikubo,728.0,0.4,35.6988419,139.6244365,tourism=museum,tourism=museum,0.0,4.2,1079.0,OSM,Suginami Poetry Museum,Marunouchi,https://www.city.suginami.tokyo.jp/s100/shisetsu/14529.html,ChIJHcI_OQruGGARM2ZKib1iU8s,https://maps.google.com/?cid=14651162578958050867&g_mp=Cidnb29nbGUubWFwcy5wbGFjZXMudjEuUGxhY2VzLlNlYXJjaFRleHQQAhgEIAA,http://sam.or.jp/,museum|tourist_attraction|point_of_interest|establishment,True,NA,medium,0,15,16,8,2,3,0,44.0,"score=44.0/110; visitor=0, google=0.0, official=15, scale=16, metro=8, opening=2, mapping=3, penalty=0",No reliable annual visitor count found; included as representative tourism proxy. Google Places match is 1990m from original POI coordinate; popularity score set to 0 due to location mismatch.,node,4857120193.0,museum,NA,NA,NA,NA,NA,1989.8
P0401,Yasukuni Shrine / Yushukan Museum,Y14,Ichigaya,659.6,0.508246,35.6953152,139.7433692,shrine_museum,museum|point_of_interest|establishment,13.907,4.5,3285.0,curated_representative,靖国神社 / 遊就館,Yurakucho,https://www.yasukuni.or.jp/english/,ChIJMaBzyd6NGGARdrjc4u0e6w4,https://maps.google.com/?cid=1074986943120193654&g_mp=Cidnb29nbGUubWFwcy5wbGFjZXMudjEuUGxhY2VzLlNlYXJjaFRleHQQAhgEIAA,http://www.yasukuni.or.jp/yusyukan/,museum|point_of_interest|establishment,True,NA,high,0,15,6,12,4,5,0,55.907,"score=55.9/110; visitor=0, google=13.9, official=15, scale=6, metro=12, opening=4, mapping=5, penalty=0","Opening hours are coarse modeling assumptions for a district, facility, or variable schedule. No reliable annual visitor count found; included as representative tourism proxy. Opening hours are coarse modeling assumptions for a district, commercial area, or variable facility schedule.",NA,NA,NA,NA,NA,NA,NA,NA,42.0
P0402,Gallery X,Z01,Shibuya,321.4,0.508048,35.6618836,139.6991162,tourism=gallery,tourism=gallery,9.885,3.8,315.0,OSM,Gallery X,Hanzomon,https://art.parco.jp/,ChIJJRfz46iMGGAR1tgHRKUoY5M,https://maps.google.com/?cid=10620377036545841366&g_mp=Cidnb29nbGUubWFwcy5wbGFjZXMudjEuUGxhY2VzLlNlYXJjaFRleHQQAhgEIAA,http://www.parco-art.com/,art_gallery|store|point_of_interest|establishment,True,NA,high,0,15,12,12,2,5,0,55.885,"score=55.9/110; visitor=0, google=9.9, official=15, scale=12, metro=12, opening=2, mapping=5, penalty=0",No reliable annual visitor count found; included as representative tourism proxy.,node,13524208446.0,gallery,NA,NA,NA,NA,NA,5.1
P0403,國學院大學博物館,G01,Shibuya,834.3,0.507791,35.6562172,139.7112005,tourism=museum,tourism=museum,11.857,4.5,995.0,OSM,國學院大學博物館,Ginza,http://museum.kokugakuin.ac.jp/,ChIJWVhdZF2LGGAREoAcS5G19vM,https://maps.google.com/?cid=17579437831122354194&g_mp=Cidnb29nbGUubWFwcy5wbGFjZXMudjEuUGxhY2VzLlNlYXJjaFRleHQQAhgEIAA,http://museum.kokugakuin.ac.jp/,history_museum|tourist_attraction|museum|point_of_interest|establishment,True,NA,medium,0,15,16,8,2,3,0,55.857,"score=55.9/110; visitor=0, google=11.9, official=15, scale=16, metro=8, opening=2, mapping=3, penalty=0",No reliable annual visitor count found; included as representative tourism proxy.,node,1420771752.0,museum,NA,NA,NA,Q81916990,ja:國學院大學博物館,19.9
P0404,SCAI THE BATHHOUSE,C14,Nezu,652.9,0.507237,35.7217513,139.7705016,tourism=gallery,tourism=gallery,9.796,4.2,299.0,OSM,SCAI THE BATHHOUSE,Chiyoda,https://www.scaithebathhouse.com/,ChIJq1ynUyqMGGARJw9kwdVUyXE,https://maps.google.com/?cid=8199177873654026023&g_mp=Cidnb29nbGUubWFwcy5wbGFjZXMudjEuUGxhY2VzLlNlYXJjaFRleHQQAhgEIAA,http://www.scaithebathhouse.com/,art_gallery|point_of_interest|establishment,True,NA,high,0,15,12,12,2,5,0,55.796,"score=55.8/110; visitor=0, google=9.8, official=15, scale=12, metro=12, opening=2, mapping=5, penalty=0",No reliable annual visitor count found; included as representative tourism proxy.,way,821539905.0,gallery,building,NA,NA,NA,NA,2.8
P0405,Former Marquis Maeda Mansion,C01,YoyogiUehara,750.2,0.507036,35.6623052,139.68073,tourism=museum,tourism=museum,11.774,4.6,948.0,OSM,Former Marquis Maeda Mansion,Chiyoda,https://www.city.meguro.tokyo.jp/douro/shigoto/kouen/komaba.html,ChIJR5HRbkXzGGARUdsuZLImYSM,https://maps.google.com/?cid=2549361411695237969&g_mp=Cidnb29nbGUubWFwcy5wbGFjZXMudjEuUGxhY2VzLlNlYXJjaFRleHQQAhgEIAA,http://www.syougai.metro.tokyo.jp/sesaku/maedatei.html,tourist_attraction|historical_landmark|historical_place|point_of_interest|establishment,True,NA,medium,0,15,16,8,2,3,0,55.774,"score=55.8/110; visitor=0, google=11.8, official=15, scale=16, metro=8, opening=2, mapping=3, penalty=0",No reliable annual visitor count found; included as representative tourism proxy.,way,28145214.0,museum,building,NA,NA,NA,NA,48.7
P0406,Former Marquis Maeda Mansion,C01,YoyogiUehara,755.7,0.507036,35.662224,139.6801227,tourism=museum,tourism=museum,11.774,4.6,948.0,OSM,Former Marquis Maeda Mansion,Chiyoda,https://www.syougai.metro.tokyo.jp/sesaku/maedatei.html,ChIJR5HRbkXzGGARUdsuZLImYSM,https://maps.google.com/?cid=2549361411695237969&g_mp=Cidnb29nbGUubWFwcy5wbGFjZXMudjEuUGxhY2VzLlNlYXJjaFRleHQQAhgEIAA,http://www.syougai.metro.tokyo.jp/sesaku/maedatei.html,tourist_attraction|historical_landmark|historical_place|point_of_interest|establishment,True,NA,medium,0,15,16,8,2,3,0,55.774,"score=55.8/110; visitor=0, google=11.8, official=15, scale=16, metro=8, opening=2, mapping=3, penalty=0",No reliable annual visitor count found; included as representative tourism proxy.,way,28144706.0,museum,building,NA,NA,NA,NA,13.7
P0407,Senshuen Garden,M23,Myogadani,389.8,0.418182,35.7205166,139.7382941,leisure=garden,leisure=garden,0.0,4.2,267.0,OSM,占春園,Marunouchi,http://sabo10.tokyo/,ChIJR-4i9GeNGGARSgQHNRRONCc,https://maps.google.com/?cid=2824968714964108362&g_mp=Cidnb29nbGUubWFwcy5wbGFjZXMudjEuUGxhY2VzLlNlYXJjaFRleHQQAhgEIAA,http://sabo10.tokyo/,general_contractor|service|point_of_interest|establishment,True,NA,high,0,15,12,12,2,5,0,46.0,"score=46.0/110; visitor=0, google=0.0, official=15, scale=12, metro=12, opening=2, mapping=5, penalty=0",No reliable annual visitor count found; included as representative tourism proxy. Google Places match is 2583m from original POI coordinate; popularity score set to 0 due to location mismatch.,way,691698274.0,NA,NA,garden,NA,Q24898725,ja:占春園,2582.7
P0408,Minato Local Museum,N03,ShirokaneTakanawa,1079.3,0.4,35.6470718,139.7452081,tourism=museum,tourism=museum,0.0,4.3,767.0,OSM,Minato Local Museum,Namboku,https://www.minato-rekishi.com/,ChIJRalaHwSLGGARjQinSKHPQCs,https://maps.google.com/?cid=3116719233755973773&g_mp=Cidnb29nbGUubWFwcy5wbGFjZXMudjEuUGxhY2VzLlNlYXJjaFRleHQQAhgEIAA,https://www.minato-rekishi.com/,museum|point_of_interest|establishment,True,NA,medium,0,15,16,8,2,3,0,44.0,"score=44.0/110; visitor=0, google=0.0, official=15, scale=16, metro=8, opening=2, mapping=3, penalty=0",No reliable annual visitor count found; included as representative tourism proxy. Google Places match is 1883m from original POI coordinate; popularity score set to 0 due to location mismatch.,node,1420789248.0,museum,NA,NA,NA,NA,NA,1882.6
P0409,The Artcomplex Center of Tokyo,M11,YotsuyaSanchome,409.3,0.503622,35.6843446,139.7178873,tourism=gallery,tourism=gallery,9.398,4.2,237.0,OSM,The Artcomplex Center of Tokyo,Marunouchi,http://www.gallerycomplex.com/,ChIJD4KER5OMGGARGI6iNtBWYQE,https://maps.google.com/?cid=99456119048670744&g_mp=Cidnb29nbGUubWFwcy5wbGFjZXMudjEuUGxhY2VzLlNlYXJjaFRleHQQAhgEIAA,http://www.gallerycomplex.com/,art_gallery|point_of_interest|establishment,True,NA,high,0,15,12,12,2,5,0,55.398,"score=55.4/110; visitor=0, google=9.4, official=15, scale=12, metro=12, opening=2, mapping=5, penalty=0",No reliable annual visitor count found; included as representative tourism proxy.,node,3243965676.0,gallery,NA,NA,NA,NA,NA,4.6
P0410,Asukayama Park,N16,Oji,451.0,0.503611,35.7505735,139.7387497,tourism=hanami,tourism=hanami,15.397,4.2,7824.0,OSM,Asukayama Park,Namboku,https://www.city.kita.lg.jp/parks/asukayamapark/index.html,ChIJadg8iniSGGARysxtwtnBjxM,https://maps.google.com/?cid=1409558349404294346&g_mp=Cidnb29nbGUubWFwcy5wbGFjZXMudjEuUGxhY2VzLlNlYXJjaFRleHQQAhgEIAA,https://www.npd.jp/asukayamapark/,park|tourist_attraction|point_of_interest|establishment,True,NA,high,0,15,6,12,2,5,0,55.397,"score=55.4/110; visitor=0, google=15.4, official=15, scale=6, metro=12, opening=2, mapping=5, penalty=0",No reliable annual visitor count found; included as representative tourism proxy.,way,38017808.0,hanami,NA,park,NA,Q901172,ja:飛鳥山公園,13.1
P0411,Eisei Bunko,Y11,Gokokuji,769.6,0.503548,35.7131093,139.7233554,tourism=museum,tourism=museum,11.39,4.2,758.0,OSM,Eisei Bunko,Yurakucho,https://www.eiseibunko.com/,ChIJOQ-VFgWNGGARyPZgB9DRvlg,https://maps.google.com/?cid=6394779212319880904&g_mp=Cidnb29nbGUubWFwcy5wbGFjZXMudjEuUGxhY2VzLlNlYXJjaFRleHQQAhgEIAA,https://www.eiseibunko.com/,art_museum|history_museum|tourist_attraction|museum|point_of_interest|establishment,True,NA,medium,0,15,16,8,2,3,0,55.39,"score=55.4/110; visitor=0, google=11.4, official=15, scale=16, metro=8, opening=2, mapping=3, penalty=0",No reliable annual visitor count found; included as representative tourism proxy.,way,372572644.0,museum,NA,NA,NA,Q728781,ja:永青文庫,13.2
P0412,Eizaburo Kioka and Umeko Memorial Archives,M01,Ogikubo,737.3,0.4,35.6980422,139.6166559,tourism=museum,tourism=museum,0.0,4.2,758.0,OSM,Eizaburo Kioka and Umeko Memorial Archives,Marunouchi,https://eizaburo884.wixsite.com/my-site,ChIJOQ-VFgWNGGARyPZgB9DRvlg,https://maps.google.com/?cid=6394779212319880904&g_mp=Cidnb29nbGUubWFwcy5wbGFjZXMudjEuUGxhY2VzLlNlYXJjaFRleHQQAhgEIAA,https://www.eiseibunko.com/,art_museum|tourist_attraction|history_museum|museum|point_of_interest|establishment,True,NA,medium,0,15,16,8,2,3,0,44.0,"score=44.0/110; visitor=0, google=0.0, official=15, scale=16, metro=8, opening=2, mapping=3, penalty=0",No reliable annual visitor count found; included as representative tourism proxy. Google Places match is 9773m from original POI coordinate; popularity score set to 0 due to location mismatch.,node,2916039585.0,museum,NA,NA,NA,NA,NA,9773.5
P0413,The Sumida Hokusai Museum,Z13,Kinshicho,1312.5,0.50123,35.6963305,139.8004871,tourism=museum,tourism=museum,15.135,4.1,6717.0,OSM,すみだ北斎美術館,Hanzomon,https://hokusai-museum.jp/,ChIJgRjTtzOJGGARqoKBtB8BAno,https://maps.google.com/?cid=8791590658264629930&g_mp=Cidnb29nbGUubWFwcy5wbGFjZXMudjEuUGxhY2VzLlNlYXJjaFRleHQQAhgEIAA,https://hokusai-museum.jp/,art_museum|tourist_attraction|museum|point_of_interest|establishment,True,NA,medium,0,15,16,4,2,3,0,55.135,"score=55.1/110; visitor=0, google=15.1, official=15, scale=16, metro=4, opening=2, mapping=3, penalty=0",No reliable annual visitor count found; included as representative tourism proxy.,way,444853841.0,museum,NA,NA,NA,Q17220332,ja:すみだ北斎美術館,6.6
P0414,Main Garden,M12,Yotsuya,496.5,0.501062,35.6797415,139.7296837,leisure=garden,leisure=garden,9.117,4.6,201.0,OSM,Main Garden,Marunouchi,https://www.geihinkan.go.jp/akasaka/visit/visit_area1/,ChIJUbpJI4aMGGARAOR0KHYv7bw,https://maps.google.com/?cid=13613589433142273024&g_mp=Cidnb29nbGUubWFwcy5wbGFjZXMudjEuUGxhY2VzLlNlYXJjaFRleHQQAhgEIAA,https://www.geihinkan.go.jp/akasaka/visit/visit_area1/,garden|point_of_interest|establishment,True,NA,high,0,15,12,12,2,5,0,55.117,"score=55.1/110; visitor=0, google=9.1, official=15, scale=12, metro=12, opening=2, mapping=5, penalty=0",No reliable annual visitor count found; included as representative tourism proxy.,relation,20283365.0,NA,NA,garden,NA,NA,NA,101.9
P0415,Meguro Museum of Art,N01,Meguro,770.9,0.500885,35.6349252,139.7076759,tourism=museum,tourism=museum,11.097,4.0,639.0,OSM,Meguro Museum of Art,Namboku,https://mmat.jp/,ChIJq89_SiOLGGARNfbenIKLrPU,https://maps.google.com/?cid=17702677628380444213&g_mp=Cidnb29nbGUubWFwcy5wbGFjZXMudjEuUGxhY2VzLlNlYXJjaFRleHQQAhgEIAA,https://www.mmat.jp/,art_museum|tourist_attraction|museum|point_of_interest|establishment,True,NA,medium,0,15,16,8,2,3,0,55.097,"score=55.1/110; visitor=0, google=11.1, official=15, scale=16, metro=8, opening=2, mapping=3, penalty=0",No reliable annual visitor count found; included as representative tourism proxy.,node,1733357504.0,museum,NA,NA,NA,Q3815450,ja:目黒区美術館,6.9
P0416,Daikanyama District,H01,NakaMeguro,577.9,0.5,35.6487983,139.7015874,shopping_district,sublocality_level_2|sublocality|political,0.0,NA,NA,curated_representative,代官山,Hibiya,https://www.gotokyo.org/en/destinations/western-tokyo/daikanyama/index.html,ChIJ68vK5kSLGGARoiBaKr3YZgU,https://maps.google.com/?cid=389236724785094818&g_mp=Cidnb29nbGUubWFwcy5wbGFjZXMudjEuUGxhY2VzLlNlYXJjaFRleHQQAhgEIAA,NA,sublocality_level_2|sublocality|political,True,NA,medium,0,20,16,12,4,3,0,55.0,"score=55.0/110; visitor=0, google=0.0, official=20, scale=16, metro=12, opening=4, mapping=3, penalty=0",Representative boutique shopping/cafe district; Tokyo Metro proxy is Naka-meguro. No reliable annual visitor count found; included as representative tourism proxy. Opening hours are coarse modeling assumptions for a district or commercial area.,NA,NA,NA,NA,NA,NA,NA,NA,307.2
P0417,Denboin Garden,G19,Asakusa,390.9,0.499773,35.7136319,139.7953013,leisure=garden,leisure=garden,8.975,4.4,185.0,OSM,伝法院庭園,Ginza,https://www.senso-ji.jp/guide/guide13.html,ChIJx2wK9cCOGGAR_tnBAgUwpDU,https://maps.google.com/?cid=3865267178269956606&g_mp=Cidnb29nbGUubWFwcy5wbGFjZXMudjEuUGxhY2VzLlNlYXJjaFRleHQQAhgEIAA,https://www.senso-ji.jp/guide/guide13.html,garden|buddhist_temple|scenic_spot|tourist_attraction|place_of_worship|association_or_organization|point_of_interest|establishment,True,NA,high,0,15,12,12,2,5,0,54.975,"score=55.0/110; visitor=0, google=9.0, official=15, scale=12, metro=12, opening=2, mapping=5, penalty=0",No reliable annual visitor count found; included as representative tourism proxy.,way,1043662944.0,NA,NA,garden,NA,NA,NA,33.9
P0418,Nekomachi Gallery,C15,Sendagi,338.6,0.499689,35.7229255,139.7647168,tourism=gallery,tourism=gallery,8.966,4.2,184.0,OSM,Nekomachi Gallery,Chiyoda,http://gallery.necomachi.com/,ChIJ7zIG29KNGGAR8mac1BLq5Kc,https://maps.google.com/?cid=12098051865621325554&g_mp=Cidnb29nbGUubWFwcy5wbGFjZXMudjEuUGxhY2VzLlNlYXJjaFRleHQQAhgEIAA,http://gallery.necomachi.com/,tourist_attraction|art_gallery|point_of_interest|establishment,True,NA,high,0,15,12,12,2,5,0,54.966,"score=55.0/110; visitor=0, google=9.0, official=15, scale=12, metro=12, opening=2, mapping=5, penalty=0",No reliable annual visitor count found; included as representative tourism proxy.,node,2034368653.0,gallery,NA,NA,NA,NA,NA,14.8
P0419,Kanda Book Town,Z07,Jimbocho,96.2,0.499174,35.69586,139.7586067,tourism=attraction,tourism=attraction,8.909,4.6,178.0,OSM,神田古書店街,Hanzomon,NA,ChIJlfkRIs6NGGARkNOcR_rqLuI,https://maps.google.com/?cid=16298222462164587408&g_mp=Cidnb29nbGUubWFwcy5wbGFjZXMudjEuUGxhY2VzLlNlYXJjaFRleHQQAhgEIAA,NA,book_store|store|point_of_interest|establishment,True,NA,high,0,8,16,15,2,5,0,54.909,"score=54.9/110; visitor=0, google=8.9, official=8, scale=16, metro=15, opening=2, mapping=5, penalty=0",No reliable annual visitor count found; included as representative tourism proxy.,node,5403391605.0,attraction,NA,NA,NA,Q10445002,ja:神田古書店街,123.5
P0420,Mt. Mikasa,C09,Hibiya,317.0,0.390909,35.675746,139.7560341,tourism=viewpoint,tourism=viewpoint,0.0,4.6,943.0,OSM,Mt. Mikasa,Chiyoda,NA,ChIJLwbhyrs5AWARXrfL75d3_j8,https://maps.google.com/?cid=4611254562920839006&g_mp=Cidnb29nbGUubWFwcy5wbGFjZXMudjEuUGxhY2VzLlNlYXJjaFRleHQQAhgEIAA,NA,mountain_peak|natural_feature|establishment,True,NA,high,0,8,16,12,2,5,0,43.0,"score=43.0/110; visitor=0, google=0.0, official=8, scale=16, metro=12, opening=2, mapping=5, penalty=0",No reliable annual visitor count found; included as representative tourism proxy. Google Places match is 371066m from original POI coordinate; popularity score set to 0 due to location mismatch.,node,11232618330.0,viewpoint,NA,NA,NA,NA,NA,371066.1
P0421,Thousand Torii,G05,AkasakaMitsuke,256.6,0.497616,35.6750149,139.7390775,tourism=attraction,tourism=attraction,8.738,4.5,161.0,OSM,Thousand Torii,Ginza,NA,ChIJq9UfCh-LGGARwchxWSdEPSk,https://maps.google.com/?cid=2971606264929437889&g_mp=Cidnb29nbGUubWFwcy5wbGFjZXMudjEuUGxhY2VzLlNlYXJjaFRleHQQAhgEIAA,NA,shinto_shrine|place_of_worship|association_or_organization|point_of_interest|establishment,True,NA,high,0,8,16,15,2,5,0,54.738,"score=54.7/110; visitor=0, google=8.7, official=8, scale=16, metro=15, opening=2, mapping=5, penalty=0",No reliable annual visitor count found; included as representative tourism proxy.,node,12843360101.0,attraction,NA,NA,NA,NA,NA,13.3
P0422,Arakawa Museum Of Aqua,N19,AkabaneIwabuchi,765.3,0.496394,35.785618,139.730122,tourism=museum,tourism=museum,10.603,3.9,479.0,OSM,Arakawa Museum Of Aqua,Namboku,https://www.ara-amoa.com/,ChIJV7Uu2wCTGGARxXjBNv1Z0LY,https://maps.google.com/?cid=13173127854138947781&g_mp=Cidnb29nbGUubWFwcy5wbGFjZXMudjEuUGxhY2VzLlNlYXJjaFRleHQQAhgEIAA,https://www.ara-amoa.com/,tourist_attraction|museum|point_of_interest|establishment,True,NA,medium,0,15,16,8,2,3,0,54.603,"score=54.6/110; visitor=0, google=10.6, official=15, scale=16, metro=8, opening=2, mapping=3, penalty=0",No reliable annual visitor count found; included as representative tourism proxy.,node,2558169613.0,museum,NA,NA,NA,NA,NA,2.8
P0423,Front Garden,M12,Yotsuya,310.0,0.495993,35.681558,139.7289395,leisure=garden,leisure=garden,8.559,4.6,145.0,OSM,Front Garden,Marunouchi,https://www.geihinkan.go.jp/akasaka/visit/visit_area1/,ChIJYX7ntVKNGGAR_4NZuLG2Iiw,https://maps.google.com/?cid=3180305161295332351&g_mp=Cidnb29nbGUubWFwcy5wbGFjZXMudjEuUGxhY2VzLlNlYXJjaFRleHQQAhgEIAA,https://www.geihinkan.go.jp/akasaka/visit/visit_area1/,garden|point_of_interest|establishment,True,NA,high,0,15,12,12,2,5,0,54.559,"score=54.6/110; visitor=0, google=8.6, official=15, scale=12, metro=12, opening=2, mapping=5, penalty=0",No reliable annual visitor count found; included as representative tourism proxy.,relation,20283366.0,NA,NA,garden,NA,NA,NA,34.4
P0424,Ohyama,G08,Shimbashi,1429.1,0.363636,35.6545322,139.7582173,tourism=viewpoint,tourism=viewpoint,0.0,4.0,4605.0,OSM,Ohyama,Ginza,http://www.ohyama.com/ueno,ChIJsfxOVJ6OGGARYR08nkWSLdY,https://maps.google.com/?cid=15433152325773696353&g_mp=Cidnb29nbGUubWFwcy5wbGFjZXMudjEuUGxhY2VzLlNlYXJjaFRleHQQAhgEIAA,http://www.ohyama.com/ueno,meal_takeaway|restaurant|food|point_of_interest|establishment,True,NA,medium,0,15,16,4,2,3,0,40.0,"score=40.0/110; visitor=0, google=0.0, official=15, scale=16, metro=4, opening=2, mapping=3, penalty=0",No reliable annual visitor count found; included as representative tourism proxy. Google Places match is 6399m from original POI coordinate; popularity score set to 0 due to location mismatch.,node,5971603396.0,viewpoint,NA,NA,NA,NA,NA,6398.9
P0425,Kanze No Theater,Z01,Shibuya,733.3,0.4,35.6620432,139.6935718,tourism=attraction,tourism=attraction,0.0,4.2,438.0,OSM,Kanze No Theater,Hanzomon,https://kanze.net/,ChIJp3dBSOaLGGARfUO50gQAGBQ,https://maps.google.com/?cid=1447907300914840445&g_mp=Cidnb29nbGUubWFwcy5wbGFjZXMudjEuUGxhY2VzLlNlYXJjaFRleHQQAhgEIAA,https://kanze.net/,event_venue|point_of_interest|establishment,True,NA,medium,0,15,16,8,2,3,0,44.0,"score=44.0/110; visitor=0, google=0.0, official=15, scale=16, metro=8, opening=2, mapping=3, penalty=0",No reliable annual visitor count found; included as representative tourism proxy. Google Places match is 6420m from original POI coordinate; popularity score set to 0 due to location mismatch.,node,252675438.0,attraction,NA,NA,NA,NA,NA,6419.8
P0426,梅めぐり散歩道,G19,Asakusa,781.6,0.494977,35.7161474,139.8033131,leisure=garden,leisure=garden,14.447,4.2,4500.0,OSM,梅めぐり散歩道,Ginza,https://www.city.taito.lg.jp/kenchiku/hanamidori/koen/sumidapamphlet.html,ChIJZ4oTScOOGGAR16BfN7ADXMk,https://maps.google.com/?cid=14509476154859036887&g_mp=Cidnb29nbGUubWFwcy5wbGFjZXMudjEuUGxhY2VzLlNlYXJjaFRleHQQAhgEIAA,https://www.city.taito.lg.jp/kenchiku/hanamidori/koen/sumidapamphlet.html,park|point_of_interest|establishment,True,NA,medium,0,15,12,8,2,3,0,54.447,"score=54.4/110; visitor=0, google=14.4, official=15, scale=12, metro=8, opening=2, mapping=3, penalty=0",No reliable annual visitor count found; included as representative tourism proxy.,way,1059153564.0,NA,NA,garden,NA,NA,NA,314.1
P0427,Edo History Walking Corner,N09,Ichigaya,26.9,0.494537,35.6930474,139.7365541,tourism=museum,tourism=museum,8.399,3.8,132.0,OSM,江戸歴史散歩コーナー,Namboku,NA,ChIJU6ArGV6MGGARPqhvCRqwyPU,https://maps.google.com/?cid=17710599160508426302&g_mp=Cidnb29nbGUubWFwcy5wbGFjZXMudjEuUGxhY2VzLlNlYXJjaFRleHQQAhgEIAA,NA,historical_landmark|historical_place|museum|point_of_interest|establishment,True,NA,high,0,8,16,15,2,5,0,54.399,"score=54.4/110; visitor=0, google=8.4, official=8, scale=16, metro=15, opening=2, mapping=5, penalty=0",No reliable annual visitor count found; included as representative tourism proxy.,node,6266973577.0,museum,NA,NA,NA,NA,NA,54.5
P0428,Jingu Bridge,C03,MeijiJingumae,153.4,0.493316,35.6697179,139.7024123,tourism=attraction,tourism=attraction,8.265,4.2,122.0,OSM,Jingu Bridge,Chiyoda,NA,ChIJe-4gBXmNGGAR0Rde9eN3d9U,https://maps.google.com/?cid=15381894873265084369&g_mp=Cidnb29nbGUubWFwcy5wbGFjZXMudjEuUGxhY2VzLlNlYXJjaFRleHQQAhgEIAA,NA,bridge|tourist_attraction|transportation_service|point_of_interest|establishment,True,NA,high,0,8,16,15,2,5,0,54.265,"score=54.3/110; visitor=0, google=8.3, official=8, scale=16, metro=15, opening=2, mapping=5, penalty=0",No reliable annual visitor count found; included as representative tourism proxy.,way,553522499.0,attraction,NA,NA,NA,Q11589493,en:Jingūbashi,7.2
P0429,Logistics Museum,N02,Shirokanedai,1127.1,0.492991,35.629097,139.732315,tourism=museum,tourism=museum,10.229,4.0,385.0,OSM,Logistics Museum,Namboku,https://www.lmuse.or.jp/,ChIJ_wDxK1aKGGARvv10tNDypZs,https://maps.google.com/?cid=11215637425230773694&g_mp=Cidnb29nbGUubWFwcy5wbGFjZXMudjEuUGxhY2VzLlNlYXJjaFRleHQQAhgEIAA,https://www.lmuse.or.jp/,museum|tourist_attraction|point_of_interest|establishment,True,NA,medium,0,15,16,8,2,3,0,54.229,"score=54.2/110; visitor=0, google=10.2, official=15, scale=16, metro=8, opening=2, mapping=3, penalty=0",No reliable annual visitor count found; included as representative tourism proxy.,node,1420789431.0,museum,NA,NA,NA,Q104698234,ja:物流博物館,7.3
P0430,Kitadani Park,Z01,Shibuya,529.2,0.49213,35.6640736,139.6996457,leisure=park,leisure=park,8.134,4.3,113.0,OSM,北谷公園,Hanzomon,https://shibuya-kitaya-park.tokyo/,ChIJi4jCIGGNGGAReNFWdzosFFY,https://maps.google.com/?cid=6202631216417919352&g_mp=Cidnb29nbGUubWFwcy5wbGFjZXMudjEuUGxhY2VzLlNlYXJjaFRleHQQAhgEIAA,https://shibuya-kitaya-park.tokyo/,park|point_of_interest|establishment,True,NA,high,0,15,12,12,2,5,0,54.134,"score=54.1/110; visitor=0, google=8.1, official=15, scale=12, metro=12, opening=2, mapping=5, penalty=0",No reliable annual visitor count found; included as representative tourism proxy.,way,138576906.0,NA,NA,park,NA,Q42312080,NA,13.0
P0431,Adachi City Museum,C20,KitaAyase,1192.4,0.491055,35.7844723,139.8414425,tourism=museum,tourism=museum,10.016,3.9,340.0,OSM,Adachi City Museum,Chiyoda,http://www.city.adachi.tokyo.jp/hakubutsukan/,ChIJ2fksZeSPGGAR1dIhu7_XPIs,https://maps.google.com/?cid=10033131288352903893&g_mp=Cidnb29nbGUubWFwcy5wbGFjZXMudjEuUGxhY2VzLlNlYXJjaFRleHQQAhgEIAA,http://www.city.adachi.tokyo.jp/hakubutsukan/,museum|point_of_interest|establishment,True,NA,medium,0,15,16,8,2,3,0,54.016,"score=54.0/110; visitor=0, google=10.0, official=15, scale=16, metro=8, opening=2, mapping=3, penalty=0",No reliable annual visitor count found; included as representative tourism proxy.,node,1420798495.0,museum,NA,NA,NA,Q11636983,ja:足立区立郷土博物館,10.2
P0432,Sugamo Jizo Dori Shopping Street,N14,Komagome,1221.2,0.49096,35.7367328,139.733417,tourism=attraction,tourism=attraction,14.006,4.1,3479.0,OSM,Sugamo Jizo Dori Shopping Street,Namboku,http://www.sugamo.or.jp/,ChIJkYbVMJ2NGGAROsREgUFhIv4,https://maps.google.com/?cid=18312305968811394106&g_mp=Cidnb29nbGUubWFwcy5wbGFjZXMudjEuUGxhY2VzLlNlYXJjaFRleHQQAhgEIAA,http://www.sugamo.or.jp/,shopping_mall|market|tourist_attraction|store|point_of_interest|establishment,True,NA,medium,0,15,16,4,2,3,0,54.006,"score=54.0/110; visitor=0, google=14.0, official=15, scale=16, metro=4, opening=2, mapping=3, penalty=0",No reliable annual visitor count found; included as representative tourism proxy.,node,6127218289.0,attraction,NA,NA,NA,NA,NA,343.8
P0433,Sugamo Jizo Dori Shopping Street,N15,Nishigahara,1317.5,0.49096,35.7387979,139.7306169,tourism=attraction,tourism=attraction,14.006,4.1,3479.0,OSM,Sugamo Jizo Dori Shopping Street,Namboku,http://www.sugamo.or.jp/,ChIJkYbVMJ2NGGAROsREgUFhIv4,https://maps.google.com/?cid=18312305968811394106&g_mp=Cidnb29nbGUubWFwcy5wbGFjZXMudjEuUGxhY2VzLlNlYXJjaFRleHQQAhgEIAA,http://www.sugamo.or.jp/,shopping_mall|tourist_attraction|market|store|point_of_interest|establishment,True,NA,medium,0,15,16,4,2,3,0,54.006,"score=54.0/110; visitor=0, google=14.0, official=15, scale=16, metro=4, opening=2, mapping=3, penalty=0",No reliable annual visitor count found; included as representative tourism proxy.,node,6127218288.0,attraction,NA,NA,NA,NA,NA,684.6
P0434,コボちゃん増,T05,Kagurazaka,226.6,0.490545,35.7029714,139.7367749,tourism=viewpoint,tourism=viewpoint,7.96,4.0,102.0,OSM,コボちゃん増,Tozai,NA,ChIJFVPkNVeMGGARu5df3orPWr4,https://maps.google.com/?cid=13716503810453510075&g_mp=Cidnb29nbGUubWFwcy5wbGFjZXMudjEuUGxhY2VzLlNlYXJjaFRleHQQAhgEIAA,NA,sculpture|tourist_attraction|point_of_interest|establishment,True,NA,high,0,8,16,15,2,5,0,53.96,"score=54.0/110; visitor=0, google=8.0, official=8, scale=16, metro=15, opening=2, mapping=5, penalty=0",No reliable annual visitor count found; included as representative tourism proxy.,node,8513058923.0,viewpoint,NA,NA,NA,NA,NA,6.5
P0435,Center of the Tokyo Raids and War Damage,Z12,Sumiyoshi,976.7,0.490496,35.681744,139.822264,tourism=museum,tourism=museum,9.955,4.2,328.0,OSM,Center of the Tokyo Raids and War Damage,Hanzomon,http://www.tokyo-sensai.net/,ChIJ4XBWOuWIGGARHKC7r8EE4FY,https://maps.google.com/?cid=6260008711968497692&g_mp=Cidnb29nbGUubWFwcy5wbGFjZXMudjEuUGxhY2VzLlNlYXJjaFRleHQQAhgEIAA,http://www.tokyo-sensai.net/,museum|point_of_interest|establishment,True,NA,medium,0,15,16,8,2,3,0,53.955,"score=54.0/110; visitor=0, google=10.0, official=15, scale=16, metro=8, opening=2, mapping=3, penalty=0",No reliable annual visitor count found; included as representative tourism proxy.,node,1420783697.0,museum,NA,NA,NA,Q15961648,en:Center of the Tokyo Raids and War Damage,4.4
P0436,Edo Taitō Traditional Crafts Museum,G19,Asakusa,722.2,0.490257,35.716384,139.793803,tourism=museum,tourism=museum,9.928,4.0,323.0,OSM,江戸下町伝統工芸館,Ginza,https://craft.city.taito.lg.jp/kogeikan/,ChIJvR_ituqOGGARUgkdETJAf4E,https://maps.google.com/?cid=9331247536714615122&g_mp=Cidnb29nbGUubWFwcy5wbGFjZXMudjEuUGxhY2VzLlNlYXJjaFRleHQQAhgEIAA,https://craft.city.taito.lg.jp/kogeikan/,museum|point_of_interest|establishment,True,NA,medium,0,15,16,8,2,3,0,53.928,"score=53.9/110; visitor=0, google=9.9, official=15, scale=16, metro=8, opening=2, mapping=3, penalty=0",No reliable annual visitor count found; included as representative tourism proxy.,node,3835272257.0,museum,NA,NA,NA,NA,NA,3.9
P0437,Toguri Museum of Art,Z01,Shibuya,776.2,0.490014,35.6614398,139.6927998,tourism=museum,tourism=museum,9.902,4.2,318.0,OSM,戸栗美術館,Hanzomon,https://www.toguri-museum.or.jp/,ChIJlzzwnKyMGGAReHy-2C4FVxs,https://maps.google.com/?cid=1970049060760878200&g_mp=Cidnb29nbGUubWFwcy5wbGFjZXMudjEuUGxhY2VzLlNlYXJjaFRleHQQAhgEIAA,https://www.toguri-museum.or.jp/,art_museum|tourist_attraction|museum|point_of_interest|establishment,True,NA,medium,0,15,16,8,2,3,0,53.902,"score=53.9/110; visitor=0, google=9.9, official=15, scale=16, metro=8, opening=2, mapping=3, penalty=0",No reliable annual visitor count found; included as representative tourism proxy.,node,1420780494.0,museum,NA,NA,NA,Q11496415,ja:戸栗美術館,1.5
P0438,Calligraphy Museum,H19,Iriya,858.0,0.489567,35.7247153,139.7764529,tourism=museum,tourism=museum,9.852,4.1,309.0,OSM,Calligraphy Museum,Hibiya,https://www.taitogeibun.net/shodou/,ChIJV9V04YCOGGAR1vJXsD-8tmc,https://maps.google.com/?cid=7473367613395432150&g_mp=Cidnb29nbGUubWFwcy5wbGFjZXMudjEuUGxhY2VzLlNlYXJjaFRleHQQAhgEIAA,https://www.taitogeibun.net/shodou/,museum|tourist_attraction|art_museum|point_of_interest|establishment,True,NA,medium,0,15,16,8,2,3,0,53.852,"score=53.9/110; visitor=0, google=9.9, official=15, scale=16, metro=8, opening=2, mapping=3, penalty=0",No reliable annual visitor count found; included as representative tourism proxy.,node,1420771103.0,museum,NA,NA,NA,Q11411955,NA,20.8
P0439,Suginami Historical Museum,Mb03,Honancho,1160.6,0.489517,35.6860219,139.6454612,tourism=museum,tourism=museum,9.847,4.1,308.0,OSM,杉並区立郷土博物館,MarunouchiBranch,https://www.city.suginami.tokyo.jp/histmus/,ChIJAT-cflnyGGARB6Rk86G2vTE,https://maps.google.com/?cid=3584221685146231815&g_mp=Cidnb29nbGUubWFwcy5wbGFjZXMudjEuUGxhY2VzLlNlYXJjaFRleHQQAhgEIAA,http://www.city.suginami.tokyo.jp/histmus/index.html,tourist_attraction|museum|point_of_interest|establishment,True,NA,medium,0,15,16,8,2,3,0,53.847,"score=53.8/110; visitor=0, google=9.8, official=15, scale=16, metro=8, opening=2, mapping=3, penalty=0",No reliable annual visitor count found; included as representative tourism proxy.,way,807500706.0,museum,NA,NA,NA,Q20045092,ja:杉並区立郷土博物館,11.7
P0440,Sumo Ring,H15,Kodemmacho,1418.6,0.489454,35.6961211,139.7928128,tourism=attraction,tourism=attraction,13.84,5.0,3159.0,OSM,土俵,Hibiya,https://sumoland.jp/,ChIJ0VFTplGJGGARZOfBo7RJngY,https://maps.google.com/?cid=476899650738186084&g_mp=Cidnb29nbGUubWFwcy5wbGFjZXMudjEuUGxhY2VzLlNlYXJjaFRleHQQAhgEIAA,https://sumoland.jp/,japanese_restaurant|tourist_attraction|restaurant|food|point_of_interest|establishment,True,NA,medium,0,15,16,4,2,3,0,53.84,"score=53.8/110; visitor=0, google=13.8, official=15, scale=16, metro=4, opening=2, mapping=3, penalty=0",No reliable annual visitor count found; included as representative tourism proxy.,node,4932090521.0,attraction,NA,NA,NA,NA,NA,273.0
P0441,Koishikawa Botanical Gardens,M23,Myogadani,748.2,0.488967,35.720211,139.7443061,leisure=garden,leisure=garden,13.786,4.3,3062.0,OSM,Koishikawa Botanical Gardens,Marunouchi,https://koishikawa-bg.jp/,ChIJu8Eu6bONGGARxeXceJAa2Lg,https://maps.google.com/?cid=13319425105753597381&g_mp=Cidnb29nbGUubWFwcy5wbGFjZXMudjEuUGxhY2VzLlNlYXJjaFRleHQQAhgEIAA,http://www.bg.s.u-tokyo.ac.jp/koishikawa/,botanical_garden|tourist_attraction|point_of_interest|establishment,True,NA,medium,0,15,12,8,2,3,0,53.786,"score=53.8/110; visitor=0, google=13.8, official=15, scale=12, metro=8, opening=2, mapping=3, penalty=0",No reliable annual visitor count found; included as representative tourism proxy.,way,23061245.0,NA,NA,garden,NA,Q1064892,ja:東京大学大学院理学系研究科附属植物園,362.6
P0442,小石川樹木園,M23,Myogadani,787.4,0.488967,35.7229784,139.7419375,leisure=garden,leisure=garden,13.786,4.3,3062.0,OSM,小石川樹木園,Marunouchi,http://www.bg.s.u-tokyo.ac.jp/koishikawa/,ChIJu8Eu6bONGGARxeXceJAa2Lg,https://maps.google.com/?cid=13319425105753597381&g_mp=Cidnb29nbGUubWFwcy5wbGFjZXMudjEuUGxhY2VzLlNlYXJjaFRleHQQAhgEIAA,http://www.bg.s.u-tokyo.ac.jp/koishikawa/,botanical_garden|tourist_attraction|point_of_interest|establishment,True,NA,medium,0,15,12,8,2,3,0,53.786,"score=53.8/110; visitor=0, google=13.8, official=15, scale=12, metro=8, opening=2, mapping=3, penalty=0",No reliable annual visitor count found; included as representative tourism proxy.,node,8975944197.0,NA,NA,garden,NA,NA,NA,737.2
P0443,JGSDF Public Information Center,F01,Wakoshi,1243.2,0.487853,35.7849517,139.5997345,tourism=museum,tourism=museum,13.664,4.3,2851.0,OSM,陸上自衛隊広報センター,Fukutoshin,https://www.mod.go.jp/gsdf/eae/prcenter/,ChIJz-iN7kDpGGARRej8a58e4TQ,https://maps.google.com/?cid=3810360429792520261&g_mp=Cidnb29nbGUubWFwcy5wbGFjZXMudjEuUGxhY2VzLlNlYXJjaFRleHQQAhgEIAA,https://www.mod.go.jp/gsdf/eae/prcenter/,museum|service|point_of_interest|establishment,True,NA,medium,0,15,16,4,2,3,0,53.664,"score=53.7/110; visitor=0, google=13.7, official=15, scale=16, metro=4, opening=2, mapping=3, penalty=0",No reliable annual visitor count found; included as representative tourism proxy.,node,6194400688.0,museum,NA,NA,NA,Q11658528,ja:陸上自衛隊広報センター,6.4
P0444,reload roof terrace,C01,YoyogiUehara,1133.5,0.487583,35.6631126,139.6696564,tourism=viewpoint,tourism=viewpoint,9.634,4.2,272.0,OSM,reload roof terrace,Chiyoda,https://reload-shimokita.com/,ChIJHzhi0BfzGGARoh2DD79kfmU,https://maps.google.com/?cid=7313393616658046370&g_mp=Cidnb29nbGUubWFwcy5wbGFjZXMudjEuUGxhY2VzLlNlYXJjaFRleHQQAhgEIAA,https://reload-shimokita.com/,shopping_mall|point_of_interest|establishment,True,NA,medium,0,15,16,8,2,3,0,53.634,"score=53.6/110; visitor=0, google=9.6, official=15, scale=16, metro=8, opening=2, mapping=3, penalty=0",No reliable annual visitor count found; included as representative tourism proxy.,node,10684537405.0,viewpoint,NA,NA,NA,NA,NA,64.6
P0445,TABATA Memorial Museum of Writers and Artists,C16,NishiNippori,968.0,0.485701,35.738472,139.759259,tourism=museum,tourism=museum,9.427,4.0,241.0,OSM,TABATA Memorial Museum of Writers and Artists,Chiyoda,http://www.kitabunka.or.jp/tabata/,ChIJYRf-2OmNGGARqPe-qSMrZv0,https://maps.google.com/?cid=18259329171391969192&g_mp=Cidnb29nbGUubWFwcy5wbGFjZXMudjEuUGxhY2VzLlNlYXJjaFRleHQQAhgEIAA,https://kitabunka.jp/tabata/,tourist_attraction|museum|point_of_interest|establishment,True,NA,medium,0,15,16,8,2,3,0,53.427,"score=53.4/110; visitor=0, google=9.4, official=15, scale=16, metro=8, opening=2, mapping=3, penalty=0",No reliable annual visitor count found; included as representative tourism proxy.,node,1420790123.0,museum,NA,NA,NA,Q11577225,ja:田端文士村記念館,8.7
P0446,Bunka Gakuen Costume Museum,M08,Shinjuku,845.4,0.484839,35.686322,139.69501,tourism=museum,tourism=museum,9.332,3.9,228.0,OSM,Bunka Gakuen Costume Museum,Marunouchi,https://museum.bunka.ac.jp/,ChIJwReOP9KMGGARtKDIRNe-aTY,https://maps.google.com/?cid=3920874782383972532&g_mp=Cidnb29nbGUubWFwcy5wbGFjZXMudjEuUGxhY2VzLlNlYXJjaFRleHQQAhgEIAA,http://museum.bunka.ac.jp/,museum|tourist_attraction|point_of_interest|establishment,True,NA,medium,0,15,16,8,2,3,0,53.332,"score=53.3/110; visitor=0, google=9.3, official=15, scale=16, metro=8, opening=2, mapping=3, penalty=0",No reliable annual visitor count found; included as representative tourism proxy.,node,1420780738.0,museum,NA,NA,NA,NA,NA,34.9
P0447,Sumida Heritage Museum,G19,Asakusa,816.8,0.484633,35.7139394,139.8059214,tourism=museum,tourism=museum,9.31,3.8,225.0,OSM,すみだ郷土文化資料館,Ginza,http://www.city.sumida.lg.jp/sisetu_info/siryou/kyoudobunka/,ChIJIXNABtuOGGAR_R6S2uyoA6Q,https://maps.google.com/?cid=11818475582383070973&g_mp=Cidnb29nbGUubWFwcy5wbGFjZXMudjEuUGxhY2VzLlNlYXJjaFRleHQQAhgEIAA,http://www.city.sumida.lg.jp/sisetu_info/siryou/kyoudobunka/,tourist_attraction|museum|point_of_interest|establishment,True,NA,medium,0,15,16,8,2,3,0,53.31,"score=53.3/110; visitor=0, google=9.3, official=15, scale=16, metro=8, opening=2, mapping=3, penalty=0",No reliable annual visitor count found; included as representative tourism proxy.,node,7656534189.0,museum,NA,NA,NA,Q104698259,NA,5.2
P0448,Cherry Tree Area,F14,KitaSando,599.6,0.483778,35.6822804,139.7102065,tourism=attraction,tourism=attraction,10.216,4.7,382.0,OSM,Cherry Tree Area,Fukutoshin,NA,ChIJAz6oc8CMGGARxoIUXZ8nOE4,https://maps.google.com/?cid=5636298499069084358&g_mp=Cidnb29nbGUubWFwcy5wbGFjZXMudjEuUGxhY2VzLlNlYXJjaFRleHQQAhgEIAA,NA,tourist_attraction|botanical_garden|scenic_spot|garden|park|point_of_interest|establishment,True,NA,high,0,8,16,12,2,5,0,53.216,"score=53.2/110; visitor=0, google=10.2, official=8, scale=16, metro=12, opening=2, mapping=5, penalty=0",No reliable annual visitor count found; included as representative tourism proxy.,way,1376695886.0,attraction,NA,NA,NA,NA,NA,7.7
P0449,Japanese Sword Museum,G18,Tawaramachi,1271.9,0.483593,35.6988183,139.7937142,tourism=museum,tourism=museum,13.195,4.0,2170.0,OSM,Japanese Sword Museum,Ginza,https://www.touken.or.jp/museum/,ChIJD1-Hg8qOGGARrTp2UJ6Be14,https://maps.google.com/?cid=6808177778655378093&g_mp=Cidnb29nbGUubWFwcy5wbGFjZXMudjEuUGxhY2VzLlNlYXJjaFRleHQQAhgEIAA,https://www.touken.or.jp/museum/,art_museum|tourist_attraction|museum|point_of_interest|establishment,True,NA,medium,0,15,16,4,2,3,0,53.195,"score=53.2/110; visitor=0, google=13.2, official=15, scale=16, metro=4, opening=2, mapping=3, penalty=0",No reliable annual visitor count found; included as representative tourism proxy.,node,5911509487.0,museum,NA,NA,NA,Q3329874,ja:刀剣博物館,16.5
P0450,Japanese Sword Museum,F14,KitaSando,1376.9,0.363636,35.6814885,139.6906746,tourism=museum,tourism=museum,0.0,4.0,2170.0,OSM,Japanese Sword Museum,Fukutoshin,https://www.touken.or.jp/museum/,ChIJD1-Hg8qOGGARrTp2UJ6Be14,https://maps.google.com/?cid=6808177778655378093&g_mp=Cidnb29nbGUubWFwcy5wbGFjZXMudjEuUGxhY2VzLlNlYXJjaFRleHQQAhgEIAA,https://www.touken.or.jp/museum/,art_museum|tourist_attraction|museum|point_of_interest|establishment,True,NA,medium,0,15,16,4,2,3,0,40.0,"score=40.0/110; visitor=0, google=0.0, official=15, scale=16, metro=4, opening=2, mapping=3, penalty=0",No reliable annual visitor count found; included as representative tourism proxy. Google Places match is 9502m from original POI coordinate; popularity score set to 0 due to location mismatch.,node,1420767888.0,museum,NA,NA,NA,NA,NA,9501.7
P0451,白根記念渋谷区郷土博物館,G01,Shibuya,939.3,0.483486,35.6564391,139.712542,tourism=museum,tourism=museum,9.183,4.0,209.0,OSM,白根記念渋谷区郷土博物館,Ginza,https://shibuya-muse.jp/,ChIJx-5n62eLGGARCE-Bne1qZF0,https://maps.google.com/?cid=6729621311980654344&g_mp=Cidnb29nbGUubWFwcy5wbGFjZXMudjEuUGxhY2VzLlNlYXJjaFRleHQQAhgEIAA,https://shibuya-muse.jp/,tourist_attraction|museum|point_of_interest|establishment,True,NA,medium,0,15,16,8,2,3,0,53.183,"score=53.2/110; visitor=0, google=9.2, official=15, scale=16, metro=8, opening=2, mapping=3, penalty=0",No reliable annual visitor count found; included as representative tourism proxy.,node,4975003383.0,museum,NA,NA,NA,Q21019078,ja:白根記念渋谷区郷土博物館・文学館,3.2
P0452,KAWADU Sakura cherry blossom,T13,Kiba,472.5,0.481919,35.6729956,139.8098145,tourism=attraction,tourism=attraction,10.011,4.4,339.0,OSM,KAWADU Sakura cherry blossom,Tozai,NA,ChIJ9zED7wOJGGARIfEDjpQpII8,https://maps.google.com/?cid=10313288864692957473&g_mp=Cidnb29nbGUubWFwcy5wbGFjZXMudjEuUGxhY2VzLlNlYXJjaFRleHQQAhgEIAA,NA,tourist_attraction|point_of_interest|establishment,True,NA,high,0,8,16,12,2,5,0,53.011,"score=53.0/110; visitor=0, google=10.0, official=8, scale=16, metro=12, opening=2, mapping=5, penalty=0",No reliable annual visitor count found; included as representative tourism proxy.,node,5539721529.0,attraction,NA,NA,NA,NA,NA,120.9
P0453,Shikian,H19,Iriya,844.1,0.480993,35.7244593,139.7764403,tourism=museum,tourism=museum,8.909,4.1,178.0,OSM,Shikian,Hibiya,https://shikian.or.jp/,ChIJu1O6_ICOGGARn_ZIExwTDeE,https://maps.google.com/?cid=16216638844534584991&g_mp=Cidnb29nbGUubWFwcy5wbGFjZXMudjEuUGxhY2VzLlNlYXJjaFRleHQQAhgEIAA,http://www.shikian.or.jp/,association_or_organization|tourist_attraction|historical_place|point_of_interest|establishment,True,NA,medium,0,15,16,8,2,3,0,52.909,"score=52.9/110; visitor=0, google=8.9, official=15, scale=16, metro=8, opening=2, mapping=3, penalty=0",No reliable annual visitor count found; included as representative tourism proxy.,node,13763336521.0,museum,NA,NA,NA,NA,NA,2.6
P0454,Nakamura Tsune Atelier Museum,T03,Takadanobaba,910.6,0.480905,35.7208523,139.7012032,tourism=museum,tourism=museum,8.9,4.3,177.0,OSM,Nakamura Tsune Atelier Museum,Tozai,https://www.regasu-shinjuku.or.jp/rekihaku/tsune/40357/,ChIJTXalikWNGGAR2x7eZXoq8HE,https://maps.google.com/?cid=8210108825879846619&g_mp=Cidnb29nbGUubWFwcy5wbGFjZXMudjEuUGxhY2VzLlNlYXJjaFRleHQQAhgEIAA,http://www.regasu-shinjuku.or.jp/rekihaku/tsune/40357/,art_museum|tourist_attraction|museum|point_of_interest|establishment,True,NA,medium,0,15,16,8,2,3,0,52.9,"score=52.9/110; visitor=0, google=8.9, official=15, scale=16, metro=8, opening=2, mapping=3, penalty=0",No reliable annual visitor count found; included as representative tourism proxy.,way,375676164.0,museum,NA,NA,NA,NA,NA,4.1
P0455,Accessory Museum,H01,NakaMeguro,1015.4,0.48055,35.6401379,139.6887136,tourism=museum,tourism=museum,8.861,4.1,173.0,OSM,Accessory Museum,Hibiya,https://acce-museum.main.jp/,ChIJAc39ibT0GGARR4nW3oFwYh4,https://maps.google.com/?cid=2189436071947176263&g_mp=Cidnb29nbGUubWFwcy5wbGFjZXMudjEuUGxhY2VzLlNlYXJjaFRleHQQAhgEIAA,http://acce-museum.main.jp/,museum|tourist_attraction|home_goods_store|store|point_of_interest|establishment,True,NA,medium,0,15,16,8,2,3,0,52.861,"score=52.9/110; visitor=0, google=8.9, official=15, scale=16, metro=8, opening=2, mapping=3, penalty=0",No reliable annual visitor count found; included as representative tourism proxy.,node,1975902790.0,museum,NA,NA,NA,NA,NA,18.6
P0456,Sato Art Museum,M11,YotsuyaSanchome,788.9,0.480095,35.681682,139.714976,tourism=museum,tourism=museum,8.81,4.1,168.0,OSM,Sato Art Museum,Marunouchi,https://sato-museum.la.coocan.jp/index.html,ChIJx4Vf9pSMGGART0xIYtJt3d8,https://maps.google.com/?cid=16131170190670449743&g_mp=Cidnb29nbGUubWFwcy5wbGFjZXMudjEuUGxhY2VzLlNlYXJjaFRleHQQAhgEIAA,https://sato-museum.la.coocan.jp/index.html,art_museum|tourist_attraction|museum|point_of_interest|establishment,True,NA,medium,0,15,16,8,2,3,0,52.81,"score=52.8/110; visitor=0, google=8.8, official=15, scale=16, metro=8, opening=2, mapping=3, penalty=0",No reliable annual visitor count found; included as representative tourism proxy.,node,1420766948.0,museum,NA,NA,NA,Q11384365,ja:佐藤美術館,6.7
P0457,Mejiro Garden,Y09,Ikebukuro,705.1,0.479912,35.7245545,139.7055477,leisure=garden,leisure=garden,12.79,4.4,1714.0,OSM,Mejiro Garden,Yurakucho,https://www.mejirogarden.com/,ChIJ9WXXk0SNGGARPiVFjHbggA4,https://maps.google.com/?cid=1045081913314059582&g_mp=Cidnb29nbGUubWFwcy5wbGFjZXMudjEuUGxhY2VzLlNlYXJjaFRleHQQAhgEIAA,https://www.mejirogarden.com/,garden|tourist_attraction|point_of_interest|establishment,True,NA,medium,0,15,12,8,2,3,0,52.79,"score=52.8/110; visitor=0, google=12.8, official=15, scale=12, metro=8, opening=2, mapping=3, penalty=0",No reliable annual visitor count found; included as representative tourism proxy.,way,365441549.0,NA,NA,garden,NA,NA,NA,9.1
P0458,Junjo Shotengai,M03,ShinKoenji,940.7,0.476237,35.7062622,139.6497211,tourism=attraction,tourism=attraction,8.386,4.1,131.0,OSM,Junjo Shotengai,Marunouchi,https://www.kouenji.or.jp/,ChIJ14NLjn3yGGAR8iXQTRvmipM,https://maps.google.com/?cid=10631562875305469426&g_mp=Cidnb29nbGUubWFwcy5wbGFjZXMudjEuUGxhY2VzLlNlYXJjaFRleHQQAhgEIAA,https://www.kouenji.or.jp/,point_of_interest|establishment,True,NA,medium,0,15,16,8,2,3,0,52.386,"score=52.4/110; visitor=0, google=8.4, official=15, scale=16, metro=8, opening=2, mapping=3, penalty=0",No reliable annual visitor count found; included as representative tourism proxy.,node,5084840728.0,attraction,NA,NA,NA,NA,NA,26.2
P0459,Boutique de baguettes artisanales,Z14,Oshiage,989.7,0.4,35.7173548,139.814323,tourism=attraction,tourism=attraction,0.0,4.4,126.0,OSM,Boutique de baguettes artisanales,Hanzomon,https://hashitou.co.jp/,ChIJa0E1Dr6OGGAR9_aWrQB6dYQ,https://maps.google.com/?cid=9544669128612574967&g_mp=Cidnb29nbGUubWFwcy5wbGFjZXMudjEuUGxhY2VzLlNlYXJjaFRleHQQAhgEIAA,https://hashitou.co.jp/,home_goods_store|store|point_of_interest|establishment,True,NA,medium,0,15,16,8,2,3,0,44.0,"score=44.0/110; visitor=0, google=0.0, official=15, scale=16, metro=8, opening=2, mapping=3, penalty=0",No reliable annual visitor count found; included as representative tourism proxy. Google Places match is 2371m from original POI coordinate; popularity score set to 0 due to location mismatch.,node,6336545985.0,attraction,NA,NA,NA,NA,NA,2371.3
P0460,Toshima City Tokiwaso Manga Museum,F08,Kanamecho,1499.6,0.474924,35.724274,139.6860426,tourism=museum,tourism=museum,12.242,4.5,1245.0,OSM,Toshima City Tokiwaso Manga Museum,Fukutoshin,https://tokiwasomm.jp/,ChIJn_vqE1nzGGARNLXVya5QIpM,https://maps.google.com/?cid=10602125184424326452&g_mp=Cidnb29nbGUubWFwcy5wbGFjZXMudjEuUGxhY2VzLlNlYXJjaFRleHQQAhgEIAA,https://www.tokiwasomm.jp/,museum|tourist_attraction|point_of_interest|establishment,True,NA,medium,0,15,16,4,2,3,0,52.242,"score=52.2/110; visitor=0, google=12.2, official=15, scale=16, metro=4, opening=2, mapping=3, penalty=0",No reliable annual visitor count found; included as representative tourism proxy.,node,8213940657.0,museum,NA,NA,NA,Q96707302,ja:トキワ荘マンガミュージアム,4.4
P0461,Sekido Museum of Art,H21,MinamiSenju,995.0,0.474618,35.7409386,139.7958609,tourism=museum,tourism=museum,8.208,4.0,118.0,OSM,Sekido Museum of Art,Hibiya,https://sekido-museum.jp/,ChIJ20qlS1yOGGAREcNFfzxkSYQ,https://maps.google.com/?cid=9532260297302459153&g_mp=Cidnb29nbGUubWFwcy5wbGFjZXMudjEuUGxhY2VzLlNlYXJjaFRleHQQAhgEIAA,http://sekido-museum.jp/,art_museum|tourist_attraction|museum|point_of_interest|establishment,True,NA,medium,0,15,16,8,2,3,0,52.208,"score=52.2/110; visitor=0, google=8.2, official=15, scale=16, metro=8, opening=2, mapping=3, penalty=0",No reliable annual visitor count found; included as representative tourism proxy.,node,2965564826.0,museum,NA,NA,NA,NA,NA,16.5
P0462,Seiko Museum,H21,MinamiSenju,1446.7,0.363636,35.726726,139.813256,tourism=museum,tourism=museum,0.0,4.6,1188.0,OSM,セイコーミュージアム,Hibiya,http://museum.seiko.co.jp/,ChIJS1c9oWGLGGARgG_uEItN0aY,https://maps.google.com/?cid=12020474140108418944&g_mp=Cidnb29nbGUubWFwcy5wbGFjZXMudjEuUGxhY2VzLlNlYXJjaFRleHQQAhgEIAA,https://museum.seiko.co.jp/,museum|point_of_interest|establishment,True,NA,medium,0,15,16,4,2,3,0,40.0,"score=40.0/110; visitor=0, google=0.0, official=15, scale=16, metro=4, opening=2, mapping=3, penalty=0",No reliable annual visitor count found; included as representative tourism proxy. Google Places match is 7479m from original POI coordinate; popularity score set to 0 due to location mismatch.,node,1420765210.0,museum,NA,NA,NA,NA,NA,7479.4
P0463,Suginami Animation Museum,M01,Ogikubo,1292.4,0.472691,35.7104595,139.6077195,tourism=museum,tourism=museum,11.996,4.2,1079.0,OSM,杉並アニメーションミュージアム,Marunouchi,https://sam.or.jp/,ChIJHcI_OQruGGARM2ZKib1iU8s,https://maps.google.com/?cid=14651162578958050867&g_mp=Cidnb29nbGUubWFwcy5wbGFjZXMudjEuUGxhY2VzLlNlYXJjaFRleHQQAhgEIAA,http://sam.or.jp/,museum|tourist_attraction|point_of_interest|establishment,True,NA,medium,0,15,16,4,2,3,0,51.996,"score=52.0/110; visitor=0, google=12.0, official=15, scale=16, metro=4, opening=2, mapping=3, penalty=0",No reliable annual visitor count found; included as representative tourism proxy.,node,4752739745.0,museum,NA,NA,NA,Q11095134,NA,14.2
P0464,Sumo Museum,G18,Tawaramachi,1430.9,0.472311,35.6972706,139.7932372,tourism=museum,tourism=museum,11.954,3.9,1053.0,OSM,相撲博物館,Ginza,https://www.sumo.or.jp/KokugikanSumoMuseum/,ChIJ3bsyWrWOGGAR04pJM2zVDVQ,https://maps.google.com/?cid=6056731734576827091&g_mp=Cidnb29nbGUubWFwcy5wbGFjZXMudjEuUGxhY2VzLlNlYXJjaFRleHQQAhgEIAA,http://www.sumo.or.jp/KokugikanSumoMuseum/,museum|tourist_attraction|point_of_interest|establishment,True,NA,medium,0,15,16,4,2,3,0,51.954,"score=52.0/110; visitor=0, google=12.0, official=15, scale=16, metro=4, opening=2, mapping=3, penalty=0",No reliable annual visitor count found; included as representative tourism proxy.,node,1420790652.0,museum,NA,NA,NA,Q11582043,ja:相撲博物館,20.2
P0465,Mansei Bridge,G13,Kanda,380.1,0.471902,35.6971326,139.7709729,tourism=attraction,tourism=attraction,8.909,4.3,178.0,OSM,万世橋,Ginza,NA,ChIJAyaWbl6NGGAREd5a8xST-eE,https://maps.google.com/?cid=16283207645926186513&g_mp=Cidnb29nbGUubWFwcy5wbGFjZXMudjEuUGxhY2VzLlNlYXJjaFRleHQQAhgEIAA,NA,bridge|transportation_service|point_of_interest|establishment,True,NA,high,0,8,16,12,2,5,0,51.909,"score=51.9/110; visitor=0, google=8.9, official=8, scale=16, metro=12, opening=2, mapping=5, penalty=0",No reliable annual visitor count found; included as representative tourism proxy.,way,544733763.0,attraction,NA,NA,NA,Q2913480,ja:万世橋,4.6
P0466,渋谷区ふれあい植物センター,H02,Ebisu,703.8,0.47082,35.6533224,139.7077493,leisure=garden,leisure=garden,11.79,3.9,957.0,OSM,渋谷区ふれあい植物センター,Hibiya,https://sbgf.jp/,ChIJnRJnNUOLGGARI8rzGiPxTb0,https://maps.google.com/?cid=13640823979453434403&g_mp=Cidnb29nbGUubWFwcy5wbGFjZXMudjEuUGxhY2VzLlNlYXJjaFRleHQQAhgEIAA,https://sbgf.jp/,botanical_garden|tourist_attraction|point_of_interest|establishment,True,NA,medium,0,15,12,8,2,3,0,51.79,"score=51.8/110; visitor=0, google=11.8, official=15, scale=12, metro=8, opening=2, mapping=3, penalty=0",No reliable annual visitor count found; included as representative tourism proxy.,way,142757264.0,NA,NA,garden,NA,Q110215017,NA,5.7
P0467,Urayasu City Museum of Local History,T18,Urayasu,1390.7,0.470623,35.655169,139.901136,tourism=museum,tourism=museum,11.769,4.4,945.0,OSM,Urayasu City Museum of Local History,Tozai,https://www.city.urayasu.lg.jp/kanko/kyodo/index.html,ChIJJZVPeZt9GGARMsRbSk0DsKo,https://maps.google.com/?cid=12299334212843717682&g_mp=Cidnb29nbGUubWFwcy5wbGFjZXMudjEuUGxhY2VzLlNlYXJjaFRleHQQAhgEIAA,https://www.city.urayasu.lg.jp/kanko/kyodo/index.html,tourist_attraction|museum|point_of_interest|establishment,True,NA,medium,0,15,16,4,2,3,0,51.769,"score=51.8/110; visitor=0, google=11.8, official=15, scale=16, metro=4, opening=2, mapping=3, penalty=0",No reliable annual visitor count found; included as representative tourism proxy.,node,1420741192.0,museum,NA,NA,NA,Q11558212,ja:浦安市郷土博物館,8.7
P0468,Torii Gates,N12,Todaimae,306.8,0.390909,35.7199191,139.7603382,tourism=viewpoint,tourism=viewpoint,0.0,4.5,161.0,OSM,Torii Gates,Namboku,NA,ChIJq9UfCh-LGGARwchxWSdEPSk,https://maps.google.com/?cid=2971606264929437889&g_mp=Cidnb29nbGUubWFwcy5wbGFjZXMudjEuUGxhY2VzLlNlYXJjaFRleHQQAhgEIAA,NA,shinto_shrine|place_of_worship|association_or_organization|point_of_interest|establishment,True,NA,high,0,8,16,12,2,5,0,43.0,"score=43.0/110; visitor=0, google=0.0, official=8, scale=16, metro=12, opening=2, mapping=5, penalty=0",No reliable annual visitor count found; included as representative tourism proxy. Google Places match is 5363m from original POI coordinate; popularity score set to 0 due to location mismatch.,node,6854592486.0,viewpoint,NA,NA,NA,NA,NA,5362.5
P0469,Tokyo Opera City Art Gallery,M07,NishiShinjuku,1383.2,0.469582,35.683003,139.686756,tourism=museum,tourism=museum,11.654,4.3,884.0,OSM,Tokyo Opera City Art Gallery,Marunouchi,https://www.operacity.jp/ag/,ChIJCaoz7S3zGGARrAnbz14VDcw,https://maps.google.com/?cid=14703431855392885164&g_mp=Cidnb29nbGUubWFwcy5wbGFjZXMudjEuUGxhY2VzLlNlYXJjaFRleHQQAhgEIAA,https://www.operacity.jp/ag/,art_museum|tourist_attraction|museum|point_of_interest|establishment,True,NA,medium,0,15,16,4,2,3,0,51.654,"score=51.7/110; visitor=0, google=11.7, official=15, scale=16, metro=4, opening=2, mapping=3, penalty=0",No reliable annual visitor count found; included as representative tourism proxy.,node,1420782618.0,museum,NA,NA,NA,Q11524090,ja:東京オペラシティアートギャラリー,80.5
P0470,Itabashi Art Museum,F02,ChikatetsuNarimasu,1459.0,0.462849,35.7842068,139.6444695,tourism=museum,tourism=museum,10.913,4.1,574.0,OSM,Itabashi Art Museum,Fukutoshin,https://www.city.itabashi.tokyo.jp/artmuseum/,ChIJU29GWofrGGARvwK27Z8pjiw,https://maps.google.com/?cid=3210549351226409663&g_mp=Cidnb29nbGUubWFwcy5wbGFjZXMudjEuUGxhY2VzLlNlYXJjaFRleHQQAhgEIAA,https://www.city.itabashi.tokyo.jp/artmuseum/,art_museum|tourist_attraction|museum|point_of_interest|establishment,True,NA,medium,0,15,16,4,2,3,0,50.913,"score=50.9/110; visitor=0, google=10.9, official=15, scale=16, metro=4, opening=2, mapping=3, penalty=0",No reliable annual visitor count found; included as representative tourism proxy.,way,156324994.0,museum,NA,NA,NA,Q11532663,ja:板橋区立美術館,2.2
P0471,Great Kanto Earthquake Memorial Museum,G19,Asakusa,1217.4,0.460415,35.6998208,139.7968952,tourism=museum,tourism=museum,10.646,4.4,491.0,OSM,Great Kanto Earthquake Memorial Museum,Ginza,https://www.tokyoessentials.com/kanto-earthquake-memorial-museum.html,ChIJ84_BE8uOGGARtohDZ4x3cRY,https://maps.google.com/?cid=1617205186114324662&g_mp=Cidnb29nbGUubWFwcy5wbGFjZXMudjEuUGxhY2VzLlNlYXJjaFRleHQQAhgEIAA,https://www.tokyoireikyoukai.or.jp/museum/history.html,tourist_attraction|museum|point_of_interest|establishment,True,NA,medium,0,15,16,4,2,3,0,50.646,"score=50.6/110; visitor=0, google=10.6, official=15, scale=16, metro=4, opening=2, mapping=3, penalty=0",No reliable annual visitor count found; included as representative tourism proxy.,way,157050752.0,museum,NA,NA,NA,Q24895832,ja:東京都復興記念館,10.5
P0472,Shōkokan,H01,NakaMeguro,1362.4,0.363636,35.6440061,139.6837567,tourism=museum,tourism=museum,0.0,4.3,377.0,OSM,彰古館,Hibiya,https://www.mod.go.jp/gsdf/mss/sp/sp6-400-museum.html,ChIJwX8rr16LGGARKmcPdU_bTwA,https://maps.google.com/?cid=22477657472984874&g_mp=Cidnb29nbGUubWFwcy5wbGFjZXMudjEuUGxhY2VzLlNlYXJjaFRleHQQAhgEIAA,https://discovery-t.com/shokkan-shibuya/,japanese_izakaya_restaurant|japanese_restaurant|restaurant|food|point_of_interest|establishment,True,NA,medium,0,15,16,4,2,3,0,40.0,"score=40.0/110; visitor=0, google=0.0, official=15, scale=16, metro=4, opening=2, mapping=3, penalty=0",No reliable annual visitor count found; included as representative tourism proxy. Google Places match is 2613m from original POI coordinate; popularity score set to 0 due to location mismatch.,way,163051276.0,museum,NA,NA,NA,NA,NA,2613.0
P0473,Itabashi Historical Museum,F02,ChikatetsuNarimasu,1458.5,0.454274,35.7854982,139.6432063,tourism=museum,tourism=museum,9.97,4.1,331.0,OSM,Itabashi Historical Museum,Fukutoshin,https://www.city.itabashi.tokyo.jp/kyodoshiryokan/,ChIJ96cXA4frGGARNHZHx7qsdOM,https://maps.google.com/?cid=16389914862115321396&g_mp=Cidnb29nbGUubWFwcy5wbGFjZXMudjEuUGxhY2VzLlNlYXJjaFRleHQQAhgEIAA,https://www.city.itabashi.tokyo.jp/kyodoshiryokan/,tourist_attraction|museum|point_of_interest|establishment,True,NA,medium,0,15,16,4,2,3,0,49.97,"score=50.0/110; visitor=0, google=10.0, official=15, scale=16, metro=4, opening=2, mapping=3, penalty=0",No reliable annual visitor count found; included as representative tourism proxy.,node,1420786111.0,museum,NA,NA,NA,Q104696866,NA,5.4
P0474,Yanagihara chigusaen Garden,H22,KitaSenju,949.0,0.449719,35.7457583,139.814783,leisure=garden,leisure=garden,9.469,3.8,247.0,OSM,Yanagihara chigusaen Garden,Hibiya,http://adachikanko.net/spot/park02/id-177,ChIJ8_5K-FKOGGARJ191g8u2J78,https://maps.google.com/?cid=13774178970536075047&g_mp=Cidnb29nbGUubWFwcy5wbGFjZXMudjEuUGxhY2VzLlNlYXJjaFRleHQQAhgEIAA,http://adachikanko.net/spot/park02/id-177,park|tourist_attraction|point_of_interest|establishment,True,NA,medium,0,15,12,8,2,3,0,49.469,"score=49.5/110; visitor=0, google=9.5, official=15, scale=12, metro=8, opening=2, mapping=3, penalty=0",No reliable annual visitor count found; included as representative tourism proxy.,node,5102954824.0,NA,NA,garden,NA,NA,NA,26.6
P0475,杉並区立科学館,M01,Ogikubo,1365.7,0.363636,35.7164527,139.6193654,tourism=museum,tourism=museum,0.0,4.1,233.0,OSM,杉並区立科学館,Marunouchi,https://www.imaginus-suginami.jp/,ChIJBx7Z9dbzGGARgkV76nOv3-k,https://maps.google.com/?cid=16852381243033732482&g_mp=Cidnb29nbGUubWFwcy5wbGFjZXMudjEuUGxhY2VzLlNlYXJjaFRleHQQAhgEIAA,https://www.imaginus-suginami.jp/,museum|point_of_interest|establishment,True,NA,medium,0,15,16,4,2,3,0,40.0,"score=40.0/110; visitor=0, google=0.0, official=15, scale=16, metro=4, opening=2, mapping=3, penalty=0",No reliable annual visitor count found; included as representative tourism proxy. Google Places match is 3261m from original POI coordinate; popularity score set to 0 due to location mismatch.,way,112579573.0,museum,NA,NA,NA,Q11521694,NA,3260.6
P0476,Medicinal-herb garden,M23,Myogadani,803.0,0.447778,35.7188542,139.7455529,historic=yes,historic=yes,9.256,4.2,218.0,OSM,Medicinal-herb garden,Marunouchi,https://www.bg.s.u-tokyo.ac.jp/koishikawa/access/,ChIJmxhntw2NGGARsxXgIng6u40,https://maps.google.com/?cid=10212820867648329139&g_mp=Cidnb29nbGUubWFwcy5wbGFjZXMudjEuUGxhY2VzLlNlYXJjaFRleHQQAhgEIAA,https://www.bg.s.u-tokyo.ac.jp/koishikawa/access/,botanical_garden|point_of_interest|establishment,True,NA,medium,0,15,12,8,2,3,0,49.256,"score=49.3/110; visitor=0, google=9.3, official=15, scale=12, metro=8, opening=2, mapping=3, penalty=0",No reliable annual visitor count found; included as representative tourism proxy.,way,570446703.0,NA,yes,garden,NA,NA,NA,169.7
P0477,Toyoshimaku Tokiwasō-dōri oyasumidokoro,F08,Kanamecho,1396.5,0.446898,35.723334,139.6889303,tourism=museum,tourism=museum,9.159,4.2,206.0,OSM,Toyoshimaku Tokiwasō-dōri oyasumidokoro,Fukutoshin,http://www.toshima-mirai.jp/tokiwaso,ChIJgRXvhazyGGAR2duKbQcjdxk,https://maps.google.com/?cid=1834973887986326489&g_mp=Cidnb29nbGUubWFwcy5wbGFjZXMudjEuUGxhY2VzLlNlYXJjaFRleHQQAhgEIAA,http://www.toshima-mirai.jp/tokiwaso,tourist_information_center|tour_agency|travel_agency|service|point_of_interest|establishment,True,NA,medium,0,15,16,4,2,3,0,49.159,"score=49.2/110; visitor=0, google=9.2, official=15, scale=16, metro=4, opening=2, mapping=3, penalty=0",No reliable annual visitor count found; included as representative tourism proxy.,node,6534087850.0,museum,NA,NA,NA,NA,NA,1.6
P0478,Former Yasuda Gardens,G18,Tawaramachi,1321.4,0.445815,35.6983842,139.7938336,leisure=garden,leisure=garden,13.04,4.2,1982.0,OSM,Former Yasuda Gardens,Ginza,https://www.city.sumida.lg.jp/sisetu_info/kouen/kunai_park_annai/sumida_park/park08.html,ChIJZeLCusqOGGARuV76qbNiFkY,https://maps.google.com/?cid=5050332555933015737&g_mp=Cidnb29nbGUubWFwcy5wbGFjZXMudjEuUGxhY2VzLlNlYXJjaFRleHQQAhgEIAA,https://www.city.sumida.lg.jp/sisetu_info/kouen/kunai_park_annai/sumida_park/park08.html,garden|tourist_attraction|point_of_interest|establishment,True,NA,medium,0,15,12,4,2,3,0,49.04,"score=49.0/110; visitor=0, google=13.0, official=15, scale=12, metro=4, opening=2, mapping=3, penalty=0",No reliable annual visitor count found; included as representative tourism proxy.,way,157050769.0,NA,NA,garden,NA,Q11511031,ja:旧安田庭園,7.9
P0479,Hotaru-sawa Firefly Spot,Y11,Gokokuji,755.6,0.363636,35.7125317,139.7257168,leisure=garden,leisure=garden,0.0,3.9,165.0,OSM,Hotaru-sawa Firefly Spot,Yurakucho,http://www.city.fussa.tokyo.jp/map/kouen/1001762.html,ChIJrR9A6CkgGWARjT1cYgKyNDo,https://maps.google.com/?cid=4194172876298665357&g_mp=Cidnb29nbGUubWFwcy5wbGFjZXMudjEuUGxhY2VzLlNlYXJjaFRleHQQAhgEIAA,http://www.city.fussa.tokyo.jp/map/kouen/1001762.html,nature_preserve|tourist_attraction|park|point_of_interest|establishment,True,NA,medium,0,15,12,8,2,3,0,40.0,"score=40.0/110; visitor=0, google=0.0, official=15, scale=12, metro=8, opening=2, mapping=3, penalty=0",No reliable annual visitor count found; included as representative tourism proxy. Google Places match is 35710m from original POI coordinate; popularity score set to 0 due to location mismatch.,way,1386138215.0,NA,NA,garden,NA,NA,NA,35710.3
P0480,NTT Docomo History Square,G18,Tawaramachi,1401.7,0.441765,35.6980982,139.7957058,tourism=museum,tourism=museum,8.594,3.9,148.0,OSM,NTT Docomo History Square,Ginza,http://history-s.nttdocomo.co.jp/,ChIJkwBdBNaIGGAR_mwAar7yaLI,https://maps.google.com/?cid=12855792035965201662&g_mp=Cidnb29nbGUubWFwcy5wbGFjZXMudjEuUGxhY2VzLlNlYXJjaFRleHQQAhgEIAA,http://history-s.nttdocomo.co.jp/,tourist_attraction|museum|point_of_interest|establishment,True,NA,medium,0,15,16,4,2,3,0,48.594,"score=48.6/110; visitor=0, google=8.6, official=15, scale=16, metro=4, opening=2, mapping=3, penalty=0",No reliable annual visitor count found; included as representative tourism proxy.,node,6650880986.0,museum,NA,NA,NA,NA,NA,18.3
P0481,平成庭園・源心庵,T16,NishiKasai,792.4,0.441447,35.671676,139.8590798,leisure=garden,leisure=garden,8.559,4.5,145.0,OSM,平成庭園・源心庵,Tozai,https://www.edogawa-kankyozaidan.jp/zoo/gyousen/heiseigarden/,ChIJS6YYkS6HGGARka9UoQEc9XE,https://maps.google.com/?cid=8211500288907194257&g_mp=Cidnb29nbGUubWFwcy5wbGFjZXMudjEuUGxhY2VzLlNlYXJjaFRleHQQAhgEIAA,https://www.edogawa-kankyozaidan.jp/zoo/gyousen/heiseigarden/,garden|point_of_interest|establishment,True,NA,medium,0,15,12,8,2,3,0,48.559,"score=48.6/110; visitor=0, google=8.6, official=15, scale=12, metro=8, opening=2, mapping=3, penalty=0",No reliable annual visitor count found; included as representative tourism proxy.,way,510609120.0,NA,NA,garden,NA,NA,NA,9.4
P0482,Saeki Yuzo Atelier Museum,T02,Ochiai,1332.7,0.44068,35.7208845,139.6936171,tourism=museum,tourism=museum,8.475,4.1,138.0,OSM,佐伯祐三アトリエ記念館,Tozai,https://www.regasu-shinjuku.or.jp/rekihaku/saeki/,ChIJ3dpMf02NGGARPd63AVWM_4I,https://maps.google.com/?cid=9439417640720784957&g_mp=Cidnb29nbGUubWFwcy5wbGFjZXMudjEuUGxhY2VzLlNlYXJjaFRleHQQAhgEIAA,https://www.regasu-shinjuku.or.jp/rekihaku/saeki/1667/,museum|tourist_attraction|historical_place|point_of_interest|establishment,True,NA,medium,0,15,16,4,2,3,0,48.475,"score=48.5/110; visitor=0, google=8.5, official=15, scale=16, metro=4, opening=2, mapping=3, penalty=0",No reliable annual visitor count found; included as representative tourism proxy.,way,755423586.0,museum,NA,NA,NA,Q11382880,ja:佐伯祐三アトリエ記念館,2.7
P0483,Kyu Shiba Rikyu Garden,G08,Shimbashi,1379.2,0.438965,35.654979,139.7585664,tourism=yes,tourism=yes,13.286,4.3,2288.0,OSM,旧芝離宮恩賜庭園,Ginza,https://www.tokyo-park.or.jp/park/kyu-shiba-rikyu/,ChIJdW2DQ8-LGGARdN05HouZT6I,https://maps.google.com/?cid=11695735580091080052&g_mp=Cidnb29nbGUubWFwcy5wbGFjZXMudjEuUGxhY2VzLlNlYXJjaFRleHQQAhgEIAA,https://www.tokyo-park.or.jp/park/kyu-shiba-rikyu/,garden|tourist_attraction|point_of_interest|establishment,True,NA,medium,0,20,6,4,2,3,0,48.286,"score=48.3/110; visitor=0, google=13.3, official=20, scale=6, metro=4, opening=2, mapping=3, penalty=0",No reliable annual visitor count found; included as representative tourism proxy.,way,4848909.0,yes,NA,park,NA,Q3266874,ja:旧芝離宮恩賜庭園,14.3
P0484,ROKUCHO MUSEUM FLORA,C20,KitaAyase,1292.9,0.438771,35.7832234,139.8200753,tourism=museum,tourism=museum,8.265,4.2,122.0,OSM,六町ミュージアム・フローラ,Chiyoda,http://rokucho-museum.sakura.ne.jp/,ChIJlXmHnymQGGARtX9QMNgdoxc,https://maps.google.com/?cid=1703237898436902837&g_mp=Cidnb29nbGUubWFwcy5wbGFjZXMudjEuUGxhY2VzLlNlYXJjaFRleHQQAhgEIAA,http://rokucho-museum.sakura.ne.jp/,art_museum|tourist_attraction|museum|point_of_interest|establishment,True,NA,medium,0,15,16,4,2,3,0,48.265,"score=48.3/110; visitor=0, google=8.3, official=15, scale=16, metro=4, opening=2, mapping=3, penalty=0",No reliable annual visitor count found; included as representative tourism proxy.,node,6627388142.0,museum,NA,NA,NA,NA,NA,4.2
P0485,Meguro River,N01,Meguro,751.3,0.436111,35.6358999,139.7084871,tourism=attraction,tourism=attraction,10.972,4.5,594.0,OSM,Meguro River,Namboku,NA,ChIJW2oz1yKLGGARlrDWVUvl8lA,https://maps.google.com/?cid=5832976579123654806&g_mp=Cidnb29nbGUubWFwcy5wbGFjZXMudjEuUGxhY2VzLlNlYXJjaFRleHQQAhgEIAA,NA,river|natural_feature|establishment,True,NA,medium,0,8,16,8,2,3,0,47.972,"score=48.0/110; visitor=0, google=11.0, official=8, scale=16, metro=8, opening=2, mapping=3, penalty=0",No reliable annual visitor count found; included as representative tourism proxy.,node,4773491042.0,attraction,NA,NA,NA,NA,NA,843.0
P0486,常夜灯,T21,Myoden,844.8,0.432594,35.6909869,139.9149315,tourism=attraction,tourism=attraction,10.585,4.0,474.0,OSM,常夜灯,Tozai,NA,ChIJyQx0aBWHGGAR8LNZUHDeuCk,https://maps.google.com/?cid=3006397325235565552&g_mp=Cidnb29nbGUubWFwcy5wbGFjZXMudjEuUGxhY2VzLlNlYXJjaFRleHQQAhgEIAA,NA,park|tourist_attraction|point_of_interest|establishment,True,NA,medium,0,8,16,8,2,3,0,47.585,"score=47.6/110; visitor=0, google=10.6, official=8, scale=16, metro=8, opening=2, mapping=3, penalty=0",No reliable annual visitor count found; included as representative tourism proxy.,node,6749301248.0,attraction,monument,NA,NA,NA,NA,137.2
P0487,Clone Factory (Build a replica of yourself),H16,Akihabara,277.7,0.418182,35.6974253,139.772526,tourism=attraction,tourism=attraction,0.0,NA,NA,OSM,Clone Factory (Build a replica of yourself),Hibiya,NA,NA,NA,NA,NA,True,NA,high,0,8,16,15,2,5,0,46.0,"score=46.0/110; visitor=0, google=0.0, official=8, scale=16, metro=15, opening=2, mapping=5, penalty=0",No reliable annual visitor count found; included as representative tourism proxy.,node,5147139423.0,attraction,NA,NA,NA,NA,NA,NA
P0488,Multiple train tracks view,M20,Ochanomizu,134.3,0.418182,35.6997471,139.7656317,tourism=viewpoint,tourism=viewpoint,0.0,NA,NA,OSM,Multiple train tracks view,Marunouchi,NA,NA,NA,NA,NA,True,NA,high,0,8,16,15,2,5,0,46.0,"score=46.0/110; visitor=0, google=0.0, official=8, scale=16, metro=15, opening=2, mapping=5, penalty=0",No reliable annual visitor count found; included as representative tourism proxy.,node,11890802484.0,viewpoint,NA,NA,NA,NA,NA,NA
P0489,Trainspotting,G16,Ueno,93.1,0.418182,35.7123748,139.7748368,tourism=viewpoint,tourism=viewpoint,0.0,NA,NA,OSM,Trainspotting,Ginza,NA,NA,NA,NA,NA,True,NA,high,0,8,16,15,2,5,0,46.0,"score=46.0/110; visitor=0, google=0.0, official=8, scale=16, metro=15, opening=2, mapping=5, penalty=0",No reliable annual visitor count found; included as representative tourism proxy.,node,6933372285.0,viewpoint,NA,NA,NA,NA,NA,NA
P0490,樹,T22,BarakiNakayama,1416.4,0.327273,35.7157988,139.9449419,tourism=gallery,tourism=gallery,0.0,4.0,258.0,OSM,樹,Tozai,https://www.instagram.com/patisserieunjyu/,ChIJi5NWH4CHGGAR97A6MvsH7qk,https://maps.google.com/?cid=12244733212327850231&g_mp=Cidnb29nbGUubWFwcy5wbGFjZXMudjEuUGxhY2VzLlNlYXJjaFRleHQQAhgEIAA,https://www.instagram.com/patisserieunjyu/,dessert_shop|confectionery|food_store|store|food|point_of_interest|establishment,True,NA,medium,0,15,12,4,2,3,0,36.0,"score=36.0/110; visitor=0, google=0.0, official=15, scale=12, metro=4, opening=2, mapping=3, penalty=0",No reliable annual visitor count found; included as representative tourism proxy. Google Places match is 7171m from original POI coordinate; popularity score set to 0 due to location mismatch.,node,5125567627.0,gallery,NA,NA,NA,NA,NA,7171.3
P0491,Sendaiborigawa Park West End,T14,Toyocho,867.3,0.411874,35.6761439,139.8124737,tourism=attraction,tourism=attraction,8.306,4.0,125.0,OSM,Sendaiborigawa Park West End,Tozai,NA,ChIJ-ypTxwKJGGAR_GriB-zIVrc,https://maps.google.com/?cid=13210967473008044796&g_mp=Cidnb29nbGUubWFwcy5wbGFjZXMudjEuUGxhY2VzLlNlYXJjaFRleHQQAhgEIAA,NA,park|point_of_interest|establishment,True,NA,medium,0,8,16,8,2,3,0,45.306,"score=45.3/110; visitor=0, google=8.3, official=8, scale=16, metro=8, opening=2, mapping=3, penalty=0",No reliable annual visitor count found; included as representative tourism proxy.,node,6342605089.0,attraction,NA,NA,NA,NA,NA,1.0
P0492,Kotokai,Z06,Kudanshita,624.6,0.390909,35.6944836,139.7443152,tourism=attraction,tourism=attraction,0.0,NA,NA,OSM,Kotokai,Hanzomon,NA,NA,NA,NA,NA,True,NA,high,0,8,16,12,2,5,0,43.0,"score=43.0/110; visitor=0, google=0.0, official=8, scale=16, metro=12, opening=2, mapping=5, penalty=0",No reliable annual visitor count found; included as representative tourism proxy.,node,13690713202.0,attraction,NA,NA,NA,NA,NA,NA
P0493,Tamano-no-iso,N14,Komagome,376.4,0.390909,35.7325342,139.7466482,tourism=viewpoint,tourism=viewpoint,0.0,NA,NA,OSM,Tamano-no-iso,Namboku,NA,NA,NA,NA,NA,True,NA,high,0,8,16,12,2,5,0,43.0,"score=43.0/110; visitor=0, google=0.0, official=8, scale=16, metro=12, opening=2, mapping=5, penalty=0",No reliable annual visitor count found; included as representative tourism proxy.,node,2562424491.0,viewpoint,NA,NA,NA,NA,NA,NA
P0494,啓太朗,M24,ShinOtsuka,300.9,0.390909,35.7280257,139.7269751,tourism=attraction,tourism=attraction,0.0,NA,NA,OSM,啓太朗,Marunouchi,NA,NA,NA,NA,NA,True,NA,high,0,8,16,12,2,5,0,43.0,"score=43.0/110; visitor=0, google=0.0, official=8, scale=16, metro=12, opening=2, mapping=5, penalty=0",No reliable annual visitor count found; included as representative tourism proxy.,node,7207533585.0,attraction,NA,NA,NA,NA,NA,NA
P0495,View of Tokyo Skytree across Sumida river,G19,Asakusa,474.1,0.382336,35.7136053,139.8016699,tourism=viewpoint,tourism=viewpoint,5.057,4.6,18.0,OSM,View of Tokyo Skytree across Sumida river,Ginza,NA,ChIJsXzn6AOPGGAR1nAPCvlWbPA,https://maps.google.com/?cid=17324317494203085014&g_mp=Cidnb29nbGUubWFwcy5wbGFjZXMudjEuUGxhY2VzLlNlYXJjaFRleHQQAhgEIAA,NA,observation_deck|point_of_interest|establishment,True,NA,high,0,8,20,12,2,5,10,42.057,"score=42.1/110; visitor=0, google=5.1, official=8, scale=20, metro=12, opening=2, mapping=5, penalty=10",No reliable annual visitor count found; included as representative tourism proxy.,node,13359160501.0,viewpoint,NA,NA,NA,NA,NA,1036.7
P0496,Gallery Piccolo,C13,Yushima,245.2,0.381818,35.7046461,139.7694276,tourism=gallery,tourism=gallery,0.0,NA,NA,OSM,Gallery Piccolo,Chiyoda,NA,NA,NA,NA,NA,True,NA,high,0,8,12,15,2,5,0,42.0,"score=42.0/110; visitor=0, google=0.0, official=8, scale=12, metro=15, opening=2, mapping=5, penalty=0",No reliable annual visitor count found; included as representative tourism proxy.,node,4954031934.0,gallery,NA,NA,NA,NA,NA,NA
P0497,Mebaenoniwa,Z04,Nagatacho,249.8,0.381818,35.6801854,139.7371757,leisure=garden,leisure=garden,0.0,NA,NA,OSM,Mebaenoniwa,Hanzomon,NA,NA,NA,NA,NA,True,NA,high,0,8,12,15,2,5,0,42.0,"score=42.0/110; visitor=0, google=0.0, official=8, scale=12, metro=15, opening=2, mapping=5, penalty=0",No reliable annual visitor count found; included as representative tourism proxy.,node,4310977418.0,NA,NA,garden,NA,NA,NA,NA
P0498,Second Flowerbed,C09,Hibiya,245.3,0.381818,35.672863,139.7564048,leisure=garden,leisure=garden,0.0,NA,NA,OSM,Second Flowerbed,Chiyoda,NA,NA,NA,NA,NA,True,NA,high,0,8,12,15,2,5,0,42.0,"score=42.0/110; visitor=0, google=0.0, official=8, scale=12, metro=15, opening=2, mapping=5, penalty=0",No reliable annual visitor count found; included as representative tourism proxy.,way,145408895.0,NA,NA,garden,NA,NA,NA,NA
P0499,Ginza Crossing,G09,Ginza,43.1,0.363636,35.6712197,139.7650359,tourism=attraction,tourism=attraction,0.0,NA,NA,OSM,Ginza Crossing,Ginza,NA,ChIJd1nnXeiLGGARXxG1_ipDc6c,https://maps.google.com/?cid=12066061678596657503&g_mp=Cidnb29nbGUubWFwcy5wbGFjZXMudjEuUGxhY2VzLlNlYXJjaFRleHQQAhgEIAA,NA,route,True,NA,high,0,8,20,15,2,5,10,40.0,"score=40.0/110; visitor=0, google=0.0, official=8, scale=20, metro=15, opening=2, mapping=5, penalty=10",No reliable annual visitor count found; included as representative tourism proxy.,node,6346639685.0,attraction,NA,NA,NA,NA,NA,6.5
P0500,Kabukicho Ichibangai-dori Street,M08,Shinjuku,217.2,0.363636,35.6943326,139.7011998,tourism=attraction,tourism=attraction,0.0,NA,NA,OSM,Kabukicho Ichibangai-dori Street,Marunouchi,NA,ChIJ-6Jke9eMGGARtltoSsIaeE8,https://maps.google.com/?cid=5726356347975916470&g_mp=Cidnb29nbGUubWFwcy5wbGFjZXMudjEuUGxhY2VzLlNlYXJjaFRleHQQAhgEIAA,NA,route,True,NA,high,0,8,20,15,2,5,10,40.0,"score=40.0/110; visitor=0, google=0.0, official=8, scale=20, metro=15, opening=2, mapping=5, penalty=10",No reliable annual visitor count found; included as representative tourism proxy.,way,155235354.0,attraction,NA,NA,NA,NA,NA,66.3
P0501,Cherry zone,T08,Takebashi,453.4,0.354545,35.6872064,139.7546115,leisure=garden,leisure=garden,0.0,NA,NA,OSM,桜の島,Tozai,NA,NA,NA,NA,NA,True,NA,high,0,8,12,12,2,5,0,39.0,"score=39.0/110; visitor=0, google=0.0, official=8, scale=12, metro=12, opening=2, mapping=5, penalty=0",No reliable annual visitor count found; included as representative tourism proxy.,way,176721220.0,NA,NA,garden,NA,NA,NA,NA
P0502,Philosopher's Forest,Y10,HigashiIkebukuro,308.1,0.354545,35.7278244,139.7213783,leisure=garden,leisure=garden,0.0,NA,NA,OSM,Philosopher's Forest,Yurakucho,NA,NA,NA,NA,NA,True,NA,high,0,8,12,12,2,5,0,39.0,"score=39.0/110; visitor=0, google=0.0, official=8, scale=12, metro=12, opening=2, mapping=5, penalty=0",No reliable annual visitor count found; included as representative tourism proxy.,way,1423499816.0,NA,NA,garden,NA,NA,NA,NA
P0503,Ginza Chuo Dori Winter Illumination,G10,Kyobashi,308.7,0.336364,35.6791993,139.7716073,tourism=attraction,tourism=attraction,0.0,5.0,2.0,OSM,Ginza Chuo Dori Winter Illumination,Ginza,NA,ChIJC7t94FONGGARYvaR8y1u5-A,https://maps.google.com/?cid=16206042927755032162&g_mp=Cidnb29nbGUubWFwcy5wbGFjZXMudjEuUGxhY2VzLlNlYXJjaFRleHQQAhgEIAA,NA,event_venue|point_of_interest|establishment,True,NA,high,0,8,20,12,2,5,10,37.0,"score=37.0/110; visitor=0, google=0.0, official=8, scale=20, metro=12, opening=2, mapping=5, penalty=10",No reliable annual visitor count found; included as representative tourism proxy. Google Places match is 2236m from original POI coordinate; popularity score set to 0 due to location mismatch.,node,6127216119.0,attraction,NA,NA,NA,NA,NA,2235.7
P0504,HANEKAME,Z13,Kinshicho,896.5,0.336364,35.6979328,139.824866,tourism=attraction,tourism=attraction,0.0,NA,NA,OSM,HANEKAME,Hanzomon,NA,NA,NA,NA,NA,True,NA,medium,0,8,16,8,2,3,0,37.0,"score=37.0/110; visitor=0, google=0.0, official=8, scale=16, metro=8, opening=2, mapping=3, penalty=0",No reliable annual visitor count found; included as representative tourism proxy.,node,5232392027.0,attraction,NA,NA,fountain,NA,NA,NA
P0505,Harajuku Street,F15,MeijiJingumae,395.3,0.336364,35.6710162,139.7079177,tourism=attraction,tourism=attraction,0.0,NA,NA,OSM,Harajuku Street,Fukutoshin,NA,ChIJlVne8bqMGGARtX5O6ojMvsI,https://maps.google.com/?cid=14032878377351675573&g_mp=Cidnb29nbGUubWFwcy5wbGFjZXMudjEuUGxhY2VzLlNlYXJjaFRleHQQAhgEIAA,NA,route,True,NA,high,0,8,20,12,2,5,10,37.0,"score=37.0/110; visitor=0, google=0.0, official=8, scale=20, metro=12, opening=2, mapping=5, penalty=10",No reliable annual visitor count found; included as representative tourism proxy.,node,6861499285.0,attraction,NA,NA,NA,NA,NA,247.1
P0506,Kabukicho,M08,Shinjuku,388.1,0.336364,35.6952491,139.7031183,tourism=attraction,tourism=attraction,0.0,NA,NA,OSM,Kabukicho,Marunouchi,NA,ChIJNVyGTtiMGGARrO_-DeAYNAM,https://maps.google.com/?cid=230836831489290156&g_mp=Cidnb29nbGUubWFwcy5wbGFjZXMudjEuUGxhY2VzLlNlYXJjaFRleHQQAhgEIAA,NA,sublocality_level_2|sublocality|political,True,NA,high,0,8,20,12,2,5,10,37.0,"score=37.0/110; visitor=0, google=0.0, official=8, scale=20, metro=12, opening=2, mapping=5, penalty=10",No reliable annual visitor count found; included as representative tourism proxy.,node,4881027723.0,attraction,NA,NA,NA,NA,NA,102.9
P0507,Keita Shibata Memorial Hall,N13,HonKomagome,843.6,0.336364,35.7191959,139.7469713,tourism=museum,tourism=museum,0.0,NA,NA,OSM,Keita Shibata Memorial Hall,Namboku,NA,NA,NA,NA,NA,True,NA,medium,0,8,16,8,2,3,0,37.0,"score=37.0/110; visitor=0, google=0.0, official=8, scale=16, metro=8, opening=2, mapping=3, penalty=0",No reliable annual visitor count found; included as representative tourism proxy.,way,459173235.0,museum,NA,NA,NA,NA,NA,NA
P0508,Stairs to Street Level,H14,Ningyocho,874.9,0.336364,35.6906893,139.7903451,tourism=viewpoint,tourism=viewpoint,0.0,NA,NA,OSM,Stairs to Street Level,Hibiya,NA,NA,NA,NA,NA,True,NA,medium,0,8,16,8,2,3,0,37.0,"score=37.0/110; visitor=0, google=0.0, official=8, scale=16, metro=8, opening=2, mapping=3, penalty=0",No reliable annual visitor count found; included as representative tourism proxy.,node,6127216096.0,viewpoint,NA,NA,NA,NA,NA,NA
P0509,Ginza Art Gallery,G08,Shimbashi,352.9,0.290909,35.6699694,139.760775,tourism=gallery,tourism=gallery,0.0,NA,NA,OSM,Ginza Art Gallery,Ginza,NA,ChIJ4017HuSLGGARZa-VMJiW8fA,https://maps.google.com/?cid=17361823618884284261&g_mp=Cidnb29nbGUubWFwcy5wbGFjZXMudjEuUGxhY2VzLlNlYXJjaFRleHQQAhgEIAA,NA,subpremise|street_address,True,NA,high,0,8,20,12,2,5,15,32.0,"score=32.0/110; visitor=0, google=0.0, official=8, scale=20, metro=12, opening=2, mapping=5, penalty=15",No reliable annual visitor count found; included as representative tourism proxy.,node,2019045933.0,gallery,NA,NA,NA,NA,NA,616.1
P0510,Hyperlane,F09,Ikebukuro,345.5,0.625154,35.7327694,139.7135437,tourism=attraction,tourism=attraction,10.767,3.6,527.0,OSM,Hyperlane,Fukutoshin,https://hyperlane.com/,ChIJFXWoJGeNGGARnw_cZBq7nQU,https://maps.google.com/?cid=404685263568899999&g_mp=Cidnb29nbGUubWFwcy5wbGFjZXMudjEuUGxhY2VzLlNlYXJjaFRleHQQAhgEIAA,http://www.hyperlane.com/,bowling_alley|sports_complex|sports_activity_location|point_of_interest|establishment,False,Google rating below threshold,high,0,15,16,12,10,5,0,68.767,"score=68.8/110; visitor=0, google=10.8, official=15, scale=16, metro=12, opening=10, mapping=5, penalty=0",No reliable annual visitor count found; included as representative tourism proxy.,node,4379340492.0,attraction,NA,NA,NA,NA,NA,10.4
P0511,Taito Station,G15,UenoHirokoji,154.0,0.593416,35.708804,139.774138,tourism=attraction,tourism=attraction,12.276,3.5,1270.0,OSM,タイトーステーション,Ginza,http://www.taito.co.jp/gc/details/tokyo/tokyo/sgc00436/index.html,ChIJ3SaeSJ6OGGAREH7TqD4hgnQ,https://maps.google.com/?cid=8395309208376147472&g_mp=Cidnb29nbGUubWFwcy5wbGFjZXMudjEuUGxhY2VzLlNlYXJjaFRleHQQAhgEIAA,http://www.taito.co.jp/gc/details/tokyo/tokyo/sgc00436/index.html,video_arcade|point_of_interest|establishment,False,Google rating below threshold,high,0,15,16,15,2,5,0,65.276,"score=65.3/110; visitor=0, google=12.3, official=15, scale=16, metro=15, opening=2, mapping=5, penalty=0",No reliable annual visitor count found; included as representative tourism proxy.,node,10692944607.0,attraction,NA,amusement_arcade,NA,NA,NA,196.3
P0512,Shiodome City Center Winter Illumination,G08,Shimbashi,325.1,0.582519,35.6653727,139.7611267,tourism=attraction,tourism=attraction,14.077,3.7,3627.0,OSM,Shiodome City Center Winter Illumination,Ginza,https://www.shiodome-cc.com/,ChIJVVWVp8KLGGARI6-oOz60w_s,https://maps.google.com/?cid=18141541903360372515&g_mp=Cidnb29nbGUubWFwcy5wbGFjZXMudjEuUGxhY2VzLlNlYXJjaFRleHQQAhgEIAA,https://www.shiodome-cc.com/,business_center|point_of_interest|establishment,False,Google rating below threshold,high,0,15,16,12,2,5,0,64.077,"score=64.1/110; visitor=0, google=14.1, official=15, scale=16, metro=12, opening=2, mapping=5, penalty=0",No reliable annual visitor count found; included as representative tourism proxy.,node,6127218488.0,attraction,NA,NA,NA,NA,NA,26.2
P0513,Konica-Minolta Planetarium Tenku,Z14,Oshiage,248.5,0.580137,35.7101612,139.8119393,tourism=attraction,tourism=attraction,10.815,3.7,542.0,OSM,プラネタリウム,Hanzomon,https://planetarium.konicaminolta.jp/,ChIJDTS4QtaOGGARK6fx8mNmAtk,https://maps.google.com/?cid=15637173435647502123&g_mp=Cidnb29nbGUubWFwcy5wbGFjZXMudjEuUGxhY2VzLlNlYXJjaFRleHQQAhgEIAA,https://planetarium.konicaminolta.jp/tenku/,planetarium|tourist_attraction|amusement_center|point_of_interest|establishment,False,Google rating below threshold,high,0,15,16,15,2,5,0,63.815,"score=63.8/110; visitor=0, google=10.8, official=15, scale=16, metro=15, opening=2, mapping=5, penalty=0",No reliable annual visitor count found; included as representative tourism proxy.,way,362351417.0,attraction,NA,NA,NA,NA,NA,14.2
P0514,Namjatown,Y10,HigashiIkebukuro,334.4,0.569382,35.7288803,139.7196965,tourism=attraction,tourism=attraction,12.632,3.6,1563.0,OSM,Namjatown,Yurakucho,http://www.namco.co.jp/tp/namja/,ChIJue5-Rm6NGGARwLzrK6NCdDo,https://maps.google.com/?cid=4212064820082228416&g_mp=Cidnb29nbGUubWFwcy5wbGFjZXMudjEuUGxhY2VzLlNlYXJjaFRleHQQAhgEIAA,https://bandainamco-am.co.jp/tp/namja/,video_arcade|amusement_center|point_of_interest|establishment,False,Google rating below threshold,high,0,15,16,12,2,5,0,62.632,"score=62.6/110; visitor=0, google=12.6, official=15, scale=16, metro=12, opening=2, mapping=5, penalty=0",No reliable annual visitor count found; included as representative tourism proxy.,node,2802694590.0,attraction,NA,NA,NA,Q5364305,NA,21.9
P0515,rue commerçante,M03,ShinKoenji,518.2,0.454545,35.7025022,139.6480076,tourism=attraction,tourism=attraction,0.0,3.5,632.0,OSM,rue commerçante,Marunouchi,https://www.rengakan.info/,ChIJRcfEfkjuGGARTmlNfAYaCuk,https://maps.google.com/?cid=16792262775761889614&g_mp=Cidnb29nbGUubWFwcy5wbGFjZXMudjEuUGxhY2VzLlNlYXJjaFRleHQQAhgEIAA,https://www.rengakan.info/,shopping_mall|point_of_interest|establishment,False,Google rating below threshold,high,0,15,16,12,2,5,0,50.0,"score=50.0/110; visitor=0, google=0.0, official=15, scale=16, metro=12, opening=2, mapping=5, penalty=0",No reliable annual visitor count found; included as representative tourism proxy. Google Places match is 6258m from original POI coordinate; popularity score set to 0 due to location mismatch.,node,6982004585.0,attraction,NA,NA,NA,NA,NA,6258.0
P0516,First Flowerbed,C09,Hibiya,155.9,0.554836,35.6748724,139.7574604,leisure=garden,leisure=garden,7.032,4.6,59.0,OSM,First Flowerbed,Chiyoda,https://www.tokyo-park.or.jp/park/format/view037.html,ChIJ05OYU2qLGGARdiRMwrnekMs,https://maps.google.com/?cid=14668468875755791478&g_mp=Cidnb29nbGUubWFwcy5wbGFjZXMudjEuUGxhY2VzLlNlYXJjaFRleHQQAhgEIAA,https://www.tokyo-park.or.jp/park/format/view037.html,garden|tourist_attraction|park|point_of_interest|establishment,False,below dynamic inclusion threshold,high,0,20,12,15,2,5,0,61.032,"score=61.0/110; visitor=0, google=7.0, official=20, scale=12, metro=15, opening=2, mapping=5, penalty=0",No reliable annual visitor count found; included as representative tourism proxy.,way,391705161.0,NA,NA,garden,NA,NA,NA,0.8
P0517,イタリア街,G08,Shimbashi,699.3,0.553262,35.661134,139.7576313,tourism=attraction,tourism=attraction,10.859,3.7,556.0,OSM,イタリア街,Ginza,https://www.sio-site.or.jp/facility/facility.html#sec3_03,ChIJyw2ObsSLGGAR8FLehSIu7tk,https://maps.google.com/?cid=15703539676497203952&g_mp=Cidnb29nbGUubWFwcy5wbGFjZXMudjEuUGxhY2VzLlNlYXJjaFRleHQQAhgEIAA,https://minato-park.jp/shiba/parks/italy/,park|tourist_attraction|point_of_interest|establishment,False,Google rating below threshold,high,0,15,16,12,2,5,0,60.859,"score=60.9/110; visitor=0, google=10.9, official=15, scale=16, metro=12, opening=2, mapping=5, penalty=0",No reliable annual visitor count found; included as representative tourism proxy.,node,12085123069.0,attraction,NA,NA,NA,NA,NA,228.3
P0518,Daini Nakazato Crossing,N14,Komagome,626.0,0.551576,35.7391202,139.7526088,tourism=attraction,tourism=attraction,10.673,3.7,499.0,OSM,第二中里踏切,Namboku,http://www.jreast.co.jp/estation/station/info.aspx?StationCD=712,ChIJXzPXm5aNGGARwwhQNXD9Osk,https://maps.google.com/?cid=14500180608645335235&g_mp=Cidnb29nbGUubWFwcy5wbGFjZXMudjEuUGxhY2VzLlNlYXJjaFRleHQQAhgEIAA,http://www.jreast.co.jp/estation/station/info.aspx?StationCD=712,transit_station|train_station|subway_station|transportation_service|point_of_interest|establishment,False,Google rating below threshold,high,0,15,16,12,2,5,0,60.673,"score=60.7/110; visitor=0, google=10.7, official=15, scale=16, metro=12, opening=2, mapping=5, penalty=0",No reliable annual visitor count found; included as representative tourism proxy.,node,5833877562.0,attraction,NA,NA,NA,NA,NA,579.7
P0519,Fuji Golf Driving Range,T13,Kiba,368.3,0.551229,35.6660496,139.8068693,tourism=attraction,tourism=attraction,10.635,3.7,488.0,OSM,Fuji Golf Driving Range,Tozai,https://www.fujigolfc.com/,ChIJmb8VZQeJGGARQBIk6KWswaE,https://maps.google.com/?cid=11655787139175813696&g_mp=Cidnb29nbGUubWFwcy5wbGFjZXMudjEuUGxhY2VzLlNlYXJjaFRleHQQAhgEIAA,https://www.fujigolfc.com/,sports_activity_location|point_of_interest|establishment,False,Google rating below threshold,high,0,15,16,12,2,5,0,60.635,"score=60.6/110; visitor=0, google=10.6, official=15, scale=16, metro=12, opening=2, mapping=5, penalty=0",No reliable annual visitor count found; included as representative tourism proxy.,way,1189992649.0,attraction,NA,NA,NA,NA,NA,23.8
P0520,Taito Station,G19,Asakusa,408.3,0.550376,35.7126418,139.7939006,tourism=attraction,tourism=attraction,10.541,3.5,462.0,OSM,Taito Station,Ginza,https://www.taito.co.jp/store/00001595,ChIJL2yxmsCOGGARYrdOvTFqHNE,https://maps.google.com/?cid=15068035215136831330&g_mp=Cidnb29nbGUubWFwcy5wbGFjZXMudjEuUGxhY2VzLlNlYXJjaFRleHQQAhgEIAA,https://www.taito.co.jp/store/00001595,video_arcade|point_of_interest|establishment,False,Google rating below threshold,high,0,15,16,12,2,5,0,60.541,"score=60.5/110; visitor=0, google=10.5, official=15, scale=16, metro=12, opening=2, mapping=5, penalty=0",No reliable annual visitor count found; included as representative tourism proxy.,node,6121573485.0,attraction,NA,NA,NA,NA,NA,4.7
P0521,Shintaro Suzuki Memorial Museum,M24,ShinOtsuka,46.9,0.55004,35.7257874,139.7290503,tourism=museum,tourism=museum,7.504,4.3,78.0,OSM,Shintaro Suzuki Memorial Museum,Marunouchi,http://www.city.toshima.lg.jp/129/bunka/bunka/shiryokan/suzuki/suzukioverview.html,ChIJcWjoLguNGGARIwdmKJO5CkM,https://maps.google.com/?cid=4830877591997384483&g_mp=Cidnb29nbGUubWFwcy5wbGFjZXMudjEuUGxhY2VzLlNlYXJjaFRleHQQAhgEIAA,http://www.city.toshima.lg.jp/129/bunka/bunka/shiryokan/suzuki/suzukioverview.html,tourist_attraction|point_of_interest|establishment,False,below dynamic inclusion threshold,high,0,15,16,15,2,5,0,60.504,"score=60.5/110; visitor=0, google=7.5, official=15, scale=16, metro=15, opening=2, mapping=5, penalty=0",No reliable annual visitor count found; included as representative tourism proxy.,way,264856191.0,museum,NA,NA,NA,NA,NA,2.6
P0522,Metrix,H04,Roppongi,266.4,0.481818,35.6627325,139.7341023,tourism=attraction,tourism=attraction,0.0,3.6,68.0,OSM,Metrix,Hibiya,https://www.intellilink.co.jp/,ChIJvae2JWWJGGARv_aScSEp2j8,https://maps.google.com/?cid=4601035192928499391&g_mp=Cidnb29nbGUubWFwcy5wbGFjZXMudjEuUGxhY2VzLlNlYXJjaFRleHQQAhgEIAA,https://www.intellilink.co.jp/,point_of_interest|establishment,False,Google rating below threshold,high,0,15,16,15,2,5,0,53.0,"score=53.0/110; visitor=0, google=0.0, official=15, scale=16, metro=15, opening=2, mapping=5, penalty=0",No reliable annual visitor count found; included as representative tourism proxy. Google Places match is 3358m from original POI coordinate; popularity score set to 0 due to location mismatch.,node,4442533093.0,attraction,NA,NA,NA,NA,NA,3357.8
P0523,Chuo Ward Local History Museum,H12,Hatchobori,261.5,0.545745,35.6736905,139.7753057,tourism=museum,tourism=museum,7.032,3.9,59.0,OSM,Chuo Ward Local History Museum,Hibiya,https://www.library.city.chuo.tokyo.jp/contents?1&pid=11,ChIJtdYWGdGJGGARKhqghOFX7UA,https://maps.google.com/?cid=4678492214012156458&g_mp=Cidnb29nbGUubWFwcy5wbGFjZXMudjEuUGxhY2VzLlNlYXJjaFRleHQQAhgEIAA,https://www.city.chuo.lg.jp/bunka/kyodoshiryokan/_user_tobun_historical_museum.html,museum|point_of_interest|establishment,False,below dynamic inclusion threshold,high,0,15,16,15,2,5,0,60.032,"score=60.0/110; visitor=0, google=7.0, official=15, scale=16, metro=15, opening=2, mapping=5, penalty=0",No reliable annual visitor count found; included as representative tourism proxy.,node,12918716601.0,museum,NA,NA,NA,NA,NA,2.0
P0524,KOIZUMI YAKUMO PARK LAFKADIO HEARN,F12,HigashiShinjuku,263.3,0.544667,35.6996534,139.7049386,tourism=attraction,tourism=attraction,6.913,3.9,55.0,OSM,KOIZUMI YAKUMO PARK LAFKADIO HEARN,Fukutoshin,https://www.city.shinjuku.lg.jp/seikatsu/midori01_002040.html?hl=en,ChIJLaY_8ZONGGARy3OqtaGZeI0,https://maps.google.com/?cid=10194066676369748939&g_mp=Cidnb29nbGUubWFwcy5wbGFjZXMudjEuUGxhY2VzLlNlYXJjaFRleHQQAhgEIAA,https://www.city.shinjuku.lg.jp/seikatsu/midori01_002040.html?hl=en,park|point_of_interest|establishment,False,below dynamic inclusion threshold,high,0,15,16,15,2,5,0,59.913,"score=59.9/110; visitor=0, google=6.9, official=15, scale=16, metro=15, opening=2, mapping=5, penalty=0",No reliable annual visitor count found; included as representative tourism proxy.,node,11801372169.0,attraction,NA,NA,NA,NA,NA,5.7
P0525,Mitsubishi UFJ Trust and Banking Museum,M17,Tokyo,151.8,0.544386,35.6832961,139.7649308,tourism=museum,tourism=museum,6.882,3.8,54.0,OSM,Mitsubishi UFJ Trust and Banking Museum,Marunouchi,https://www.mitsubishi.com/ja/minikite/vol03.html,ChIJvQWmVviLGGARWUVZ75YS5Jw,https://maps.google.com/?cid=11305181404076787033&g_mp=Cidnb29nbGUubWFwcy5wbGFjZXMudjEuUGxhY2VzLlNlYXJjaFRleHQQAhgEIAA,https://www.tr.mufg.jp/ippan/about/hakubutsukan/,museum|tourist_attraction|point_of_interest|establishment,False,below dynamic inclusion threshold,high,0,15,16,15,2,5,0,59.882,"score=59.9/110; visitor=0, google=6.9, official=15, scale=16, metro=15, opening=2, mapping=5, penalty=0",No reliable annual visitor count found; included as representative tourism proxy.,node,13606792473.0,museum,NA,NA,NA,NA,NA,24.4
P0526,TOKYO VIRTUAL CIRCUIT,C06,Akasaka,288.8,0.481818,35.669556,139.7370353,tourism=attraction,tourism=attraction,0.0,4.0,46.0,OSM,TOKYO VIRTUAL CIRCUIT,Chiyoda,http://sunakojukuchou.com/,ChIJjV18_4OLGGARYGiSK8_j1V8,https://maps.google.com/?cid=6905676082571274336&g_mp=Cidnb29nbGUubWFwcy5wbGFjZXMudjEuUGxhY2VzLlNlYXJjaFRleHQQAhgEIAA,http://sunakojukuchou.com/,tourist_attraction|point_of_interest|establishment,False,below dynamic inclusion threshold,high,0,15,16,15,2,5,0,53.0,"score=53.0/110; visitor=0, google=0.0, official=15, scale=16, metro=15, opening=2, mapping=5, penalty=0",No reliable annual visitor count found; included as representative tourism proxy. Google Places match is 5271m from original POI coordinate; popularity score set to 0 due to location mismatch.,node,5911510186.0,attraction,NA,NA,NA,NA,NA,5270.9
P0527,Kume Museum of Art,N01,Meguro,243.1,0.5398,35.634545,139.714759,tourism=museum,tourism=museum,6.378,3.6,40.0,OSM,Kume Museum of Art,Namboku,http://www.kume-museum.com/,ChIJ8cHTGRmLGGARwwtDv7x-5aY,https://maps.google.com/?cid=12026157729090571203&g_mp=Cidnb29nbGUubWFwcy5wbGFjZXMudjEuUGxhY2VzLlNlYXJjaFRleHQQAhgEIAA,http://www.kume-museum.com/,art_museum|tourist_attraction|museum|point_of_interest|establishment,False,Google rating below threshold,high,0,15,16,15,2,5,0,59.378,"score=59.4/110; visitor=0, google=6.4, official=15, scale=16, metro=15, opening=2, mapping=5, penalty=0",No reliable annual visitor count found; included as representative tourism proxy.,node,1420766554.0,museum,NA,NA,NA,Q11369635,ja:久米美術館,11.8
P0528,Bicycle Culture Center,N01,Meguro,243.8,0.53641,35.6338346,139.7177861,tourism=museum,tourism=museum,6.005,4.1,32.0,OSM,Bicycle Culture Center,Namboku,https://cycle-info.bpaj.or.jp/,ChIJ4eJcEhyLGGARXzo93iM3sjk,https://maps.google.com/?cid=4157446033208326751&g_mp=Cidnb29nbGUubWFwcy5wbGFjZXMudjEuUGxhY2VzLlNlYXJjaFRleHQQAhgEIAA,https://cycle-info.bpaj.or.jp/,library|tourist_attraction|museum|point_of_interest|service|establishment,False,below dynamic inclusion threshold,high,0,15,16,15,2,5,0,59.005,"score=59.0/110; visitor=0, google=6.0, official=15, scale=16, metro=15, opening=2, mapping=5, penalty=0",No reliable annual visitor count found; included as representative tourism proxy.,node,3347559020.0,museum,NA,NA,NA,Q104698204,NA,14.6
P0529,ちいさな動物たちのおうち,G16,Ueno,399.3,0.490909,35.7136353,139.7717984,tourism=zoo,tourism=zoo,0.0,4.0,17.0,OSM,ちいさな動物たちのおうち,Ginza,https://tierheim-kokua.aloha703.com/,ChIJw5y4Zb2MGGARkr7HhQ271c0,https://maps.google.com/?cid=14831966614568025746&g_mp=Cidnb29nbGUubWFwcy5wbGFjZXMudjEuUGxhY2VzLlNlYXJjaFRleHQQAhgEIAA,https://tierheim-kokua.aloha703.com/,non_profit_organization|association_or_organization|point_of_interest|establishment,False,below dynamic inclusion threshold,high,0,15,20,12,2,5,0,54.0,"score=54.0/110; visitor=0, google=0.0, official=15, scale=20, metro=12, opening=2, mapping=5, penalty=0",No reliable annual visitor count found; included as representative tourism proxy. Google Places match is 6992m from original POI coordinate; popularity score set to 0 due to location mismatch.,node,4987930972.0,zoo,NA,NA,NA,NA,NA,6992.3
P0530,Shitamachi Museum,G15,UenoHirokoji,276.1,0.532076,35.7102385,139.7727469,tourism=museum,tourism=museum,5.528,4.0,24.0,OSM,Shitamachi Museum,Ginza,https://www.taitogeibun.net/shitamachi/,ChIJvViaSQCNGGARIrGalJ3hidM,https://maps.google.com/?cid=15242962480731435298&g_mp=Cidnb29nbGUubWFwcy5wbGFjZXMudjEuUGxhY2VzLlNlYXJjaFRleHQQAhgEIAA,https://www.taitogeibun.net/shitamachi/shitamachi_annex/,museum|point_of_interest|establishment,False,below dynamic inclusion threshold,high,0,15,16,15,2,5,0,58.528,"score=58.5/110; visitor=0, google=5.5, official=15, scale=16, metro=15, opening=2, mapping=5, penalty=0",No reliable annual visitor count found; included as representative tourism proxy.,way,145344198.0,museum,NA,NA,NA,Q3915464,ja:下町風俗資料館,0.6
P0531,Sugino Costume Museum,N01,Meguro,194.6,0.532076,35.630742,139.715856,tourism=museum,tourism=museum,5.528,2.7,24.0,OSM,Sugino Costume Museum,Namboku,https://www.costumemuseum.jp/,ChIJ1zeobx6LGGARDD3TWp2stZI,https://maps.google.com/?cid=10571545492155743500&g_mp=Cidnb29nbGUubWFwcy5wbGFjZXMudjEuUGxhY2VzLlNlYXJjaFRleHQQAhgEIAA,http://www.costumemuseum.jp/index.html,tourist_attraction|museum|point_of_interest|establishment,False,Google rating below threshold,high,0,15,16,15,2,5,0,58.528,"score=58.5/110; visitor=0, google=5.5, official=15, scale=16, metro=15, opening=2, mapping=5, penalty=0",No reliable annual visitor count found; included as representative tourism proxy.,node,1420782231.0,museum,NA,NA,NA,NA,NA,4.4
P0532,水琴窟,C13,Yushima,140.6,0.481818,35.7075342,139.7687091,tourism=attraction,tourism=attraction,0.0,4.6,23.0,OSM,水琴窟,Chiyoda,https://anamori.jp/,ChIJzxY9D9thGGARpg7U2wDUAWc,https://maps.google.com/?cid=7422446761036484262&g_mp=Cidnb29nbGUubWFwcy5wbGFjZXMudjEuUGxhY2VzLlNlYXJjaFRleHQQAhgEIAA,https://anamori.jp/,tourist_attraction|garden|shinto_shrine|place_of_worship|association_or_organization|point_of_interest|establishment,False,below dynamic inclusion threshold,high,0,15,16,15,2,5,0,53.0,"score=53.0/110; visitor=0, google=0.0, official=15, scale=16, metro=15, opening=2, mapping=5, penalty=0",No reliable annual visitor count found; included as representative tourism proxy. Google Places match is 17566m from original POI coordinate; popularity score set to 0 due to location mismatch.,node,5632475574.0,attraction,NA,NA,NA,NA,NA,17566.1
P0533,The History Museum of J-Koreans,N04,AzabuJuban,370.8,0.529552,35.6514755,139.737046,tourism=museum,tourism=museum,8.251,3.7,121.0,OSM,在日韓人歴史資料館,Namboku,http://www.j-koreans.org/,ChIJ6QCZVaGLGGAR9QS6CROQGvA,https://maps.google.com/?cid=17301299329939145973&g_mp=Cidnb29nbGUubWFwcy5wbGFjZXMudjEuUGxhY2VzLlNlYXJjaFRleHQQAhgEIAA,http://www.j-koreans.org/,tourist_attraction|museum|point_of_interest|establishment,False,Google rating below threshold,high,0,15,16,12,2,5,0,58.251,"score=58.3/110; visitor=0, google=8.3, official=15, scale=16, metro=12, opening=2, mapping=5, penalty=0",No reliable annual visitor count found; included as representative tourism proxy.,node,11262093573.0,museum,NA,NA,NA,Q122929555,NA,7.8
P0534,Kodansha Noma Memorial Museum,Y11,Gokokuji,614.1,0.52581,35.714018,139.725033,tourism=museum,tourism=museum,7.839,3.9,95.0,OSM,Kodansha Noma Memorial Museum,Yurakucho,https://www.nomamuseum.kodansha.co.jp/,ChIJbQilvAWNGGARkkNIm72uFNI,https://maps.google.com/?cid=15137916376876336018&g_mp=Cidnb29nbGUubWFwcy5wbGFjZXMudjEuUGxhY2VzLlNlYXJjaFRleHQQAhgEIAA,http://www.nomamuseum.kodansha.co.jp/,art_museum|tourist_attraction|museum|point_of_interest|establishment,False,below dynamic inclusion threshold,high,0,15,16,12,2,5,0,57.839,"score=57.8/110; visitor=0, google=7.8, official=15, scale=16, metro=12, opening=2, mapping=5, penalty=0",No reliable annual visitor count found; included as representative tourism proxy.,node,1420798047.0,museum,NA,NA,NA,Q3788846,en:Kodansha Noma Memorial Museum,14.1
P0535,Arakawa Ward Arakawa Hometown Culture Center,H21,MinamiSenju,648.7,0.525315,35.7374735,139.7954339,tourism=museum,tourism=museum,7.785,4.3,92.0,OSM,Arakawa Ward Arakawa Hometown Culture Center,Hibiya,https://www.city.arakawa.tokyo.jp/a016/bunkageijutsu/furusato/furusato.html,ChIJIzX4Wl6OGGAR17TEMnl5oMo,https://maps.google.com/?cid=14600803553384903895&g_mp=Cidnb29nbGUubWFwcy5wbGFjZXMudjEuUGxhY2VzLlNlYXJjaFRleHQQAhgEIAA,https://www.city.arakawa.tokyo.jp/a016/shisetsuannai/koukyoushisetsu/bunka001.html,tourist_attraction|museum|point_of_interest|establishment,False,below dynamic inclusion threshold,high,0,15,16,12,2,5,0,57.785,"score=57.8/110; visitor=0, google=7.8, official=15, scale=16, metro=12, opening=2, mapping=5, penalty=0",No reliable annual visitor count found; included as representative tourism proxy.,node,1420796626.0,museum,NA,NA,NA,Q104698248,https://ja.wikipedia.org/wiki/%E8%8D%92%E5%B7%9D%E5%8C%BA%E7%AB%8B%E8%8D%92%E5%B7%9D%E3%81%B5%E3%82%8B%E3%81%95%E3%81%A8%E6%96%87%E5%8C%96%E9%A4%A8,5.3
P0536,荒川ふるさと文化館,H21,MinamiSenju,638.6,0.525315,35.7373225,139.7953277,tourism=museum,tourism=museum,7.785,4.3,92.0,OSM,荒川ふるさと文化館,Hibiya,https://www.city.arakawa.tokyo.jp/a016/shisetsuannai/koukyoushisetsu/bunka001.html,ChIJIzX4Wl6OGGAR17TEMnl5oMo,https://maps.google.com/?cid=14600803553384903895&g_mp=Cidnb29nbGUubWFwcy5wbGFjZXMudjEuUGxhY2VzLlNlYXJjaFRleHQQAhgEIAA,https://www.city.arakawa.tokyo.jp/a016/shisetsuannai/koukyoushisetsu/bunka001.html,tourist_attraction|museum|point_of_interest|establishment,False,below dynamic inclusion threshold,high,0,15,16,12,2,5,0,57.785,"score=57.8/110; visitor=0, google=7.8, official=15, scale=16, metro=12, opening=2, mapping=5, penalty=0",No reliable annual visitor count found; included as representative tourism proxy.,node,12554183486.0,museum,NA,NA,NA,NA,NA,23.3
P0537,方南銀座商店街,Mb03,Honancho,43.2,0.525108,35.683558,139.6584106,tourism=attraction,tourism=attraction,4.762,3.4,15.0,OSM,方南銀座商店街,MarunouchiBranch,http://honancho.net/,ChIJwR3tffzyGGARPz7JoHcoJU0,https://maps.google.com/?cid=5558893809322507839&g_mp=Cidnb29nbGUubWFwcy5wbGFjZXMudjEuUGxhY2VzLlNlYXJjaFRleHQQAhgEIAA,http://honancho.net/,point_of_interest|establishment,False,Google rating below threshold,high,0,15,16,15,2,5,0,57.762,"score=57.8/110; visitor=0, google=4.8, official=15, scale=16, metro=15, opening=2, mapping=5, penalty=0",No reliable annual visitor count found; included as representative tourism proxy.,node,5172041100.0,attraction,NA,NA,NA,NA,NA,117.8
P0538,Kabutochō Kayabachō Machikado Museum,T11,Kayabacho,203.2,0.523023,35.6795951,139.7772188,tourism=museum,tourism=museum,4.532,3.8,13.0,OSM,Kabutochō Kayabachō Machikado Museum,Tozai,http://chuoku-machikadotenjikan.jp/tenjikan/kabutocho_kayabacho/,ChIJf1JZkFmJGGAR6f1okwDbjJo,https://maps.google.com/?cid=11136516774100008425&g_mp=Cidnb29nbGUubWFwcy5wbGFjZXMudjEuUGxhY2VzLlNlYXJjaFRleHQQAhgEIAA,http://chuoku-machikadotenjikan.jp/tenjikan/kabutocho_kayabacho/,museum|point_of_interest|establishment,False,below dynamic inclusion threshold,high,0,15,16,15,2,5,0,57.532,"score=57.5/110; visitor=0, google=4.5, official=15, scale=16, metro=15, opening=2, mapping=5, penalty=0",No reliable annual visitor count found; included as representative tourism proxy.,way,819161140.0,museum,NA,NA,NA,NA,NA,6.2
P0539,Puppet House,N10,Iidabashi,181.4,0.523023,35.7030863,139.7443261,tourism=museum,tourism=museum,4.532,4.4,13.0,OSM,Puppet House,Namboku,https://www.puppet-house.co.jp/,ChIJqaKIBUWMGGARjLVHENI2Q8s,https://maps.google.com/?cid=14646610688983152012&g_mp=Cidnb29nbGUubWFwcy5wbGFjZXMudjEuUGxhY2VzLlNlYXJjaFRleHQQAhgEIAA,https://www.puppet-house.co.jp/,art_gallery|store|point_of_interest|establishment,False,below dynamic inclusion threshold,high,0,15,16,15,2,5,0,57.532,"score=57.5/110; visitor=0, google=4.5, official=15, scale=16, metro=15, opening=2, mapping=5, penalty=0",No reliable annual visitor count found; included as representative tourism proxy.,node,6187350572.0,museum,NA,NA,NA,NA,NA,11.8
P0540,Museum of Health and Medicine,M21,HongoSanchome,529.3,0.522964,35.7100384,139.7643646,tourism=museum,tourism=museum,7.526,4.4,79.0,OSM,健康と医学の博物館,Marunouchi,https://mhm.m.u-tokyo.ac.jp/,ChIJ03OFOiWMGGARMhhH-wBE7JU,https://maps.google.com/?cid=10803084377161406514&g_mp=Cidnb29nbGUubWFwcy5wbGFjZXMudjEuUGxhY2VzLlNlYXJjaFRleHQQAhgEIAA,http://mhm.m.u-tokyo.ac.jp/,museum|point_of_interest|establishment,False,below dynamic inclusion threshold,high,0,15,16,12,2,5,0,57.526,"score=57.5/110; visitor=0, google=7.5, official=15, scale=16, metro=12, opening=2, mapping=5, penalty=0",No reliable annual visitor count found; included as representative tourism proxy.,node,4628815692.0,museum,NA,NA,NA,NA,NA,5.6
P0541,Former Mikawashima Sewage Treatment Plant,C17,Machiya,624.8,0.522767,35.7384252,139.7853174,tourism=attraction,tourism=attraction,7.504,4.3,78.0,OSM,Former Mikawashima Sewage Treatment Plant,Chiyoda,https://www.gesui.metro.tokyo.lg.jp/business/b4/guide/s-mikawa/,ChIJbwU2d2WOGGAR8ezWjjjN6cM,https://maps.google.com/?cid=14117040149767843057&g_mp=Cidnb29nbGUubWFwcy5wbGFjZXMudjEuUGxhY2VzLlNlYXJjaFRleHQQAhgEIAA,https://www.gesui.metro.tokyo.lg.jp/business/b4/guide/s-mikawa/,manufacturer|point_of_interest|service|establishment,False,below dynamic inclusion threshold,high,0,15,16,12,2,5,0,57.504,"score=57.5/110; visitor=0, google=7.5, official=15, scale=16, metro=12, opening=2, mapping=5, penalty=0",No reliable annual visitor count found; included as representative tourism proxy.,way,236559642.0,attraction,NA,NA,NA,NA,NA,11.1
P0542,ビオトープ浮島,C14,Nezu,588.2,0.418182,35.7127762,139.7690764,leisure=garden,leisure=garden,0.0,3.5,784.0,OSM,ビオトープ浮島,Chiyoda,http://www.city.kawasaki.jp/shisetsu/category/30-8-0-0-0-0-0-0-0-0.html,ChIJBx9-JjpkGGARUlRuUgLqlCY,https://maps.google.com/?cid=2780104165688235090&g_mp=Cidnb29nbGUubWFwcy5wbGFjZXMudjEuUGxhY2VzLlNlYXJjaFRleHQQAhgEIAA,http://www.city.kawasaki.jp/shisetsu/category/30-8-0-0-0-0-0-0-0-0.html,park|tourist_attraction|point_of_interest|establishment,False,Google rating below threshold,high,0,15,12,12,2,5,0,46.0,"score=46.0/110; visitor=0, google=0.0, official=15, scale=12, metro=12, opening=2, mapping=5, penalty=0",No reliable annual visitor count found; included as representative tourism proxy. Google Places match is 21338m from original POI coordinate; popularity score set to 0 due to location mismatch.,way,511585928.0,NA,NA,garden,NA,NA,NA,21337.8
P0543,Ishikawajima Museum,Y21,Tsukishima,578.0,0.522163,35.6699086,139.7843231,tourism=museum,tourism=museum,7.438,3.7,75.0,OSM,Ishikawajima Museum,Yurakucho,http://www.ihi.co.jp/shiryoukan/index.html,ChIJd6HdOG-JGGARg0Z9lieRosQ,https://maps.google.com/?cid=14169046976875546243&g_mp=Cidnb29nbGUubWFwcy5wbGFjZXMudjEuUGxhY2VzLlNlYXJjaFRleHQQAhgEIAA,http://www.ihi.co.jp/shiryoukan/index.html,tourist_attraction|museum|point_of_interest|establishment,False,Google rating below threshold,high,0,15,16,12,2,5,0,57.438,"score=57.4/110; visitor=0, google=7.4, official=15, scale=16, metro=12, opening=2, mapping=5, penalty=0",No reliable annual visitor count found; included as representative tourism proxy.,node,9194884405.0,museum,NA,NA,NA,NA,NA,36.9
P0544,Otomate Square,F09,Ikebukuro,425.9,0.520654,35.7291861,139.715647,tourism=attraction,tourism=attraction,7.272,3.8,68.0,OSM,オトメイトスクエア,Fukutoshin,http://www.otomate.jp/otomate_building/,ChIJK57KvWiNGGAR123ZP50JpI4,https://maps.google.com/?cid=10278350820552043991&g_mp=Cidnb29nbGUubWFwcy5wbGFjZXMudjEuUGxhY2VzLlNlYXJjaFRleHQQAhgEIAA,http://www.otomate.jp/otomate_building/,store|point_of_interest|establishment,False,below dynamic inclusion threshold,high,0,15,16,12,2,5,0,57.272,"score=57.3/110; visitor=0, google=7.3, official=15, scale=16, metro=12, opening=2, mapping=5, penalty=0",No reliable annual visitor count found; included as representative tourism proxy.,node,8828795450.0,attraction,NA,NA,NA,NA,NA,17.5
P0545,Police Museum,G10,Kyobashi,182.1,0.481818,35.6751233,139.769582,tourism=museum,tourism=museum,0.0,4.5,11.0,OSM,警察博物館,Ginza,https://www.keishicho.metro.tokyo.lg.jp/about_mpd/welcome/welcome/museum_tour.html,ChIJg2WCMwCLGGARp0dUU_tpmDk,https://maps.google.com/?cid=4150183584777652135&g_mp=Cidnb29nbGUubWFwcy5wbGFjZXMudjEuUGxhY2VzLlNlYXJjaFRleHQQAhgEIAA,https://www.keishicho.metro.tokyo.lg.jp/about_mpd/welcome/welcome/museum_tour.html,museum|point_of_interest|establishment,False,below dynamic inclusion threshold,high,0,15,16,15,2,5,0,53.0,"score=53.0/110; visitor=0, google=0.0, official=15, scale=16, metro=15, opening=2, mapping=5, penalty=0",No reliable annual visitor count found; included as representative tourism proxy. Google Places match is 7474m from original POI coordinate; popularity score set to 0 due to location mismatch.,way,187797342.0,museum,NA,NA,NA,Q11632332,ja:警察博物館,7473.6
P0546,Toyosu Market / Tuna Auction Observation Area,Y22,Toyosu,1834.4,0.519737,35.6427874,139.7825549,market_observation,market|food|wholesaler|point_of_interest|establishment,16.171,3.6,12278.0,curated_representative,豊洲市場 / マグロせり見学エリア,Yurakucho,https://www.shijou.metro.tokyo.lg.jp/toyosu/kenngaku/,ChIJW4-7z_iJGGAR3DNQUg6tv9Y,https://maps.google.com/?cid=15474277121690448860&g_mp=Cidnb29nbGUubWFwcy5wbGFjZXMudjEuUGxhY2VzLlNlYXJjaFRleHQQAhgEIAA,https://www.toyosu-market.or.jp/,market|food|wholesaler|point_of_interest|establishment,False,distance > 1500m from Tokyo Metro,low,0,15,20,0,5,1,0,57.171,"score=57.2/110; visitor=0, google=16.2, official=15, scale=20, metro=0, opening=5, mapping=1, penalty=0","Kept, but distance to nearest Tokyo Metro station is relatively far; actual access may involve other rail modes. No reliable annual visitor count found; included as representative tourism proxy.",NA,NA,NA,NA,NA,NA,NA,NA,212.9
P0547,Good street photography,G13,Kanda,352.8,0.454545,35.6911887,139.7685268,tourism=viewpoint,tourism=viewpoint,0.0,5.0,61.0,OSM,Good street photography,Ginza,https://jgstudio.tokyo/home/,ChIJBw2eeW2NGGART9gmuSOR7jE,https://maps.google.com/?cid=3597972734931818575&g_mp=Cidnb29nbGUubWFwcy5wbGFjZXMudjEuUGxhY2VzLlNlYXJjaFRleHQQAhgEIAA,https://jgstudio.tokyo/home/,point_of_interest|service|establishment,False,below dynamic inclusion threshold,high,0,15,16,12,2,5,0,50.0,"score=50.0/110; visitor=0, google=0.0, official=15, scale=16, metro=12, opening=2, mapping=5, penalty=0",No reliable annual visitor count found; included as representative tourism proxy. Google Places match is 7457m from original POI coordinate; popularity score set to 0 due to location mismatch.,node,7414140691.0,viewpoint,NA,NA,NA,NA,NA,7457.2
P0548,Archives,F10,Zoshigaya,485.2,0.454545,35.7195028,139.7094095,tourism=museum,tourism=museum,0.0,4.5,59.0,OSM,学習院大学史料館,Fukutoshin,http://archivestore.jp/,ChIJSX8FkaiMGGARwzm5PUOn7GY,https://maps.google.com/?cid=7416486593612560835&g_mp=Cidnb29nbGUubWFwcy5wbGFjZXMudjEuUGxhY2VzLlNlYXJjaFRleHQQAhgEIAA,http://archivestore.jp/,art_gallery|clothing_store|store|point_of_interest|establishment,False,below dynamic inclusion threshold,high,0,15,16,12,2,5,0,50.0,"score=50.0/110; visitor=0, google=0.0, official=15, scale=16, metro=12, opening=2, mapping=5, penalty=0",No reliable annual visitor count found; included as representative tourism proxy. Google Places match is 6379m from original POI coordinate; popularity score set to 0 due to location mismatch.,way,208656517.0,museum,NA,NA,NA,Q11448881,NA,6379.2
P0549,Chuo Ward Local History Museum,H11,Tsukiji,400.1,0.518472,35.6666557,139.7766153,tourism=museum,tourism=museum,7.032,3.9,59.0,OSM,Chuo Ward Local History Museum,Hibiya,https://www.city.chuo.lg.jp/bunkakankou/bunka/kyodoshiryokan/index.html,ChIJtdYWGdGJGGARKhqghOFX7UA,https://maps.google.com/?cid=4678492214012156458&g_mp=Cidnb29nbGUubWFwcy5wbGFjZXMudjEuUGxhY2VzLlNlYXJjaFRleHQQAhgEIAA,https://www.city.chuo.lg.jp/bunka/kyodoshiryokan/_user_tobun_historical_museum.html,museum|point_of_interest|establishment,False,below dynamic inclusion threshold,high,0,15,16,12,2,5,0,57.032,"score=57.0/110; visitor=0, google=7.0, official=15, scale=16, metro=12, opening=2, mapping=5, penalty=0",No reliable annual visitor count found; included as representative tourism proxy.,node,3608488400.0,museum,NA,NA,NA,NA,NA,789.5
P0550,Japan-China Friendship Center Art Museum,T06,Iidabashi,315.1,0.518472,35.7040532,139.7477579,tourism=museum,tourism=museum,7.032,4.1,59.0,OSM,Japan-China Friendship Center Art Museum,Tozai,https://jcfcmuseum.jp/,ChIJb6t2fEaMGGAR7DlzyJYEvok,https://maps.google.com/?cid=9925375674425752044&g_mp=Cidnb29nbGUubWFwcy5wbGFjZXMudjEuUGxhY2VzLlNlYXJjaFRleHQQAhgEIAA,https://jcfcmuseum.jp/,art_museum|museum|point_of_interest|establishment,False,below dynamic inclusion threshold,high,0,15,16,12,2,5,0,57.032,"score=57.0/110; visitor=0, google=7.0, official=15, scale=16, metro=12, opening=2, mapping=5, penalty=0",No reliable annual visitor count found; included as representative tourism proxy.,node,4059140708.0,museum,NA,NA,NA,NA,NA,19.2
P0551,旧大塚家住宅,T18,Urayasu,476.7,0.518472,35.6616359,139.8927248,tourism=museum,tourism=museum,7.032,3.8,59.0,OSM,旧大塚家住宅,Tozai,http://www.city.urayasu.lg.jp/shisetsu/bunka/bunka/1005589.html,ChIJJau5Tn59GGAROtZNuSIQG4c,https://maps.google.com/?cid=9735392760815277626&g_mp=Cidnb29nbGUubWFwcy5wbGFjZXMudjEuUGxhY2VzLlNlYXJjaFRleHQQAhgEIAA,http://www.city.urayasu.lg.jp/shisetsu/bunka/bunka/1005589.html,tourist_attraction|point_of_interest|establishment,False,below dynamic inclusion threshold,high,0,15,16,12,2,5,0,57.032,"score=57.0/110; visitor=0, google=7.0, official=15, scale=16, metro=12, opening=2, mapping=5, penalty=0",No reliable annual visitor count found; included as representative tourism proxy.,way,310212418.0,museum,NA,NA,NA,Q11511023,ja:旧大塚家住宅,1.6
P0552,旧宇田川家住宅,T18,Urayasu,473.2,0.518472,35.6617304,139.8922067,tourism=museum,tourism=museum,7.032,4.0,59.0,OSM,旧宇田川家住宅,Tozai,http://www.city.urayasu.lg.jp/shisetsu/bunka/bunka/1005590.html,ChIJJ05VP359GGAR9x8PSvPivMA,https://maps.google.com/?cid=13888224885451202551&g_mp=Cidnb29nbGUubWFwcy5wbGFjZXMudjEuUGxhY2VzLlNlYXJjaFRleHQQAhgEIAA,http://www.city.urayasu.lg.jp/shisetsu/bunka/bunka/1005590.html,point_of_interest|establishment,False,below dynamic inclusion threshold,high,0,15,16,12,2,5,0,57.032,"score=57.0/110; visitor=0, google=7.0, official=15, scale=16, metro=12, opening=2, mapping=5, penalty=0",No reliable annual visitor count found; included as representative tourism proxy.,way,310081831.0,museum,NA,NA,NA,Q11511029,ja:旧宇田川家住宅,4.0
P0553,National Printing Bureau Museum,N09,Ichigaya,676.9,0.454545,35.69496,139.729273,tourism=museum,tourism=museum,0.0,3.9,58.0,OSM,国立印刷局博物館,Namboku,http://www.npb.go.jp/ja/event/kengaku/tokyo.html,ChIJ-1ge2IeNGGARbHRXBPcINB8,https://maps.google.com/?cid=2248431970987504748&g_mp=Cidnb29nbGUubWFwcy5wbGFjZXMudjEuUGxhY2VzLlNlYXJjaFRleHQQAhgEIAA,http://www.npb.go.jp/ja/event/kengaku/tokyo.html,government_office|point_of_interest|establishment,False,below dynamic inclusion threshold,high,0,15,16,12,2,5,0,50.0,"score=50.0/110; visitor=0, google=0.0, official=15, scale=16, metro=12, opening=2, mapping=5, penalty=0",No reliable annual visitor count found; included as representative tourism proxy. Google Places match is 5866m from original POI coordinate; popularity score set to 0 due to location mismatch.,node,1420771652.0,museum,NA,NA,NA,NA,NA,5865.5
P0554,Shinjuku Gyoen Museum,M10,ShinjukuGyoemmae,321.6,0.517671,35.6860641,139.7127848,tourism=museum,tourism=museum,6.944,4.5,56.0,OSM,Shinjuku Gyoen Museum,Marunouchi,https://fng.or.jp/shinjuku/2022/12/03/20221203-02/,ChIJ5RR13yiNGGART-NAUWZQ2bE,https://maps.google.com/?cid=12815362615039550287&g_mp=Cidnb29nbGUubWFwcy5wbGFjZXMudjEuUGxhY2VzLlNlYXJjaFRleHQQAhgEIAA,https://fng.or.jp/shinjuku/2022/12/03/20221203-02/,museum|point_of_interest|establishment,False,below dynamic inclusion threshold,high,0,15,16,12,2,5,0,56.944,"score=56.9/110; visitor=0, google=6.9, official=15, scale=16, metro=12, opening=2, mapping=5, penalty=0",No reliable annual visitor count found; included as representative tourism proxy.,way,1322002409.0,museum,NA,NA,NA,NA,NA,3.4
P0555,Tokyo Cooking Class by MAIKOYA,G18,Tawaramachi,337.1,0.517671,35.7120295,139.7929843,tourism=attraction,tourism=attraction,6.944,5.0,56.0,OSM,Tokyo Cooking Class by MAIKOYA,Ginza,https://mai-ko.com/what-to-do-in-japan/tokyo/cooking-class-tokyo/,ChIJwx-KQLmNGGARD4eP8RNyiZU,https://maps.google.com/?cid=10775269013443282703&g_mp=Cidnb29nbGUubWFwcy5wbGFjZXMudjEuUGxhY2VzLlNlYXJjaFRleHQQAhgEIAA,https://mai-ko.com/what-to-do-in-japan/tokyo/cooking-class-tokyo/,food|point_of_interest|establishment,False,below dynamic inclusion threshold,high,0,15,16,12,2,5,0,56.944,"score=56.9/110; visitor=0, google=6.9, official=15, scale=16, metro=12, opening=2, mapping=5, penalty=0",No reliable annual visitor count found; included as representative tourism proxy.,node,12850429219.0,attraction,NA,NA,NA,NA,NA,0.4
P0556,Miyagi Michio Memorial Museum,T05,Kagurazaka,502.6,0.516535,35.699758,139.736845,tourism=museum,tourism=museum,6.819,4.0,52.0,OSM,Miyagi Michio Memorial Museum,Tozai,https://miyagikai.gr.jp/,ChIJ_XaZg1mMGGAR49MsJ8uiuDk,https://maps.google.com/?cid=4159253249295963107&g_mp=Cidnb29nbGUubWFwcy5wbGFjZXMudjEuUGxhY2VzLlNlYXJjaFRleHQQAhgEIAA,https://www.miyagikai.gr.jp/kinenkan,museum|tourist_attraction|point_of_interest|establishment,False,below dynamic inclusion threshold,high,0,15,16,12,2,5,0,56.819,"score=56.8/110; visitor=0, google=6.8, official=15, scale=16, metro=12, opening=2, mapping=5, penalty=0",No reliable annual visitor count found; included as representative tourism proxy.,node,1420775065.0,museum,NA,NA,NA,NA,NA,24.2
P0557,Fishing Culture Museum,M11,YotsuyaSanchome,337.7,0.516238,35.690868,139.71952,tourism=museum,tourism=museum,6.786,3.8,51.0,OSM,Fishing Culture Museum,Marunouchi,http://tsurinews.co.jp/shiryokan,ChIJueBPY-6MGGAR0eNdwstn0pk,https://maps.google.com/?cid=11084035757749167057&g_mp=Cidnb29nbGUubWFwcy5wbGFjZXMudjEuUGxhY2VzLlNlYXJjaFRleHQQAhgEIAA,http://tsurinews.co.jp/shiryokan,museum|tourist_attraction|point_of_interest|establishment,False,below dynamic inclusion threshold,high,0,15,16,12,2,5,0,56.786,"score=56.8/110; visitor=0, google=6.8, official=15, scale=16, metro=12, opening=2, mapping=5, penalty=0",No reliable annual visitor count found; included as representative tourism proxy.,node,1420799355.0,museum,NA,NA,NA,Q104698254,NA,9.6
P0558,都市緑化植物園,T13,Kiba,436.2,0.516211,35.6732612,139.8075766,leisure=garden,leisure=garden,5.783,4.1,28.0,OSM,都市緑化植物園,Tozai,https://www.tokyo-park.or.jp/park/format/facilities020.html,ChIJP_oW6nWJGGARA_GkYUlRFw4,https://maps.google.com/?cid=1015369616607998211&g_mp=Cidnb29nbGUubWFwcy5wbGFjZXMudjEuUGxhY2VzLlNlYXJjaFRleHQQAhgEIAA,https://www.tokyo-park.or.jp/park/format/facilities020.html,garden|point_of_interest|establishment,False,below dynamic inclusion threshold,high,0,20,12,12,2,5,0,56.783,"score=56.8/110; visitor=0, google=5.8, official=20, scale=12, metro=12, opening=2, mapping=5, penalty=0",No reliable annual visitor count found; included as representative tourism proxy.,way,1418377588.0,NA,NA,garden,NA,NA,NA,1.4
P0559,箕輪,Z14,Oshiage,370.6,0.515934,35.705342,139.815162,tourism=attraction,tourism=attraction,6.753,4.8,50.0,OSM,箕輪,Hanzomon,https://yakinikuminowa.owst.jp/,ChIJldYeRpGPGGARBoQL-tJFmDs,https://maps.google.com/?cid=4294259017138275334&g_mp=Cidnb29nbGUubWFwcy5wbGFjZXMudjEuUGxhY2VzLlNlYXJjaFRleHQQAhgEIAA,https://yakinikuminowa.owst.jp/,yakiniku_restaurant|japanese_restaurant|restaurant|food|point_of_interest|establishment,False,below dynamic inclusion threshold,high,0,15,16,12,2,5,0,56.753,"score=56.8/110; visitor=0, google=6.8, official=15, scale=16, metro=12, opening=2, mapping=5, penalty=0",No reliable annual visitor count found; included as representative tourism proxy.,node,5603040004.0,attraction,NA,NA,NA,NA,NA,469.5
P0560,Tsukuda Machikado Museum,Y21,Tsukishima,396.1,0.515625,35.6678004,139.7822229,tourism=museum,tourism=museum,6.719,3.8,49.0,OSM,Tsukuda Machikado Museum,Yurakucho,http://chuoku-machikadotenjikan.jp/tenjikan/tsukuda/,ChIJq-qVkGWJGGARrK_GNSIDk_Q,https://maps.google.com/?cid=17623433212296867756&g_mp=Cidnb29nbGUubWFwcy5wbGFjZXMudjEuUGxhY2VzLlNlYXJjaFRleHQQAhgEIAA,http://chuoku-machikadotenjikan.jp/tenjikan/tsukuda/,museum|tourist_attraction|point_of_interest|establishment,False,below dynamic inclusion threshold,high,0,15,16,12,2,5,0,56.719,"score=56.7/110; visitor=0, google=6.7, official=15, scale=16, metro=12, opening=2, mapping=5, penalty=0",No reliable annual visitor count found; included as representative tourism proxy.,node,4609249704.0,museum,NA,NA,NA,Q109166065,NA,1.1
P0561,Sogetsu Art Museum,G04,AoyamaItchome,488.6,0.514988,35.674085,139.729314,tourism=museum,tourism=museum,6.649,4.3,47.0,OSM,草月美術館,Ginza,http://www.sogetsu.or.jp/,ChIJF9QcIoGMGGARuFvRFKoXzJI,https://maps.google.com/?cid=10577855644047596472&g_mp=Cidnb29nbGUubWFwcy5wbGFjZXMudjEuUGxhY2VzLlNlYXJjaFRleHQQAhgEIAA,http://www.sogetsu.or.jp/,association_or_organization|point_of_interest|establishment,False,below dynamic inclusion threshold,high,0,15,16,12,2,5,0,56.649,"score=56.6/110; visitor=0, google=6.6, official=15, scale=16, metro=12, opening=2, mapping=5, penalty=0",No reliable annual visitor count found; included as representative tourism proxy.,node,1420796583.0,museum,NA,NA,NA,NA,NA,11.9
P0562,Diet Front Garden,M14,KokkaiGijidomae,248.3,0.513477,35.6753971,139.7481601,leisure=garden,leisure=garden,7.483,4.0,77.0,OSM,Diet Front Garden,Marunouchi,https://www.shugiin.go.jp/internet/itdb_annai.nsf/html/statics/kensei/zentei.htm,ChIJhRouN4mLGGARIeM5EVn5-gY,https://maps.google.com/?cid=502988469341643553&g_mp=Cidnb29nbGUubWFwcy5wbGFjZXMudjEuUGxhY2VzLlNlYXJjaFRleHQQAhgEIAA,https://www.shugiin.go.jp/internet/itdb_annai.nsf/html/statics/kensei/zentei.htm,garden|point_of_interest|establishment,False,below dynamic inclusion threshold,high,0,15,12,15,2,5,0,56.483,"score=56.5/110; visitor=0, google=7.5, official=15, scale=12, metro=15, opening=2, mapping=5, penalty=0",No reliable annual visitor count found; included as representative tourism proxy.,way,140107417.0,NA,NA,garden,NA,Q17221580,ja:国会前庭,24.6
P0563,Otome Road,Y10,HigashiIkebukuro,531.4,0.512903,35.7307084,139.7183194,tourism=attraction,tourism=attraction,6.419,3.9,41.0,OSM,乙女ロード,Yurakucho,http://www.k-books.co.jp/shop/otome,ChIJAQAAAGeNGGARG6QC6JUjBgc,https://maps.google.com/?cid=506131134875345947&g_mp=Cidnb29nbGUubWFwcy5wbGFjZXMudjEuUGxhY2VzLlNlYXJjaFRleHQQAhgEIAA,http://www.k-books.co.jp/shop/otome,thrift_store|discount_store|store|service|point_of_interest|establishment,False,below dynamic inclusion threshold,high,0,15,16,12,2,5,0,56.419,"score=56.4/110; visitor=0, google=6.4, official=15, scale=16, metro=12, opening=2, mapping=5, penalty=0",No reliable annual visitor count found; included as representative tourism proxy.,node,6477665285.0,attraction,NA,NA,NA,NA,NA,38.3
P0564,Edogawa Rampo Memorial Center for Popular Culture Studies,F08,Kanamecho,423.1,0.511746,35.7319059,139.7028814,tourism=museum,tourism=museum,6.292,4.0,38.0,OSM,江戸川乱歩大衆文化研究センター,Fukutoshin,https://www.rikkyo.ac.jp/research/institute/rampo/,ChIJKaiDS1iNGGARF4kFCIPzUTM,https://maps.google.com/?cid=3698004513148733719&g_mp=Cidnb29nbGUubWFwcy5wbGFjZXMudjEuUGxhY2VzLlNlYXJjaFRleHQQAhgEIAA,http://www.rikkyo.ac.jp/aboutus/profile/facilities/edogawaranpo/,research_institute|tourist_attraction|historical_place|point_of_interest|establishment,False,below dynamic inclusion threshold,high,0,15,16,12,2,5,0,56.292,"score=56.3/110; visitor=0, google=6.3, official=15, scale=16, metro=12, opening=2, mapping=5, penalty=0",No reliable annual visitor count found; included as representative tourism proxy.,node,10099374041.0,museum,NA,NA,NA,NA,NA,11.8
P0565,Mitsubishi Economic Research Archives,C13,Yushima,479.5,0.510924,35.7096557,139.765997,tourism=museum,tourism=museum,6.202,3.8,36.0,OSM,Mitsubishi Economic Research Archives,Chiyoda,http://www.meri.or.jp/,ChIJ9f0cbySMGGARBZhNSsHXJp8,https://maps.google.com/?cid=11468090726320805893&g_mp=Cidnb29nbGUubWFwcy5wbGFjZXMudjEuUGxhY2VzLlNlYXJjaFRleHQQAhgEIAA,http://www.meri.or.jp/,museum|point_of_interest|establishment,False,below dynamic inclusion threshold,high,0,15,16,12,2,5,0,56.202,"score=56.2/110; visitor=0, google=6.2, official=15, scale=16, metro=12, opening=2, mapping=5, penalty=0",No reliable annual visitor count found; included as representative tourism proxy.,node,4071181079.0,museum,NA,NA,NA,Q11357080,ja:三菱史料館,0.7
P0566,Ōtaguro Park Memorial Hall,M01,Ogikubo,590.7,0.510496,35.7005489,139.6245414,tourism=attraction,tourism=attraction,6.155,4.1,35.0,OSM,Ōtaguro Park Memorial Hall,Marunouchi,https://www.city.suginami.tokyo.jp/shisetsu/kouen/02/ogikubo/1007133.html,ChIJN5ixhgnyGGARAEg9fIK0OVU,https://maps.google.com/?cid=6141138039419521024&g_mp=Cidnb29nbGUubWFwcy5wbGFjZXMudjEuUGxhY2VzLlNlYXJjaFRleHQQAhgEIAA,https://www.city.suginami.tokyo.jp/shisetsu/kouen/02/ogikubo/1007133.html,point_of_interest|establishment,False,below dynamic inclusion threshold,high,0,15,16,12,2,5,0,56.155,"score=56.2/110; visitor=0, google=6.2, official=15, scale=16, metro=12, opening=2, mapping=5, penalty=0",No reliable annual visitor count found; included as representative tourism proxy.,way,328597978.0,attraction,NA,NA,NA,NA,NA,4.1
P0567,WILDMAGIC The Rainbow Farm,Y22,Toyosu,762.7,0.509525,35.6505173,139.7897731,tourism=attraction,tourism=attraction,12.048,3.7,1112.0,OSM,WILDMAGIC The Rainbow Farm,Yurakucho,https://wildmagic.jp,ChIJTZgh6ZmJGGARLURBSjHu2Rk,https://maps.google.com/?cid=1862781816361010221&g_mp=Cidnb29nbGUubWFwcy5wbGFjZXMudjEuUGxhY2VzLlNlYXJjaFRleHQQAhgEIAA,http://wildmagic.jp/,barbecue_area|restaurant|food|point_of_interest|establishment,False,Google rating below threshold,medium,0,15,16,8,2,3,0,56.048,"score=56.0/110; visitor=0, google=12.0, official=15, scale=16, metro=8, opening=2, mapping=3, penalty=0",No reliable annual visitor count found; included as representative tourism proxy.,way,548936864.0,attraction,NA,NA,NA,NA,NA,49.7
P0568,Wadatsumi no Koe Museum,M21,HongoSanchome,510.4,0.508162,35.7112344,139.7590945,tourism=museum,tourism=museum,5.898,4.4,30.0,OSM,Wadatsumi no Koe Museum,Marunouchi,http://www.wadatsuminokoe.org,ChIJX-g5mDCMGGARtHCmaM-viMI,https://maps.google.com/?cid=14017647145539498164&g_mp=Cidnb29nbGUubWFwcy5wbGFjZXMudjEuUGxhY2VzLlNlYXJjaFRleHQQAhgEIAA,http://www.wadatsuminokoe.org/,museum|point_of_interest|establishment,False,below dynamic inclusion threshold,high,0,15,16,12,2,5,0,55.898,"score=55.9/110; visitor=0, google=5.9, official=15, scale=16, metro=12, opening=2, mapping=5, penalty=0",No reliable annual visitor count found; included as representative tourism proxy.,node,4071196400.0,museum,NA,NA,NA,NA,NA,14.6
P0569,Senshu Bunko,Z06,Kudanshita,486.3,0.50765,35.693263,139.74649,tourism=museum,tourism=museum,5.841,3.5,29.0,OSM,Senshu Bunko,Hanzomon,https://senshu-bunko.or.jp/index.html,ChIJk80baWmMGGARO_Z_Ol-4MMg,https://maps.google.com/?cid=14425232325610567227&g_mp=Cidnb29nbGUubWFwcy5wbGFjZXMudjEuUGxhY2VzLlNlYXJjaFRleHQQAhgEIAA,https://senshu-bunko.or.jp/index.html,museum|tourist_attraction|point_of_interest|establishment,False,Google rating below threshold,high,0,15,16,12,2,5,0,55.841,"score=55.8/110; visitor=0, google=5.8, official=15, scale=16, metro=12, opening=2, mapping=5, penalty=0",No reliable annual visitor count found; included as representative tourism proxy.,node,1420770260.0,museum,NA,NA,NA,Q11405795,ja:千秋文庫,63.0
P0570,日本浮世絵博物館 東京,G19,Asakusa,304.6,0.50765,35.7117112,139.7946169,tourism=museum,tourism=museum,5.841,3.8,29.0,OSM,日本浮世絵博物館 東京,Ginza,https://www.ukiyoegallery.net/,ChIJmWB_08aOGGARmitnGLMpNeI,https://maps.google.com/?cid=16299980275522677658&g_mp=Cidnb29nbGUubWFwcy5wbGFjZXMudjEuUGxhY2VzLlNlYXJjaFRleHQQAhgEIAA,https://www.ukiyoegallery.net/,art_gallery|point_of_interest|establishment,False,below dynamic inclusion threshold,high,0,15,16,12,2,5,0,55.841,"score=55.8/110; visitor=0, google=5.8, official=15, scale=16, metro=12, opening=2, mapping=5, penalty=0",No reliable annual visitor count found; included as representative tourism proxy.,node,10806528645.0,museum,NA,NA,NA,NA,NA,169.5
P0571,Place M - Red Photo Gallery,M10,ShinjukuGyoemmae,180.3,0.507628,35.6877509,139.7126698,tourism=attraction,tourism=attraction,7.839,4.3,95.0,OSM,Place M - Red Photo Gallery,Marunouchi,https://placem.com/,ChIJq6qL9OmMGGARnbwINiHDD_o,https://maps.google.com/?cid=18018835181540523165&g_mp=Cidnb29nbGUubWFwcy5wbGFjZXMudjEuUGxhY2VzLlNlYXJjaFRleHQQAhgEIAA,http://www.placem.com/,art_gallery|tourist_attraction|point_of_interest|establishment,False,below dynamic inclusion threshold,high,0,15,16,15,2,5,5,55.839,"score=55.8/110; visitor=0, google=7.8, official=15, scale=16, metro=15, opening=2, mapping=5, penalty=5",No reliable annual visitor count found; included as representative tourism proxy.,node,6632188885.0,attraction,NA,NA,NA,NA,NA,2.7
P0572,Kameido Umeyashiki,Z13,Kinshicho,1064.3,0.507265,35.7016038,139.8255702,tourism=attraction,tourism=attraction,11.799,3.5,962.0,OSM,亀戸梅屋敷,Hanzomon,https://kameido-umeyashiki.com,ChIJgfNEkc-IGGAR1hDv0Z-m8b0,https://maps.google.com/?cid=13686903947907764438&g_mp=Cidnb29nbGUubWFwcy5wbGFjZXMudjEuUGxhY2VzLlNlYXJjaFRleHQQAhgEIAA,https://kameido-umeyashiki.com/,tourist_attraction|point_of_interest|establishment,False,Google rating below threshold,medium,0,15,16,8,2,3,0,55.799,"score=55.8/110; visitor=0, google=11.8, official=15, scale=16, metro=8, opening=2, mapping=3, penalty=0",No reliable annual visitor count found; included as representative tourism proxy.,node,4879948722.0,attraction,tree,NA,NA,Q133809283,ja:亀戸梅屋敷,28.8
P0573,Saint gobain,Z05,Hanzomon,291.8,0.506947,35.6831197,139.7400542,tourism=viewpoint,tourism=viewpoint,2.764,3.0,4.0,OSM,Saint gobain,Hanzomon,http://www.saint-gobain.co.jp/,ChIJAQBAJw6MGGARf1AAY3sM6Wc,https://maps.google.com/?cid=7487529579561635967&g_mp=Cidnb29nbGUubWFwcy5wbGFjZXMudjEuUGxhY2VzLlNlYXJjaFRleHQQAhgEIAA,http://www.saint-gobain.co.jp/,corporate_office|point_of_interest|establishment,False,Google rating below threshold,high,0,15,16,15,2,5,0,55.764,"score=55.8/110; visitor=0, google=2.8, official=15, scale=16, metro=15, opening=2, mapping=5, penalty=0",No reliable annual visitor count found; included as representative tourism proxy.,node,5449713526.0,viewpoint,NA,NA,NA,NA,NA,25.1
P0574,おしなりくんの家,Z14,Oshiage,202.7,0.506947,35.7087521,139.8115173,tourism=attraction,tourism=attraction,2.764,4.3,4.0,OSM,おしなりくんの家,Hanzomon,http://oshinari.jp/,ChIJWzireNaOGGARAlea8aRGOQE,https://maps.google.com/?cid=88179341952440066&g_mp=Cidnb29nbGUubWFwcy5wbGFjZXMudjEuUGxhY2VzLlNlYXJjaFRleHQQAhgEIAA,http://oshinari.jp/,association_or_organization|point_of_interest|establishment,False,below dynamic inclusion threshold,high,0,15,16,15,2,5,0,55.764,"score=55.8/110; visitor=0, google=2.8, official=15, scale=16, metro=15, opening=2, mapping=5, penalty=0",No reliable annual visitor count found; included as representative tourism proxy.,way,319186112.0,attraction,NA,NA,NA,NA,NA,6.5
P0575,Kabukiza Gallery,H10,HigashiGinza,66.1,0.505728,35.669669,139.7679383,tourism=museum,tourism=museum,7.63,3.9,84.0,OSM,Kabukiza Gallery,Hibiya,https://www.shochiku.co.jp/play/theater/kabukiza/ginza-kabukiza/gallery/,ChIJv7Dpy-CLGGARH1EUcwwPtL4,https://maps.google.com/?cid=13741624909158961439&g_mp=Cidnb29nbGUubWFwcy5wbGFjZXMudjEuUGxhY2VzLlNlYXJjaFRleHQQAhgEIAA,https://www.shochiku.co.jp/play/theater/kabukiza/ginza-kabukiza/gallery/,tourist_attraction|art_gallery|live_music_venue|event_venue|museum|point_of_interest|establishment,False,below dynamic inclusion threshold,high,0,15,16,15,2,5,5,55.63,"score=55.6/110; visitor=0, google=7.6, official=15, scale=16, metro=15, opening=2, mapping=5, penalty=5",No reliable annual visitor count found; included as representative tourism proxy.,node,7638842706.0,museum,NA,NA,NA,NA,NA,10.8
P0576,Shitamachi museum annex [Yoshidaya],C14,Nezu,648.8,0.504803,35.7213055,139.7710053,tourism=museum,tourism=museum,5.528,4.0,24.0,OSM,Shitamachi museum annex [Yoshidaya],Chiyoda,https://www.taitogeibun.net/shitamachi/shitamachi_annex/,ChIJvViaSQCNGGARIrGalJ3hidM,https://maps.google.com/?cid=15242962480731435298&g_mp=Cidnb29nbGUubWFwcy5wbGFjZXMudjEuUGxhY2VzLlNlYXJjaFRleHQQAhgEIAA,https://www.taitogeibun.net/shitamachi/shitamachi_annex/,museum|point_of_interest|establishment,False,below dynamic inclusion threshold,high,0,15,16,12,2,5,0,55.528,"score=55.5/110; visitor=0, google=5.5, official=15, scale=16, metro=12, opening=2, mapping=5, penalty=0",No reliable annual visitor count found; included as representative tourism proxy.,way,914133670.0,museum,NA,NA,NA,Q59268117,NA,1240.7
P0577,Naruse Memorial Hall,F10,Zoshigaya,635.6,0.504166,35.716316,139.71988,tourism=museum,tourism=museum,5.458,3.9,23.0,OSM,Naruse Memorial Hall,Fukutoshin,https://www.jwu.ac.jp/unv/about/institutes/naruse_memorial/index.html,ChIJ7wLWuhGNGGARvkOtI3XYCy0,https://maps.google.com/?cid=3245925954071905214&g_mp=Cidnb29nbGUubWFwcy5wbGFjZXMudjEuUGxhY2VzLlNlYXJjaFRleHQQAhgEIAA,https://www.jwu.ac.jp/unv/about/institutes/naruse_memorial/index.html,history_museum|tourist_attraction|museum|point_of_interest|establishment,False,below dynamic inclusion threshold,high,0,15,16,12,2,5,0,55.458,"score=55.5/110; visitor=0, google=5.5, official=15, scale=16, metro=12, opening=2, mapping=5, penalty=0",No reliable annual visitor count found; included as representative tourism proxy.,node,1420781050.0,museum,NA,NA,NA,NA,NA,2.8
P0578,ブレーキ博物館,Z13,Kinshicho,620.5,0.454545,35.694138,139.809419,tourism=museum,tourism=museum,0.0,4.4,23.0,OSM,ブレーキ博物館,Hanzomon,https://sasga.co.jp/brake_museum/,ChIJwfH43iiJGGARoMFueXX7aIk,https://maps.google.com/?cid=9901440262741082528&g_mp=Cidnb29nbGUubWFwcy5wbGFjZXMudjEuUGxhY2VzLlNlYXJjaFRleHQQAhgEIAA,https://sasga.co.jp/brake_museum/,museum|tourist_attraction|point_of_interest|establishment,False,below dynamic inclusion threshold,high,0,15,16,12,2,5,0,50.0,"score=50.0/110; visitor=0, google=0.0, official=15, scale=16, metro=12, opening=2, mapping=5, penalty=0",No reliable annual visitor count found; included as representative tourism proxy. Google Places match is 3334m from original POI coordinate; popularity score set to 0 due to location mismatch.,node,1420765316.0,museum,NA,NA,NA,NA,NA,3333.8
P0579,Suga Shrine Onnazaka,M11,YotsuyaSanchome,430.9,0.502807,35.6853632,139.7229993,tourism=attraction,tourism=attraction,5.309,4.7,21.0,OSM,須賀神社 女坂,Marunouchi,https://sugajinjya.or.jp/,ChIJ3RyjCTWNGGARhQjiKnayhEA,https://maps.google.com/?cid=4649036935948535941&g_mp=Cidnb29nbGUubWFwcy5wbGFjZXMudjEuUGxhY2VzLlNlYXJjaFRleHQQAhgEIAA,https://sugajinjya.or.jp/,historical_landmark|historical_place|point_of_interest|establishment,False,below dynamic inclusion threshold,high,0,15,16,12,2,5,0,55.309,"score=55.3/110; visitor=0, google=5.3, official=15, scale=16, metro=12, opening=2, mapping=5, penalty=0",No reliable annual visitor count found; included as representative tourism proxy.,node,10768189905.0,attraction,NA,NA,NA,NA,NA,8.2
P0580,Shotaro Akiyama Photo Art Museum,G02,OmoteSando,498.6,0.500518,35.6633995,139.7176082,tourism=museum,tourism=museum,5.057,3.8,18.0,OSM,Shotaro Akiyama Photo Art Museum,Ginza,http://akiyama-shotaro.com/,ChIJ_7sGxGOLGGAR7PhH5QQ5nNw,https://maps.google.com/?cid=15896643477900359916&g_mp=Cidnb29nbGUubWFwcy5wbGFjZXMudjEuUGxhY2VzLlNlYXJjaFRleHQQAhgEIAA,http://akiyama-shotaro.com/,art_museum|tourist_attraction|museum|point_of_interest|establishment,False,below dynamic inclusion threshold,high,0,15,16,12,2,5,0,55.057,"score=55.1/110; visitor=0, google=5.1, official=15, scale=16, metro=12, opening=2, mapping=5, penalty=0",No reliable annual visitor count found; included as representative tourism proxy.,node,2999882990.0,museum,NA,NA,NA,NA,NA,1.4
P0581,Coaster Museum,T19,MinamiGyotoku,222.7,0.498971,35.6709288,139.9033564,tourism=museum,tourism=museum,1.887,5.0,2.0,OSM,Coaster Museum,Tozai,https://www.coastermuseum.com/,ChIJ001bNLOHGGARxSA127uzD7I,https://maps.google.com/?cid=12830671482819780805&g_mp=Cidnb29nbGUubWFwcy5wbGFjZXMudjEuUGxhY2VzLlNlYXJjaFRleHQQAhgEIAA,https://www.coastermuseum.com/,museum|point_of_interest|establishment,False,below dynamic inclusion threshold,high,0,15,16,15,2,5,0,54.887,"score=54.9/110; visitor=0, google=1.9, official=15, scale=16, metro=15, opening=2, mapping=5, penalty=0",No reliable annual visitor count found; included as representative tourism proxy.,node,9417687220.0,museum,NA,NA,NA,NA,NA,5.6
P0582,富士見台,M07,NishiShinjuku,660.9,0.496827,35.6888875,139.6902041,tourism=viewpoint,tourism=viewpoint,4.651,3.6,14.0,OSM,富士見台,Marunouchi,https://parks.prfj.or.jp/shinjuku/facilities/#facilities_7,ChIJMwbxXeXzGGARvR7cE6ZvJBA,https://maps.google.com/?cid=1163177362856877757&g_mp=Cidnb29nbGUubWFwcy5wbGFjZXMudjEuUGxhY2VzLlNlYXJjaFRleHQQAhgEIAA,https://parks.prfj.or.jp/shinjuku/facilities/#facilities_7,historical_landmark|historical_place|park|point_of_interest|establishment,False,Google rating below threshold,high,0,15,16,12,2,5,0,54.651,"score=54.7/110; visitor=0, google=4.7, official=15, scale=16, metro=12, opening=2, mapping=5, penalty=0",No reliable annual visitor count found; included as representative tourism proxy.,node,5580334182.0,viewpoint,NA,NA,NA,NA,NA,2.3
P0583,（株）秋華洞 Gallery Shukado,H09,Ginza,255.8,0.496806,35.6710329,139.7614285,tourism=museum,tourism=museum,6.649,4.2,47.0,OSM,（株）秋華洞 Gallery Shukado,Hibiya,https://www.syukado.jp/,ChIJ9Y2eOO-LGGARI5fhTJCRrkE,https://maps.google.com/?cid=4732880307364140835&g_mp=Cidnb29nbGUubWFwcy5wbGFjZXMudjEuUGxhY2VzLlNlYXJjaFRleHQQAhgEIAA,https://www.syukado.jp/,art_gallery|point_of_interest|establishment,False,below dynamic inclusion threshold,high,0,15,16,15,2,5,5,54.649,"score=54.6/110; visitor=0, google=6.6, official=15, scale=16, metro=15, opening=2, mapping=5, penalty=5",No reliable annual visitor count found; included as representative tourism proxy.,node,5161860624.0,museum,NA,NA,NA,NA,NA,7.2
P0584,Kanda-myōjin Museum,G14,Suehirocho,358.5,0.494593,35.7022569,139.7678448,tourism=museum,tourism=museum,4.405,3.9,12.0,OSM,Kanda-myōjin Museum,Ginza,https://www.kandamyoujin.or.jp/museum/,ChIJWUbaPwCNGGARErDIapZN4sY,https://maps.google.com/?cid=14331102272678309906&g_mp=Cidnb29nbGUubWFwcy5wbGFjZXMudjEuUGxhY2VzLlNlYXJjaFRleHQQAhgEIAA,https://www.kandamyoujin.or.jp/museum/,museum|point_of_interest|establishment,False,below dynamic inclusion threshold,high,0,15,16,12,2,5,0,54.405,"score=54.4/110; visitor=0, google=4.4, official=15, scale=16, metro=12, opening=2, mapping=5, penalty=0",No reliable annual visitor count found; included as representative tourism proxy.,way,91234941.0,museum,NA,NA,NA,NA,NA,3.8
P0585,Tsumami Kanzashi Museum,T03,Takadanobaba,430.6,0.494593,35.7102725,139.7020407,tourism=museum,tourism=museum,4.405,3.0,12.0,OSM,Tsumami Kanzashi Museum,Tozai,https://kanzashi.org,ChIJR-fIGjqNGGARhrSLY9q5yyM,https://maps.google.com/?cid=2579359559223850118&g_mp=Cidnb29nbGUubWFwcy5wbGFjZXMudjEuUGxhY2VzLlNlYXJjaFRleHQQAhgEIAA,https://kanzashi.org/,museum|point_of_interest|establishment,False,Google rating below threshold,high,0,15,16,12,2,5,0,54.405,"score=54.4/110; visitor=0, google=4.4, official=15, scale=16, metro=12, opening=2, mapping=5, penalty=0",No reliable annual visitor count found; included as representative tourism proxy.,node,6490388463.0,museum,NA,NA,NA,NA,NA,7.0
P0586,Waseda Sports Museum,T04,Waseda,474.0,0.494593,35.7061879,139.7169783,tourism=museum,tourism=museum,4.405,4.4,12.0,OSM,Waseda Sports Museum,Tozai,https://www.waseda.jp/culture/spomu/,ChIJQ3VKGVeNGGARHZi47VEoQPw,https://maps.google.com/?cid=18176572428413081629&g_mp=Cidnb29nbGUubWFwcy5wbGFjZXMudjEuUGxhY2VzLlNlYXJjaFRleHQQAhgEIAA,https://www.waseda.jp/culture/about/facilities/spomu/,museum|point_of_interest|establishment,False,below dynamic inclusion threshold,high,0,15,16,12,2,5,0,54.405,"score=54.4/110; visitor=0, google=4.4, official=15, scale=16, metro=12, opening=2, mapping=5, penalty=0",No reliable annual visitor count found; included as representative tourism proxy.,node,10933634354.0,museum,NA,NA,NA,NA,NA,39.2
P0587,QUARK MUSEUM,H17,NakaOkachimachi,136.7,0.492641,35.7076354,139.7752774,tourism=museum,tourism=museum,1.19,5.0,1.0,OSM,QUARK MUSEUM,Hibiya,https://www.quarkmuseum.com/,ChIJu5SOamOPGGARbmPeqh3xoCg,https://maps.google.com/?cid=2927604867513869166&g_mp=Cidnb29nbGUubWFwcy5wbGFjZXMudjEuUGxhY2VzLlNlYXJjaFRleHQQAhgEIAA,http://www.quarkmuseum.com/jp/,museum|point_of_interest|establishment,False,below dynamic inclusion threshold,high,0,15,16,15,2,5,0,54.19,"score=54.2/110; visitor=0, google=1.2, official=15, scale=16, metro=15, opening=2, mapping=5, penalty=0",No reliable annual visitor count found; included as representative tourism proxy.,node,13588730450.0,museum,NA,NA,NA,NA,NA,5.8
P0588,Children's Mineral Museum,F14,KitaSando,562.1,0.491985,35.6744925,139.7092578,tourism=museum,tourism=museum,4.118,3.6,10.0,OSM,Children's Mineral Museum,Fukutoshin,http://www.kodomokoubutsukan.com/,ChIJw3YVAb2MGGARAU_2AH6FeRY,https://maps.google.com/?cid=1619472317244919553&g_mp=Cidnb29nbGUubWFwcy5wbGFjZXMudjEuUGxhY2VzLlNlYXJjaFRleHQQAhgEIAA,http://www.kodomokoubutsukan.com/,tourist_attraction|museum|point_of_interest|establishment,False,Google rating below threshold,high,0,15,16,12,2,5,0,54.118,"score=54.1/110; visitor=0, google=4.1, official=15, scale=16, metro=12, opening=2, mapping=5, penalty=0",No reliable annual visitor count found; included as representative tourism proxy.,node,5158143489.0,museum,NA,NA,NA,NA,NA,5.4
P0589,Kamiike Garden,Y14,Ichigaya,475.6,0.489608,35.6942672,139.7417279,leisure=garden,leisure=garden,7.857,4.6,96.0,OSM,Kamiike Garden,Yurakucho,https://www.yasukuni.or.jp/mobile-guide//jp/keidai/mapnaien/28.html,ChIJib12cK6NGGARMCUFDP2ab_g,https://maps.google.com/?cid=17901697455440078128&g_mp=Cidnb29nbGUubWFwcy5wbGFjZXMudjEuUGxhY2VzLlNlYXJjaFRleHQQAhgEIAA,https://www.yasukuni.or.jp/mobile-guide//jp/keidai/mapnaien/28.html,garden|point_of_interest|establishment,False,below dynamic inclusion threshold,high,0,15,12,12,2,5,0,53.857,"score=53.9/110; visitor=0, google=7.9, official=15, scale=12, metro=12, opening=2, mapping=5, penalty=0",No reliable annual visitor count found; included as representative tourism proxy.,way,34906628.0,NA,NA,garden,NA,NA,NA,27.4
P0590,Barrels of French Bourgogne wine,C03,MeijiJingumae,542.9,0.454545,35.6736541,139.7017042,tourism=attraction,tourism=attraction,0.0,5.0,8.0,OSM,Barrels of French Bourgogne wine,Chiyoda,http://www.tonnellerie-rousseau.com/,ChIJaSUO0pKb8kcR0w8FRby9DGs,https://maps.google.com/?cid=7713748878088277971&g_mp=Cidnb29nbGUubWFwcy5wbGFjZXMudjEuUGxhY2VzLlNlYXJjaFRleHQQAhgEIAA,http://www.tonnellerie-rousseau.com/,manufacturer|point_of_interest|establishment,False,below dynamic inclusion threshold,high,0,15,16,12,2,5,0,50.0,"score=50.0/110; visitor=0, google=0.0, official=15, scale=16, metro=12, opening=2, mapping=5, penalty=0",No reliable annual visitor count found; included as representative tourism proxy. Google Places match is 9752381m from original POI coordinate; popularity score set to 0 due to location mismatch.,node,6618323185.0,attraction,NA,NA,NA,NA,NA,9752380.8
P0591,Lotus flower,G16,Ueno,377.9,0.454545,35.7131688,139.7717749,tourism=attraction,tourism=attraction,0.0,4.1,8.0,OSM,Lotus flower,Ginza,https://lotusutol.com/,ChIJ01HY8e_zGGARvN-keSvjhRc,https://maps.google.com/?cid=1695010610638806972&g_mp=Cidnb29nbGUubWFwcy5wbGFjZXMudjEuUGxhY2VzLlNlYXJjaFRleHQQAhgEIAA,https://lotusutol.com/,florist|store|point_of_interest|establishment,False,below dynamic inclusion threshold,high,0,15,16,12,2,5,0,50.0,"score=50.0/110; visitor=0, google=0.0, official=15, scale=16, metro=12, opening=2, mapping=5, penalty=0",No reliable annual visitor count found; included as representative tourism proxy. Google Places match is 13394m from original POI coordinate; popularity score set to 0 due to location mismatch.,node,4987634563.0,attraction,NA,NA,NA,NA,NA,13394.1
P0592,アークガーデン,N05,RoppongiItchome,194.5,0.486659,35.6660385,139.7406965,leisure=garden,leisure=garden,4.532,3.9,13.0,OSM,アークガーデン,Namboku,http://www.arkhills.com/facilities/green/,ChIJVVUlxpqLGGARl6D58ktPj5c,https://maps.google.com/?cid=10921034809014329495&g_mp=Cidnb29nbGUubWFwcy5wbGFjZXMudjEuUGxhY2VzLlNlYXJjaFRleHQQAhgEIAA,http://www.arkhills.com/facilities/green/,garden|point_of_interest|establishment,False,below dynamic inclusion threshold,high,0,15,12,15,2,5,0,53.532,"score=53.5/110; visitor=0, google=4.5, official=15, scale=12, metro=15, opening=2, mapping=5, penalty=0",No reliable annual visitor count found; included as representative tourism proxy.,way,1149331969.0,NA,NA,garden,NA,NA,NA,22.6
P0593,Diet Front Garden,Y17,Sakuradamon,380.2,0.486205,35.6778443,139.7477037,leisure=garden,leisure=garden,7.483,4.0,77.0,OSM,Diet Front Garden,Yurakucho,https://www.shugiin.go.jp/internet/itdb_annai.nsf/html/statics/kensei/zentei.htm,ChIJhRouN4mLGGARIeM5EVn5-gY,https://maps.google.com/?cid=502988469341643553&g_mp=Cidnb29nbGUubWFwcy5wbGFjZXMudjEuUGxhY2VzLlNlYXJjaFRleHQQAhgEIAA,https://www.shugiin.go.jp/internet/itdb_annai.nsf/html/statics/kensei/zentei.htm,garden|point_of_interest|establishment,False,below dynamic inclusion threshold,high,0,15,12,12,2,5,0,53.483,"score=53.5/110; visitor=0, google=7.5, official=15, scale=12, metro=12, opening=2, mapping=5, penalty=0",No reliable annual visitor count found; included as representative tourism proxy.,way,140109071.0,NA,NA,garden,NA,Q17221580,ja:国会前庭,269.6
P0594,Gaiemmae Sta.,F14,KitaSando,719.9,0.484283,35.6754032,139.7124667,tourism=viewpoint,tourism=viewpoint,9.271,3.7,220.0,OSM,Gaiemmae Sta.,Fukutoshin,http://www.tokyometro.jp/station/gaiemmae/,ChIJe9PgEpyMGGARbT5Ej0VIUzI,https://maps.google.com/?cid=3626321588556938861&g_mp=Cidnb29nbGUubWFwcy5wbGFjZXMudjEuUGxhY2VzLlNlYXJjaFRleHQQAhgEIAA,http://www.tokyometro.jp/station/gaiemmae/,subway_station|transit_station|transportation_service|point_of_interest|establishment,False,Google rating below threshold,medium,0,15,16,8,2,3,0,53.271,"score=53.3/110; visitor=0, google=9.3, official=15, scale=16, metro=8, opening=2, mapping=3, penalty=0",No reliable annual visitor count found; included as representative tourism proxy.,node,6091770887.0,viewpoint,NA,NA,NA,NA,NA,734.0
P0595,Iris field,Z11,KiyosumiShirakawa,373.9,0.418182,35.6792547,139.7976723,leisure=garden,leisure=garden,0.0,4.4,63.0,OSM,Iris field,Hanzomon,https://www.meijijingu.or.jp/guide/,ChIJqV5l7iiNGGARQdqaCQBJkT4,https://maps.google.com/?cid=4508464966484548161&g_mp=Cidnb29nbGUubWFwcy5wbGFjZXMudjEuUGxhY2VzLlNlYXJjaFRleHQQAhgEIAA,https://www.meijijingu.or.jp/guide/,garden|point_of_interest|establishment,False,below dynamic inclusion threshold,high,0,15,12,12,2,5,0,46.0,"score=46.0/110; visitor=0, google=0.0, official=15, scale=12, metro=12, opening=2, mapping=5, penalty=0",No reliable annual visitor count found; included as representative tourism proxy. Google Places match is 8951m from original POI coordinate; popularity score set to 0 due to location mismatch.,way,1243214076.0,NA,NA,garden,NA,NA,NA,8951.2
P0596,Iris field,Z11,KiyosumiShirakawa,397.5,0.418182,35.6791551,139.7973799,leisure=garden,leisure=garden,0.0,4.4,63.0,OSM,Iris field,Hanzomon,https://www.meijijingu.or.jp/guide/,ChIJqV5l7iiNGGARQdqaCQBJkT4,https://maps.google.com/?cid=4508464966484548161&g_mp=Cidnb29nbGUubWFwcy5wbGFjZXMudjEuUGxhY2VzLlNlYXJjaFRleHQQAhgEIAA,https://www.meijijingu.or.jp/guide/,garden|point_of_interest|establishment,False,below dynamic inclusion threshold,high,0,15,12,12,2,5,0,46.0,"score=46.0/110; visitor=0, google=0.0, official=15, scale=12, metro=12, opening=2, mapping=5, penalty=0",No reliable annual visitor count found; included as representative tourism proxy. Google Places match is 8924m from original POI coordinate; popularity score set to 0 due to location mismatch.,way,1243214075.0,NA,NA,garden,NA,NA,NA,8924.1
P0597,Amazake Yokocho,H14,Ningyocho,270.8,0.481818,35.6838236,139.7823296,tourism=attraction,tourism=attraction,0.0,NA,NA,OSM,Amazake Yokocho,Hibiya,http://amazakeyokocho.jp/,ChIJB2YKCwCJGGARJfQFVW7ahV4,https://maps.google.com/?cid=6811090178875454501&g_mp=Cidnb29nbGUubWFwcy5wbGFjZXMudjEuUGxhY2VzLlNlYXJjaFRleHQQAhgEIAA,http://amazakeyokocho.jp/,point_of_interest|establishment,False,below dynamic inclusion threshold,high,0,15,16,15,2,5,0,53.0,"score=53.0/110; visitor=0, google=0.0, official=15, scale=16, metro=15, opening=2, mapping=5, penalty=0",No reliable annual visitor count found; included as representative tourism proxy.,node,5981208786.0,attraction,NA,NA,NA,NA,NA,208.3
P0598,The Edible Park OTEMACHI by grow,M18,Otemachi,86.3,0.477922,35.6861848,139.7657653,leisure=garden,leisure=garden,3.571,4.0,7.0,OSM,The Edible Park OTEMACHI by grow,Marunouchi,https://theediblepark.plantio.com/,ChIJPzI8NxWNGGARIy4qc6KaLVI,https://maps.google.com/?cid=5921559107569593891&g_mp=Cidnb29nbGUubWFwcy5wbGFjZXMudjEuUGxhY2VzLlNlYXJjaFRleHQQAhgEIAA,https://theediblepark.plantio.com/,garden|farm|event_venue|wholesaler|service|point_of_interest|establishment,False,below dynamic inclusion threshold,high,0,15,12,15,2,5,0,52.571,"score=52.6/110; visitor=0, google=3.6, official=15, scale=12, metro=15, opening=2, mapping=5, penalty=0",No reliable annual visitor count found; included as representative tourism proxy.,node,12995250401.0,NA,NA,garden,NA,NA,NA,11.2
P0599,ギャザリアビオガーデン フジクラ 木場千年の森,T13,Kiba,480.9,0.477266,35.6672743,139.8024483,leisure=garden,leisure=garden,6.499,4.1,43.0,OSM,ギャザリアビオガーデン フジクラ 木場千年の森,Tozai,https://www.fujikura.co.jp/company/social-contribution/millennium-forest/,ChIJq6pnlgiJGGAR0ZE1J5qMmrM,https://maps.google.com/?cid=12941811072913215953&g_mp=Cidnb29nbGUubWFwcy5wbGFjZXMudjEuUGxhY2VzLlNlYXJjaFRleHQQAhgEIAA,https://www.fujikura.co.jp/company/social-contribution/millennium-forest/,tourist_attraction|park|point_of_interest|establishment,False,below dynamic inclusion threshold,high,0,15,12,12,2,5,0,52.499,"score=52.5/110; visitor=0, google=6.5, official=15, scale=12, metro=12, opening=2, mapping=5, penalty=0",No reliable annual visitor count found; included as representative tourism proxy.,way,659008831.0,NA,NA,garden,NA,NA,NA,5.5
P0600,Museum of Byōbu,Z14,Oshiage,587.3,0.47619,35.7104473,139.8077044,tourism=museum,tourism=museum,2.381,4.0,3.0,OSM,屏風博物館,Hanzomon,https://www.byoubu.co.jp/,ChIJx6rY1LaPGGARuIjpjvggmZ0,https://maps.google.com/?cid=11356144187313064120&g_mp=Cidnb29nbGUubWFwcy5wbGFjZXMudjEuUGxhY2VzLlNlYXJjaFRleHQQAhgEIAA,https://www.byoubu.co.jp/,museum|point_of_interest|establishment,False,below dynamic inclusion threshold,high,0,15,16,12,2,5,0,52.381,"score=52.4/110; visitor=0, google=2.4, official=15, scale=16, metro=12, opening=2, mapping=5, penalty=0",No reliable annual visitor count found; included as representative tourism proxy.,node,7656892588.0,museum,NA,NA,NA,NA,NA,3.4
P0601,箱根マイセンアンティーク美術館東京,N02,Shirokanedai,1097.5,0.4,35.6286368,139.7304649,tourism=museum,tourism=museum,0.0,3.4,118.0,OSM,箱根マイセンアンティーク美術館東京,Namboku,https://www.meissen.co.jp/,ChIJAQAQcf-hGWARM9Y-b5qxz-M,https://maps.google.com/?cid=16415534443638216243&g_mp=Cidnb29nbGUubWFwcy5wbGFjZXMudjEuUGxhY2VzLlNlYXJjaFRleHQQAhgEIAA,https://www.meissen.co.jp/,art_museum|museum|point_of_interest|establishment,False,Google rating below threshold,medium,0,15,16,8,2,3,0,44.0,"score=44.0/110; visitor=0, google=0.0, official=15, scale=16, metro=8, opening=2, mapping=3, penalty=0",No reliable annual visitor count found; included as representative tourism proxy. Google Places match is 75137m from original POI coordinate; popularity score set to 0 due to location mismatch.,way,215976914.0,museum,NA,NA,NA,NA,NA,75137.0
P0602,Otemachi One Garden,Z08,Otemachi,303.3,0.474133,35.687836,139.7618271,leisure=garden,leisure=garden,6.155,4.3,35.0,OSM,Otemachi One Garden,Hanzomon,https://otemachi-one.com/otemachi-one-garden/,ChIJ22o0F8WNGGAR6zvxKwUDqZ0,https://maps.google.com/?cid=11360614855765736427&g_mp=Cidnb29nbGUubWFwcy5wbGFjZXMudjEuUGxhY2VzLlNlYXJjaFRleHQQAhgEIAA,https://otemachi-one.com/otemachi-one-garden/,garden|point_of_interest|establishment,False,below dynamic inclusion threshold,high,0,15,12,12,2,5,0,52.155,"score=52.2/110; visitor=0, google=6.2, official=15, scale=12, metro=12, opening=2, mapping=5, penalty=0",No reliable annual visitor count found; included as representative tourism proxy.,way,1189285469.0,NA,NA,garden,NA,NA,NA,25.4
P0603,Ibasen Ukiyo-e Museum,G12,Mitsukoshimae,335.7,0.471698,35.6874311,139.7772859,tourism=museum,tourism=museum,1.887,4.5,2.0,OSM,Ibasen Ukiyo-e Museum,Ginza,https://www.ibasen.co.jp/pages/gallery?srsltid=AfmBOopArPtt1GZooERHW4VAO_xd2BbH4z8zsMZr_N0T6ICtEjm-WoCi,ChIJZ1c-bQCJGGARrHCXoAwJ2JY,https://maps.google.com/?cid=10869447650497228972&g_mp=Cidnb29nbGUubWFwcy5wbGFjZXMudjEuUGxhY2VzLlNlYXJjaFRleHQQAhgEIAA,https://www.ibasen.co.jp/pages/gallery?srsltid=AfmBOopArPtt1GZooERHW4VAO_xd2BbH4z8zsMZr_N0T6ICtEjm-WoCi,art_museum|museum|point_of_interest|establishment,False,below dynamic inclusion threshold,high,0,15,16,12,2,5,0,51.887,"score=51.9/110; visitor=0, google=1.9, official=15, scale=16, metro=12, opening=2, mapping=5, penalty=0",No reliable annual visitor count found; included as representative tourism proxy.,node,12308555809.0,museum,NA,NA,NA,NA,NA,4.4
P0604,Museum of Contemporary Sculpture,H01,NakaMeguro,988.3,0.471265,35.635908,139.703051,tourism=museum,tourism=museum,7.839,4.3,95.0,OSM,Museum of Contemporary Sculpture,Hibiya,http://www.museum-of-sculpture.org/,ChIJQeBS4CuLGGAR1ltVXW0yok0,https://maps.google.com/?cid=5594089132446276566&g_mp=Cidnb29nbGUubWFwcy5wbGFjZXMudjEuUGxhY2VzLlNlYXJjaFRleHQQAhgEIAA,http://www.museum-of-sculpture.org/,art_museum|tourist_attraction|museum|point_of_interest|establishment,False,below dynamic inclusion threshold,medium,0,15,16,8,2,3,0,51.839,"score=51.8/110; visitor=0, google=7.8, official=15, scale=16, metro=8, opening=2, mapping=3, penalty=0",No reliable annual visitor count found; included as representative tourism proxy.,node,1420799454.0,museum,NA,NA,NA,NA,NA,6.4
P0605,Museum of modern sculpture,H01,NakaMeguro,985.1,0.471265,35.635951,139.7030864,tourism=museum,tourism=museum,7.839,4.3,95.0,OSM,Museum of modern sculpture,Hibiya,http://www.museum-of-sculpture.org/,ChIJQeBS4CuLGGAR1ltVXW0yok0,https://maps.google.com/?cid=5594089132446276566&g_mp=Cidnb29nbGUubWFwcy5wbGFjZXMudjEuUGxhY2VzLlNlYXJjaFRleHQQAhgEIAA,http://www.museum-of-sculpture.org/,tourist_attraction|art_museum|museum|point_of_interest|establishment,False,below dynamic inclusion threshold,medium,0,15,16,8,2,3,0,51.839,"score=51.8/110; visitor=0, google=7.8, official=15, scale=16, metro=8, opening=2, mapping=3, penalty=0",No reliable annual visitor count found; included as representative tourism proxy.,way,692432465.0,museum,NA,NA,NA,NA,NA,0.8
P0606,Nichido Art Gallery,H09,Ginza,94.3,0.470083,35.672009,139.7629632,tourism=gallery,tourism=gallery,7.709,4.0,88.0,OSM,日動画廊,Hibiya,http://www.nichido-garo.co.jp/,ChIJ-btr9OWLGGARKG-kopCKB9o,https://maps.google.com/?cid=15710678178913873704&g_mp=Cidnb29nbGUubWFwcy5wbGFjZXMudjEuUGxhY2VzLlNlYXJjaFRleHQQAhgEIAA,http://www.nichido-garo.co.jp/,art_gallery|art_museum|museum|point_of_interest|establishment,False,below dynamic inclusion threshold,high,0,15,12,15,2,5,5,51.709,"score=51.7/110; visitor=0, google=7.7, official=15, scale=12, metro=15, opening=2, mapping=5, penalty=5",No reliable annual visitor count found; included as representative tourism proxy.,node,2018990111.0,gallery,NA,NA,NA,NA,NA,13.0
P0607,Daimyo Clock Museum,C14,Nezu,442.5,0.469953,35.721289,139.766182,tourism=museum,tourism=museum,8.695,3.5,157.0,OSM,Daimyo Clock Museum,Chiyoda,NA,ChIJSUsS7CyMGGARc6JcAnpvjjU,https://maps.google.com/?cid=3859144500519412339&g_mp=Cidnb29nbGUubWFwcy5wbGFjZXMudjEuUGxhY2VzLlNlYXJjaFRleHQQAhgEIAA,NA,tourist_attraction|museum|point_of_interest|establishment,False,Google rating below threshold,high,0,8,16,12,2,5,0,51.695,"score=51.7/110; visitor=0, google=8.7, official=8, scale=16, metro=12, opening=2, mapping=5, penalty=0",No reliable annual visitor count found; included as representative tourism proxy.,node,1420772944.0,museum,NA,NA,NA,Q10856362,ja:大名時計博物館,6.6
P0608,Tenri Gallery,M19,Awajicho,440.0,0.467072,35.691776,139.764418,tourism=museum,tourism=museum,6.378,4.2,40.0,OSM,Tenri Gallery,Marunouchi,http://tokyotenrikyokan.co.jp/gallery/,ChIJad0-pAWMGGAR4kb5XI3emZI,https://maps.google.com/?cid=10563719099705804514&g_mp=Cidnb29nbGUubWFwcy5wbGFjZXMudjEuUGxhY2VzLlNlYXJjaFRleHQQAhgEIAA,http://tokyotenrikyokan.co.jp/gallery/,art_gallery|art_museum|museum|point_of_interest|establishment,False,below dynamic inclusion threshold,high,0,15,16,12,2,5,5,51.378,"score=51.4/110; visitor=0, google=6.4, official=15, scale=16, metro=12, opening=2, mapping=5, penalty=5",No reliable annual visitor count found; included as representative tourism proxy.,node,1420774624.0,museum,NA,NA,NA,NA,NA,8.8
P0609,Water wheel,T04,Waseda,767.7,0.4,35.712151,139.7251534,tourism=attraction,tourism=attraction,0.0,4.0,71.0,OSM,Water wheel,Tozai,http://www.city.chofu.tokyo.jp/www/contents/1176118977628/,ChIJ_yYOVx_wGGARh4F5Wh8Ypds,https://maps.google.com/?cid=15827082988404441479&g_mp=Cidnb29nbGUubWFwcy5wbGFjZXMudjEuUGxhY2VzLlNlYXJjaFRleHQQAhgEIAA,http://www.city.chofu.tokyo.jp/www/contents/1176118977628/,tourist_attraction|museum|point_of_interest|establishment,False,below dynamic inclusion threshold,medium,0,15,16,8,2,3,0,44.0,"score=44.0/110; visitor=0, google=0.0, official=15, scale=16, metro=8, opening=2, mapping=3, penalty=0",No reliable annual visitor count found; included as representative tourism proxy. Google Places match is 16737m from original POI coordinate; popularity score set to 0 due to location mismatch.,node,1626467154.0,attraction,NA,NA,NA,NA,NA,16737.2
P0610,コーブガーデン,H21,MinamiSenju,937.3,0.465764,35.7329267,139.8091359,leisure=garden,leisure=garden,11.234,3.5,692.0,OSM,コーブガーデン,Hibiya,https://www.e-bivi.com/minamisenju/,ChIJMamNUfaOGGARzG5oUUNQBZI,https://maps.google.com/?cid=10521904354479861452&g_mp=Cidnb29nbGUubWFwcy5wbGFjZXMudjEuUGxhY2VzLlNlYXJjaFRleHQQAhgEIAA,https://www.e-bivi.com/minamisenju/,shopping_mall|point_of_interest|establishment,False,Google rating below threshold,medium,0,15,12,8,2,3,0,51.234,"score=51.2/110; visitor=0, google=11.2, official=15, scale=12, metro=8, opening=2, mapping=3, penalty=0",No reliable annual visitor count found; included as representative tourism proxy.,way,1060233773.0,NA,NA,garden,NA,NA,NA,799.4
P0611,Red Gate,M21,HongoSanchome,431.7,0.465368,35.710605,139.7603538,tourism=attraction,tourism=attraction,1.19,5.0,1.0,OSM,赤門,Marunouchi,https://www.redgatepark.com/,ChIJVVUJfDqMGGARNhbOrT6GXK0,https://maps.google.com/?cid=12492007070180972086&g_mp=Cidnb29nbGUubWFwcy5wbGFjZXMudjEuUGxhY2VzLlNlYXJjaFRleHQQAhgEIAA,https://www.redgatepark.com/,educational_institution|point_of_interest|establishment,False,below dynamic inclusion threshold,high,0,15,16,12,2,5,0,51.19,"score=51.2/110; visitor=0, google=1.2, official=15, scale=16, metro=12, opening=2, mapping=5, penalty=0",No reliable annual visitor count found; included as representative tourism proxy.,way,240891310.0,attraction,heritage,NA,NA,Q48807898,ja:御守殿,51.3
P0612,Gallery Shin,G17,Inaricho,401.4,0.409091,35.7142739,139.7848829,tourism=museum,tourism=museum,0.0,4.9,34.0,OSM,Gallery Shin,Ginza,http://www.shin-gallery.com/,ChIJF3GOaIdZwokRz-8kuRdxaOY,https://maps.google.com/?cid=16602644373005725647&g_mp=Cidnb29nbGUubWFwcy5wbGFjZXMudjEuUGxhY2VzLlNlYXJjaFRleHQQAhgEIAA,http://www.shin-gallery.com/,art_gallery|point_of_interest|establishment,False,below dynamic inclusion threshold,high,0,15,16,12,2,5,5,45.0,"score=45.0/110; visitor=0, google=0.0, official=15, scale=16, metro=12, opening=2, mapping=5, penalty=5",No reliable annual visitor count found; included as representative tourism proxy. Google Places match is 10842884m from original POI coordinate; popularity score set to 0 due to location mismatch.,node,6261728292.0,museum,NA,NA,NA,NA,NA,10842883.9
P0613,Memorial Peace Flame,H05,Kamiyacho,920.4,0.464438,35.655255,139.7493634,tourism=attraction,tourism=attraction,7.088,4.1,61.0,OSM,Memorial Peace Flame,Hibiya,https://www.city.minato.tokyo.jp/jinken/kurashi/hewa/torikumi/hewanohi.html,ChIJp5utI7mLGGARPgHUaydp1xE,https://maps.google.com/?cid=1285611836671263038&g_mp=Cidnb29nbGUubWFwcy5wbGFjZXMudjEuUGxhY2VzLlNlYXJjaFRleHQQAhgEIAA,https://www.city.minato.tokyo.jp/jinken/kurashi/hewa/torikumi/hewanohi.html,park|point_of_interest|establishment,False,below dynamic inclusion threshold,medium,0,15,16,8,2,3,0,51.088,"score=51.1/110; visitor=0, google=7.1, official=15, scale=16, metro=8, opening=2, mapping=3, penalty=0",No reliable annual visitor count found; included as representative tourism proxy.,node,6127218504.0,attraction,NA,NA,NA,NA,NA,17.4
P0614,ギャラリー絵夢,N14,Komagome,87.4,0.4,35.7362403,139.7460289,tourism=gallery,tourism=gallery,0.0,4.1,59.0,OSM,ギャラリー絵夢,Namboku,https://www.moliere.co.jp/galerie/,ChIJA76r_dqMGGAR0uYSnUnk9Lk,https://maps.google.com/?cid=13399585796153075410&g_mp=Cidnb29nbGUubWFwcy5wbGFjZXMudjEuUGxhY2VzLlNlYXJjaFRleHQQAhgEIAA,https://www.moliere.co.jp/galerie/,art_gallery|point_of_interest|establishment,False,below dynamic inclusion threshold,high,0,15,12,15,2,5,5,44.0,"score=44.0/110; visitor=0, google=0.0, official=15, scale=12, metro=15, opening=2, mapping=5, penalty=5",No reliable annual visitor count found; included as representative tourism proxy. Google Places match is 6366m from original POI coordinate; popularity score set to 0 due to location mismatch.,node,12397066730.0,gallery,NA,NA,NA,NA,NA,6366.4
P0615,みうらじろうギャラリー,H15,Kodemmacho,140.6,0.463397,35.6894239,139.7778038,tourism=gallery,tourism=gallery,6.974,4.4,57.0,OSM,みうらじろうギャラリー,Hibiya,http://jiromiuragallery.com/access.html,ChIJ__-LnlSJGGARUwtVuM2isIA,https://maps.google.com/?cid=9273090637200427859&g_mp=Cidnb29nbGUubWFwcy5wbGFjZXMudjEuUGxhY2VzLlNlYXJjaFRleHQQAhgEIAA,http://jiromiuragallery.com/access.html,art_gallery|museum|point_of_interest|establishment,False,below dynamic inclusion threshold,high,0,15,12,15,2,5,5,50.974,"score=51.0/110; visitor=0, google=7.0, official=15, scale=12, metro=15, opening=2, mapping=5, penalty=5",No reliable annual visitor count found; included as representative tourism proxy.,node,3677243162.0,gallery,NA,NA,NA,NA,NA,13.5
P0616,Gallery 5610,G02,OmoteSando,195.1,0.463126,35.6632983,139.712233,tourism=gallery,tourism=gallery,6.944,4.1,56.0,OSM,Gallery 5610,Ginza,https://www.deska.jp/,ChIJsbyhEmCLGGARW-XmKj05pos,https://maps.google.com/?cid=10062793352281515355&g_mp=Cidnb29nbGUubWFwcy5wbGFjZXMudjEuUGxhY2VzLlNlYXJjaFRleHQQAhgEIAA,https://www.deska.jp/,art_gallery|point_of_interest|establishment,False,below dynamic inclusion threshold,high,0,15,12,15,2,5,5,50.944,"score=50.9/110; visitor=0, google=6.9, official=15, scale=12, metro=15, opening=2, mapping=5, penalty=5",No reliable annual visitor count found; included as representative tourism proxy.,node,7222544714.0,gallery,NA,NA,NA,NA,NA,2.1
P0617,Japan Stationary Museum,H15,Kodemmacho,1151.5,0.462281,35.6967717,139.788832,tourism=museum,tourism=museum,6.851,4.2,53.0,OSM,Japan Stationary Museum,Hibiya,https://www.nihonbungu.or.jp/shiryokan/,ChIJc5-cmrSOGGARGLJX_xNsohc,https://maps.google.com/?cid=1703042442243584536&g_mp=Cidnb29nbGUubWFwcy5wbGFjZXMudjEuUGxhY2VzLlNlYXJjaFRleHQQAhgEIAA,https://www.nihonbungu.or.jp/shiryokan/,museum|tourist_attraction|point_of_interest|establishment,False,below dynamic inclusion threshold,medium,0,15,16,8,2,3,0,50.851,"score=50.9/110; visitor=0, google=6.9, official=15, scale=16, metro=8, opening=2, mapping=3, penalty=0",No reliable annual visitor count found; included as representative tourism proxy.,node,6650881085.0,museum,NA,NA,NA,NA,NA,0.6
P0618,Peony Garden,G16,Ueno,500.8,0.418182,35.7151503,139.77187,leisure=garden,leisure=garden,0.0,4.1,15.0,OSM,ぼたん苑,Ginza,https://www.uenotoshogu.com/botan/,ChIJLZ9HYA2JGGAR2p8xyKNXyos,https://maps.google.com/?cid=10072959877517516762&g_mp=Cidnb29nbGUubWFwcy5wbGFjZXMudjEuUGxhY2VzLlNlYXJjaFRleHQQAhgEIAA,NA,garden|botanical_garden|point_of_interest|establishment,False,below dynamic inclusion threshold,high,0,15,12,12,2,5,0,46.0,"score=46.0/110; visitor=0, google=0.0, official=15, scale=12, metro=12, opening=2, mapping=5, penalty=0",No reliable annual visitor count found; included as representative tourism proxy. Google Places match is 5426m from original POI coordinate; popularity score set to 0 due to location mismatch.,way,553277397.0,NA,NA,garden,NA,NA,NA,5426.5
P0619,Gallery Hinoki,Z07,Jimbocho,210.6,0.4,35.6952821,139.7597075,tourism=gallery,tourism=gallery,0.0,4.0,50.0,OSM,Gallery Hinoki,Hanzomon,http://hinoki.main.jp/,ChIJsxYsMeKLGGARVc3doXDFQHE,https://maps.google.com/?cid=8160739612338015573&g_mp=Cidnb29nbGUubWFwcy5wbGFjZXMudjEuUGxhY2VzLlNlYXJjaFRleHQQAhgEIAA,http://hinoki.main.jp/,art_gallery|point_of_interest|establishment,False,below dynamic inclusion threshold,high,0,15,12,15,2,5,5,44.0,"score=44.0/110; visitor=0, google=0.0, official=15, scale=12, metro=15, opening=2, mapping=5, penalty=5",No reliable annual visitor count found; included as representative tourism proxy. Google Places match is 2478m from original POI coordinate; popularity score set to 0 due to location mismatch.,node,5445799065.0,gallery,NA,NA,NA,NA,NA,2477.6
P0620,Gallery Tsubaki,G10,Kyobashi,192.4,0.460764,35.6754985,139.7685824,tourism=gallery,tourism=gallery,6.684,4.2,48.0,OSM,Gallery Tsubaki,Ginza,http://www.gallery-tsubaki.net/,ChIJ6bEqduOLGGARc66jn9TdwZE,https://maps.google.com/?cid=10502919711285816947&g_mp=Cidnb29nbGUubWFwcy5wbGFjZXMudjEuUGxhY2VzLlNlYXJjaFRleHQQAhgEIAA,http://www.gallery-tsubaki.net/,art_gallery|point_of_interest|establishment,False,below dynamic inclusion threshold,high,0,15,12,15,2,5,5,50.684,"score=50.7/110; visitor=0, google=6.7, official=15, scale=12, metro=15, opening=2, mapping=5, penalty=5",No reliable annual visitor count found; included as representative tourism proxy.,node,4041178521.0,gallery,NA,NA,NA,NA,NA,8.3
P0621,Akio Nagasawa Gallery,H10,HigashiGinza,174.6,0.459778,35.6706253,139.7670475,tourism=gallery,tourism=gallery,6.576,4.2,45.0,OSM,Akio Nagasawa Gallery,Hibiya,http://www.akionagasawa.com/,ChIJq6oe2uaLGGARip9XXE8t-GA,https://maps.google.com/?cid=6987384640740237194&g_mp=Cidnb29nbGUubWFwcy5wbGFjZXMudjEuUGxhY2VzLlNlYXJjaFRleHQQAhgEIAA,http://www.akionagasawa.com/,art_gallery|book_store|store|point_of_interest|establishment,False,below dynamic inclusion threshold,high,0,15,12,15,2,5,5,50.576,"score=50.6/110; visitor=0, google=6.6, official=15, scale=12, metro=15, opening=2, mapping=5, penalty=5",No reliable annual visitor count found; included as representative tourism proxy.,node,4450085691.0,gallery,NA,NA,NA,NA,NA,1.3
P0622,食とくらしの小さな博物館,N02,Shirokanedai,833.5,0.459084,35.6329122,139.7328839,tourism=museum,tourism=museum,6.499,4.2,43.0,OSM,食とくらしの小さな博物館,Namboku,https://www.ajinomoto.co.jp/kfb/museum/,ChIJWz8dAA2LGGARNrkOFeB6Ego,https://maps.google.com/?cid=725777592804620598&g_mp=Cidnb29nbGUubWFwcy5wbGFjZXMudjEuUGxhY2VzLlNlYXJjaFRleHQQAhgEIAA,https://www.ajinomoto.co.jp/kfb/museum/,museum|point_of_interest|establishment,False,below dynamic inclusion threshold,medium,0,15,16,8,2,3,0,50.499,"score=50.5/110; visitor=0, google=6.5, official=15, scale=16, metro=8, opening=2, mapping=3, penalty=0",No reliable annual visitor count found; included as representative tourism proxy.,node,10875818018.0,museum,NA,NA,NA,NA,NA,27.8
P0623,Hanawa Hokiichi Historical Museum,H02,Ebisu,849.6,0.458725,35.6543464,139.7114523,tourism=museum,tourism=museum,6.46,4.5,42.0,OSM,Hanawa Hokiichi Historical Museum,Hibiya,http://onkogakkai.com/,ChIJ10vxqEKLGGARfavMy89q0Gc,https://maps.google.com/?cid=7480596421772356477&g_mp=Cidnb29nbGUubWFwcy5wbGFjZXMudjEuUGxhY2VzLlNlYXJjaFRleHQQAhgEIAA,http://onkogakkai.com/,history_museum|museum|point_of_interest|establishment,False,below dynamic inclusion threshold,medium,0,15,16,8,2,3,0,50.46,"score=50.5/110; visitor=0, google=6.5, official=15, scale=16, metro=8, opening=2, mapping=3, penalty=0",No reliable annual visitor count found; included as representative tourism proxy.,way,373203537.0,museum,NA,NA,NA,Q21018910,ja:温故学会会館,2.2
P0624,White Gallery Tokyo,Y19,GinzaItchome,272.5,0.4,35.6735542,139.7695593,tourism=gallery,tourism=gallery,0.0,4.2,41.0,OSM,ホワイトギャラリー東京,Yurakucho,http://www.white-gallery.tokyo/,ChIJU_bUWlmNGGARq3dTZ_sFJKA,https://maps.google.com/?cid=11539354722558506923&g_mp=Cidnb29nbGUubWFwcy5wbGFjZXMudjEuUGxhY2VzLlNlYXJjaFRleHQQAhgEIAA,http://www.white-gallery.tokyo/,art_gallery|point_of_interest|establishment,False,below dynamic inclusion threshold,high,0,15,12,15,2,5,5,44.0,"score=44.0/110; visitor=0, google=0.0, official=15, scale=12, metro=15, opening=2, mapping=5, penalty=5",No reliable annual visitor count found; included as representative tourism proxy. Google Places match is 5636m from original POI coordinate; popularity score set to 0 due to location mismatch.,node,11234854575.0,gallery,NA,NA,NA,NA,NA,5635.8
P0625,Chibata Etsuko Gallery,Y19,GinzaItchome,83.4,0.457596,35.6750596,139.7674255,tourism=gallery,tourism=gallery,6.336,4.3,39.0,OSM,柴田悦子画廊,Yurakucho,http://shibataetsuko.com/,ChIJwa90h-SLGGARLUcmHVQ7kyE,https://maps.google.com/?cid=2419342657280427821&g_mp=Cidnb29nbGUubWFwcy5wbGFjZXMudjEuUGxhY2VzLlNlYXJjaFRleHQQAhgEIAA,http://shibataetsuko.com/wp/,art_gallery|point_of_interest|establishment,False,below dynamic inclusion threshold,high,0,15,12,15,2,5,5,50.336,"score=50.3/110; visitor=0, google=6.3, official=15, scale=12, metro=15, opening=2, mapping=5, penalty=5",No reliable annual visitor count found; included as representative tourism proxy.,node,5161860625.0,gallery,NA,NA,arts_centre,NA,NA,12.1
P0626,白白庵,G03,Gaiemmae,264.2,0.457596,35.6690272,139.7202335,tourism=gallery,tourism=gallery,6.336,4.5,39.0,OSM,白白庵,Ginza,http://www.pakupakuan.jp/,ChIJ90-kFp2MGGARuPYL1ASWLUw,https://maps.google.com/?cid=5489208468316092088&g_mp=Cidnb29nbGUubWFwcy5wbGFjZXMudjEuUGxhY2VzLlNlYXJjaFRleHQQAhgEIAA,http://www.pakupakuan.jp/,art_gallery|point_of_interest|establishment,False,below dynamic inclusion threshold,high,0,15,12,15,2,5,5,50.336,"score=50.3/110; visitor=0, google=6.3, official=15, scale=12, metro=15, opening=2, mapping=5, penalty=5",No reliable annual visitor count found; included as representative tourism proxy.,node,4496270457.0,gallery,NA,NA,NA,NA,NA,2.4
P0627,Art Gallery M,G03,Gaiemmae,49.7,0.455511,35.6700726,139.7174195,tourism=gallery,tourism=gallery,6.106,5.0,34.0,OSM,Art Gallery M,Ginza,https://artgallerym.jp/,ChIJCyDT3TSNGGAR0gfSWmYREdw,https://maps.google.com/?cid=15857474894256277458&g_mp=Cidnb29nbGUubWFwcy5wbGFjZXMudjEuUGxhY2VzLlNlYXJjaFRleHQQAhgEIAA,https://artgallerym.jp/,art_gallery|point_of_interest|establishment,False,below dynamic inclusion threshold,high,0,15,12,15,2,5,5,50.106,"score=50.1/110; visitor=0, google=6.1, official=15, scale=12, metro=15, opening=2, mapping=5, penalty=5",No reliable annual visitor count found; included as representative tourism proxy.,node,13423201292.0,gallery,NA,NA,NA,NA,NA,5.5
P0628,Seigetsudo Art Gallery,G09,Ginza,159.2,0.454592,35.6701224,139.7648863,tourism=gallery,tourism=gallery,6.005,4.5,32.0,OSM,Seigetsudo Art Gallery,Ginza,https://www.yoseido.com/en,ChIJnZ064-WLGGARfOba7l7_QMA,https://maps.google.com/?cid=13853353236990977660&g_mp=Cidnb29nbGUubWFwcy5wbGFjZXMudjEuUGxhY2VzLlNlYXJjaFRleHQQAhgEIAA,https://www.yoseido.com/en,art_gallery|point_of_interest|establishment,False,below dynamic inclusion threshold,high,0,15,12,15,2,5,5,50.005,"score=50.0/110; visitor=0, google=6.0, official=15, scale=12, metro=15, opening=2, mapping=5, penalty=5",No reliable annual visitor count found; included as representative tourism proxy.,node,1327305154.0,gallery,NA,NA,NA,NA,NA,89.6
P0629,HANASAKA STAND,G10,Kyobashi,350.4,0.454545,35.6798127,139.7694768,tourism=museum,tourism=museum,0.0,NA,NA,OSM,HANASAKA STAND,Ginza,https://www.yanmar.com/jp/about/hanasaka/#hanasaka-stand,ChIJ_036n3-LGGARmMPHy9JGibQ,https://maps.google.com/?cid=13009006869812331416&g_mp=Cidnb29nbGUubWFwcy5wbGFjZXMudjEuUGxhY2VzLlNlYXJjaFRleHQQAhgEIAA,https://www.yanmar.com/jp/yanmar_tokyo/hanasaka_square_event/,event_venue|point_of_interest|establishment,False,below dynamic inclusion threshold,high,0,15,16,12,2,5,0,50.0,"score=50.0/110; visitor=0, google=0.0, official=15, scale=16, metro=12, opening=2, mapping=5, penalty=0",No reliable annual visitor count found; included as representative tourism proxy.,node,11513601556.0,museum,NA,NA,NA,NA,NA,6.8
P0630,J-World Tokyo,Y10,HigashiIkebukuro,347.1,0.454545,35.7289825,139.7197757,tourism=attraction,tourism=attraction,0.0,NA,NA,OSM,J-World Tokyo,Yurakucho,http://www.namco.co.jp/tp/j-world/,ChIJOZEUy0yNGGAR_L94THXI0Q4,https://maps.google.com/?cid=1067854992783228924&g_mp=Cidnb29nbGUubWFwcy5wbGFjZXMudjEuUGxhY2VzLlNlYXJjaFRleHQQAhgEIAA,https://www.amazingjworld.com/,manufacturer|point_of_interest|establishment,False,below dynamic inclusion threshold,high,0,15,16,12,2,5,0,50.0,"score=50.0/110; visitor=0, google=0.0, official=15, scale=16, metro=12, opening=2, mapping=5, penalty=0",No reliable annual visitor count found; included as representative tourism proxy. Google Places match is 5270m from original POI coordinate; popularity score set to 0 due to location mismatch.,node,3350332480.0,attraction,NA,NA,NA,Q17211017,NA,5270.3
P0631,Japan Football Museum,M20,Ochanomizu,427.3,0.454545,35.7042546,139.7639427,tourism=museum,tourism=museum,0.0,NA,NA,OSM,Japan Football Museum,Marunouchi,http://www.jfa.jp/football_museum/,ChIJvU0vJgCNGGARaZeDSZlin4Q,https://maps.google.com/?cid=9556465344806360937&g_mp=Cidnb29nbGUubWFwcy5wbGFjZXMudjEuUGxhY2VzLlNlYXJjaFRleHQQAhgEIAA,https://www.jfa.jp/football_museum/,museum|point_of_interest|establishment,False,below dynamic inclusion threshold,high,0,15,16,12,2,5,0,50.0,"score=50.0/110; visitor=0, google=0.0, official=15, scale=16, metro=12, opening=2, mapping=5, penalty=0",No reliable annual visitor count found; included as representative tourism proxy.,node,410166105.0,museum,NA,NA,NA,Q11506477,ja:日本サッカーミュージアム,12.4
P0632,ラムダ・ロケット用ランチャ,G16,Ueno,458.2,0.454545,35.7157484,139.7772154,tourism=attraction,tourism=attraction,0.0,NA,NA,OSM,ラムダ・ロケット用ランチャ,Ginza,https://db.kahaku.go.jp/exh/detail?cls=col_z1_01&pkey=1761051,ChIJ15kIUQCPGGAR7vxSfhzvIx8,https://maps.google.com/?cid=2243899945018129646&g_mp=Cidnb29nbGUubWFwcy5wbGFjZXMudjEuUGxhY2VzLlNlYXJjaFRleHQQAhgEIAA,https://db.kahaku.go.jp/exh/detail?cls=col_z1_01&pkey=1761051,point_of_interest|establishment,False,below dynamic inclusion threshold,high,0,15,16,12,2,5,0,50.0,"score=50.0/110; visitor=0, google=0.0, official=15, scale=16, metro=12, opening=2, mapping=5, penalty=0",No reliable annual visitor count found; included as representative tourism proxy.,way,402931623.0,attraction,yes,NA,NA,NA,NA,7.7
P0633,Site of Ōoku,T08,Takebashi,399.0,0.453477,35.6873627,139.7553982,tourism=attraction,tourism=attraction,6.882,4.4,54.0,OSM,大奥跡,Tozai,NA,ChIJ2dhdICuNGGARR9C1LltezG4,https://maps.google.com/?cid=7983859985139748935&g_mp=Cidnb29nbGUubWFwcy5wbGFjZXMudjEuUGxhY2VzLlNlYXJjaFRleHQQAhgEIAA,NA,historical_landmark|historical_place|point_of_interest|establishment,False,below dynamic inclusion threshold,high,0,8,16,12,2,5,0,49.882,"score=49.9/110; visitor=0, google=6.9, official=8, scale=16, metro=12, opening=2, mapping=5, penalty=0",No reliable annual visitor count found; included as representative tourism proxy.,node,5808073053.0,attraction,ruins,NA,NA,Q1064983,ja:大奥,31.0
P0634,Toraya Gallery,G05,AkasakaMitsuke,465.0,0.453327,35.675242,139.732592,tourism=museum,tourism=museum,4.866,4.3,16.0,OSM,Toraya Gallery,Ginza,https://www.toraya-group.co.jp/shops/shop-5,ChIJOeWuyC2NGGAR2Nx7NDF5oFg,https://maps.google.com/?cid=6386237523852254424&g_mp=Cidnb29nbGUubWFwcy5wbGFjZXMudjEuUGxhY2VzLlNlYXJjaFRleHQQAhgEIAA,https://www.toraya-group.co.jp/shops/shop-5,art_gallery|point_of_interest|establishment,False,below dynamic inclusion threshold,high,0,15,16,12,2,5,5,49.866,"score=49.9/110; visitor=0, google=4.9, official=15, scale=16, metro=12, opening=2, mapping=5, penalty=5",No reliable annual visitor count found; included as representative tourism proxy.,node,1420797402.0,museum,NA,NA,NA,NA,NA,15.9
P0635,あかね画廊,H09,Ginza,65.9,0.453104,35.6724505,139.7644557,tourism=gallery,tourism=gallery,5.841,4.2,29.0,OSM,あかね画廊,Hibiya,https://akane-asst.wixsite.com/website,ChIJy3vgxeWLGGAR8MtMbW6-vFY,https://maps.google.com/?cid=6250079764372835312&g_mp=Cidnb29nbGUubWFwcy5wbGFjZXMudjEuUGxhY2VzLlNlYXJjaFRleHQQAhgEIAA,https://akane-asst.wixsite.com/website,art_gallery|point_of_interest|establishment,False,below dynamic inclusion threshold,high,0,15,12,15,2,5,5,49.841,"score=49.8/110; visitor=0, google=5.8, official=15, scale=12, metro=15, opening=2, mapping=5, penalty=5",No reliable annual visitor count found; included as representative tourism proxy.,node,7440039166.0,gallery,NA,NA,NA,NA,NA,4.7
P0636,EBIHARA,H16,Akihabara,197.2,0.4,35.6964047,139.7744904,tourism=gallery,tourism=gallery,0.0,4.8,28.0,OSM,EBIHARA,Hibiya,https://www.ebiharashoten.com/,ChIJyWrDBFqMGGAR5DX-4OO4UhI,https://maps.google.com/?cid=1320320929644819940&g_mp=Cidnb29nbGUubWFwcy5wbGFjZXMudjEuUGxhY2VzLlNlYXJjaFRleHQQAhgEIAA,https://wasyoku-ebihara.jp/,japanese_restaurant|restaurant|food|point_of_interest|establishment,False,below dynamic inclusion threshold,high,0,15,12,15,2,5,5,44.0,"score=44.0/110; visitor=0, google=0.0, official=15, scale=12, metro=15, opening=2, mapping=5, penalty=5",No reliable annual visitor count found; included as representative tourism proxy. Google Places match is 3386m from original POI coordinate; popularity score set to 0 due to location mismatch.,node,13717730501.0,gallery,NA,NA,NA,NA,NA,3385.9
P0637,Palette Gallery,N04,AzabuJuban,216.9,0.452575,35.6551575,139.734683,tourism=gallery,tourism=gallery,5.783,4.1,28.0,OSM,Palette Gallery,Namboku,https://www.palette-gallery.jp/,ChIJif8wfp-LGGARj8qpK-qOlqs,https://maps.google.com/?cid=12364226963398314639&g_mp=Cidnb29nbGUubWFwcy5wbGFjZXMudjEuUGxhY2VzLlNlYXJjaFRleHQQAhgEIAA,https://www.palette-gallery.jp/,art_gallery|point_of_interest|establishment,False,below dynamic inclusion threshold,high,0,15,12,15,2,5,5,49.783,"score=49.8/110; visitor=0, google=5.8, official=15, scale=12, metro=15, opening=2, mapping=5, penalty=5",No reliable annual visitor count found; included as representative tourism proxy.,node,13658400188.0,gallery,NA,NA,NA,NA,NA,2.9
P0638,Reijinsha gallery,G12,Mitsukoshimae,238.3,0.452575,35.6890437,139.7748693,tourism=gallery,tourism=gallery,5.783,4.4,28.0,OSM,Reijinsha gallery,Ginza,https://linktr.ee/reijinshagallery,ChIJnb_rBuaLGGARTyTJzHVQ1bg,https://maps.google.com/?cid=13318639939895239759&g_mp=Cidnb29nbGUubWFwcy5wbGFjZXMudjEuUGxhY2VzLlNlYXJjaFRleHQQAhgEIAA,https://linktr.ee/reijinshagallery,art_gallery|point_of_interest|establishment,False,below dynamic inclusion threshold,high,0,15,12,15,2,5,5,49.783,"score=49.8/110; visitor=0, google=5.8, official=15, scale=12, metro=15, opening=2, mapping=5, penalty=5",No reliable annual visitor count found; included as representative tourism proxy.,node,12133461156.0,gallery,NA,NA,NA,NA,NA,2.6
P0639,Button Museum,H14,Ningyocho,741.9,0.452027,35.6911909,139.7878718,tourism=museum,tourism=museum,5.723,4.3,27.0,OSM,Button Museum,Hibiya,https://www.iris1946-en.com/museum/,ChIJQaIpc0yJGGARSQIP8meZVtM,https://maps.google.com/?cid=15228527861721662025&g_mp=Cidnb29nbGUubWFwcy5wbGFjZXMudjEuUGxhY2VzLlNlYXJjaFRleHQQAhgEIAA,http://www.iris.co.jp/muse/,museum|point_of_interest|establishment,False,below dynamic inclusion threshold,medium,0,15,16,8,2,3,0,49.723,"score=49.7/110; visitor=0, google=5.7, official=15, scale=16, metro=8, opening=2, mapping=3, penalty=0",No reliable annual visitor count found; included as representative tourism proxy.,node,2283943982.0,museum,NA,NA,NA,NA,NA,13.5
P0640,Sekiguchi Museum of Art,T17,Kasai,700.1,0.452027,35.6595753,139.8665866,tourism=museum,tourism=museum,5.723,3.9,27.0,OSM,Sekiguchi Museum of Art,Tozai,http://www.bbcc.co.jp/,ChIJ7wxTX_CHGGARLLAjv607Lb0,https://maps.google.com/?cid=13631617264542527532&g_mp=Cidnb29nbGUubWFwcy5wbGFjZXMudjEuUGxhY2VzLlNlYXJjaFRleHQQAhgEIAA,http://www.bbcc.co.jp/,art_museum|tourist_attraction|museum|point_of_interest|establishment,False,below dynamic inclusion threshold,medium,0,15,16,8,2,3,0,49.723,"score=49.7/110; visitor=0, google=5.7, official=15, scale=16, metro=8, opening=2, mapping=3, penalty=0",No reliable annual visitor count found; included as representative tourism proxy.,node,5199753933.0,museum,NA,NA,NA,NA,NA,3.0
P0641,BANK GALLERY,F15,MeijiJingumae,229.7,0.451459,35.6661482,139.7054802,tourism=gallery,tourism=gallery,5.66,4.1,26.0,OSM,BANK GALLERY,Fukutoshin,http://www.the-blank-gallery.com/,ChIJ9VV6E6OMGGARc2c2XTMi42c,https://maps.google.com/?cid=7485864609622419315&g_mp=Cidnb29nbGUubWFwcy5wbGFjZXMudjEuUGxhY2VzLlNlYXJjaFRleHQQAhgEIAA,http://www.the-blank-gallery.com/,art_gallery|point_of_interest|establishment,False,below dynamic inclusion threshold,high,0,15,12,15,2,5,5,49.66,"score=49.7/110; visitor=0, google=5.7, official=15, scale=12, metro=15, opening=2, mapping=5, penalty=5",No reliable annual visitor count found; included as representative tourism proxy.,node,2196912166.0,gallery,NA,NA,NA,NA,NA,515.1
P0642,How House East,C15,Sendagi,254.6,0.45087,35.7257801,139.7661232,tourism=gallery,tourism=gallery,5.596,4.4,25.0,OSM,How House East,Chiyoda,http://howhouse.jp/,ChIJJ3wnYNeNGGARP8uT6RDN3XM,https://maps.google.com/?cid=8349054756736715583&g_mp=Cidnb29nbGUubWFwcy5wbGFjZXMudjEuUGxhY2VzLlNlYXJjaFRleHQQAhgEIAA,http://howhouse.jp/,art_gallery|point_of_interest|establishment,False,below dynamic inclusion threshold,high,0,15,12,15,2,5,5,49.596,"score=49.6/110; visitor=0, google=5.6, official=15, scale=12, metro=15, opening=2, mapping=5, penalty=5",No reliable annual visitor count found; included as representative tourism proxy.,node,13417507337.0,gallery,NA,NA,NA,NA,NA,12.2
P0643,HAGUKUMI STAGE,F16,Shibuya,423.6,0.450649,35.6552995,139.7021292,leisure=garden,leisure=garden,3.571,4.4,7.0,OSM,はぐくみSTAGE,Fukutoshin,https://www.shibuya-sakura-stage.com/about/,ChIJUzbNpEmLGGARicWY74ZJ7EM,https://maps.google.com/?cid=4894367738939098505&g_mp=Cidnb29nbGUubWFwcy5wbGFjZXMudjEuUGxhY2VzLlNlYXJjaFRleHQQAhgEIAA,https://www.shibuya-sakura-stage.com/about/,garden|point_of_interest|establishment,False,below dynamic inclusion threshold,high,0,15,12,12,2,5,0,49.571,"score=49.6/110; visitor=0, google=3.6, official=15, scale=12, metro=12, opening=2, mapping=5, penalty=0",No reliable annual visitor count found; included as representative tourism proxy.,way,1412628590.0,NA,NA,garden,NA,NA,NA,6.9
P0644,はぐくみSTAGE,F16,Shibuya,423.9,0.450649,35.6552997,139.7020903,leisure=garden,leisure=garden,3.571,4.4,7.0,OSM,はぐくみSTAGE,Fukutoshin,https://www.shibuya-sakura-stage.com/about/,ChIJUzbNpEmLGGARicWY74ZJ7EM,https://maps.google.com/?cid=4894367738939098505&g_mp=Cidnb29nbGUubWFwcy5wbGFjZXMudjEuUGxhY2VzLlNlYXJjaFRleHQQAhgEIAA,https://www.shibuya-sakura-stage.com/about/,garden|point_of_interest|establishment,False,below dynamic inclusion threshold,high,0,15,12,12,2,5,0,49.571,"score=49.6/110; visitor=0, google=3.6, official=15, scale=12, metro=12, opening=2, mapping=5, penalty=0",No reliable annual visitor count found; included as representative tourism proxy.,node,12981434955.0,NA,NA,garden,NA,NA,NA,5.0
P0645,FlowerGarden,Z14,Oshiage,1052.4,0.448956,35.7089048,139.8253781,tourism=attraction,tourism=attraction,5.385,3.9,22.0,OSM,緑と花の学習園,Hanzomon,https://lin.ee/IQSAzX6,ChIJbRpEeyaPGGARo_TgyDqB0AU,https://maps.google.com/?cid=418976854823728291&g_mp=Cidnb29nbGUubWFwcy5wbGFjZXMudjEuUGxhY2VzLlNlYXJjaFRleHQQAhgEIAA,https://lin.ee/IQSAzX6,florist|store|point_of_interest|establishment,False,below dynamic inclusion threshold,medium,0,15,16,8,2,3,0,49.385,"score=49.4/110; visitor=0, google=5.4, official=15, scale=16, metro=8, opening=2, mapping=3, penalty=0",No reliable annual visitor count found; included as representative tourism proxy.,node,5102971621.0,attraction,NA,NA,NA,NA,NA,1164.2
P0646,桜丘の森,G01,Shibuya,401.8,0.448564,35.6554919,139.7029738,leisure=garden,leisure=garden,3.342,4.0,6.0,OSM,桜丘の森,Ginza,https://www.shibuya-sakura-stage.com/townmap_floorguide/townmap/,ChIJi_V4ATWLGGARgd540TM9JXw,https://maps.google.com/?cid=8945623527608344193&g_mp=Cidnb29nbGUubWFwcy5wbGFjZXMudjEuUGxhY2VzLlNlYXJjaFRleHQQAhgEIAA,https://www.shibuya-sakura-stage.com/townmap_floorguide/townmap/,garden|park|point_of_interest|establishment,False,below dynamic inclusion threshold,high,0,15,12,12,2,5,0,49.342,"score=49.3/110; visitor=0, google=3.3, official=15, scale=12, metro=12, opening=2, mapping=5, penalty=0",No reliable annual visitor count found; included as representative tourism proxy.,node,12981434960.0,NA,NA,garden,NA,NA,NA,4.3
P0647,Gallery 蔵,C12,ShinOchanomizu,223.8,0.447535,35.6983698,139.767175,tourism=gallery,tourism=gallery,5.229,4.3,20.0,OSM,Gallery 蔵,Chiyoda,http://ocha-navi.solacity.jp/gallery/about.html,ChIJC9E6hRuMGGAR3R9U5TQbbvE,https://maps.google.com/?cid=17396872324578549725&g_mp=Cidnb29nbGUubWFwcy5wbGFjZXMudjEuUGxhY2VzLlNlYXJjaFRleHQQAhgEIAA,http://ocha-navi.solacity.jp/gallery/about.html,art_gallery|point_of_interest|establishment,False,below dynamic inclusion threshold,high,0,15,12,15,2,5,5,49.229,"score=49.2/110; visitor=0, google=5.2, official=15, scale=12, metro=15, opening=2, mapping=5, penalty=5",No reliable annual visitor count found; included as representative tourism proxy.,way,443912175.0,gallery,NA,NA,NA,NA,NA,3.4
P0648,Kuroda Memorial Hall,C14,Nezu,705.0,0.447535,35.7189039,139.7733129,tourism=museum,tourism=museum,5.229,3.9,20.0,OSM,Kuroda Memorial Hall,Chiyoda,https://www.tobunken.go.jp/kuroda/index_e.html,ChIJu8dltYOOGGARUb3omAymmaM,https://maps.google.com/?cid=11788636072654191953&g_mp=Cidnb29nbGUubWFwcy5wbGFjZXMudjEuUGxhY2VzLlNlYXJjaFRleHQQAhgEIAA,http://www.tobunken.go.jp/index_j.html,research_institute|point_of_interest|establishment,False,below dynamic inclusion threshold,medium,0,15,16,8,2,3,0,49.229,"score=49.2/110; visitor=0, google=5.2, official=15, scale=16, metro=8, opening=2, mapping=3, penalty=0",No reliable annual visitor count found; included as representative tourism proxy.,way,152340249.0,museum,NA,NA,NA,Q123195608,en:Kuroda Memorial Hall,288.0
P0649,Shimizu Corporation Historical Museum,T14,Toyocho,1111.9,0.447535,35.6597114,139.8195889,tourism=museum,tourism=museum,5.229,4.6,20.0,OSM,清水建設歴史資料館,Tozai,https://www.shimz.co.jp/novare/archives/index.html,ChIJH5ubyFaJGGARO9bIGguSDeo,https://maps.google.com/?cid=16865296755964040763&g_mp=Cidnb29nbGUubWFwcy5wbGFjZXMudjEuUGxhY2VzLlNlYXJjaFRleHQQAhgEIAA,https://www.shimzarchives.jp/,museum|point_of_interest|establishment,False,below dynamic inclusion threshold,medium,0,15,16,8,2,3,0,49.229,"score=49.2/110; visitor=0, google=5.2, official=15, scale=16, metro=8, opening=2, mapping=3, penalty=0",No reliable annual visitor count found; included as representative tourism proxy.,way,1256845807.0,museum,NA,NA,NA,NA,NA,10.3
P0650,ないものわない,H19,Iriya,989.4,0.4,35.7201722,139.7954152,tourism=attraction,tourism=attraction,0.0,3.6,20.0,OSM,ないものわない,Hibiya,http://naimonowanai.com/,ChIJAzAhM5FKH2ARLp2SXvN7wu4,https://maps.google.com/?cid=17204449811702652206&g_mp=Cidnb29nbGUubWFwcy5wbGFjZXMudjEuUGxhY2VzLlNlYXJjaFRleHQQAhgEIAA,http://naimonowanai.com/,hardware_store|building_materials_store|store|point_of_interest|establishment,False,Google rating below threshold,medium,0,15,16,8,2,3,0,44.0,"score=44.0/110; visitor=0, google=0.0, official=15, scale=16, metro=8, opening=2, mapping=3, penalty=0",No reliable annual visitor count found; included as representative tourism proxy. Google Places match is 53620m from original POI coordinate; popularity score set to 0 due to location mismatch.,node,4486828091.0,attraction,NA,NA,NA,NA,NA,53619.9
P0651,トライアンフギャラリー,G11,Nihombashi,166.3,0.445128,35.6814698,139.771564,tourism=gallery,tourism=gallery,4.964,4.7,17.0,OSM,トライアンフギャラリー,Ginza,http://www.dipint.co.jp/,ChIJETLVof2LGGARgRliYkCrAHA,https://maps.google.com/?cid=8070638825264781697&g_mp=Cidnb29nbGUubWFwcy5wbGFjZXMudjEuUGxhY2VzLlNlYXJjaFRleHQQAhgEIAA,http://www.dipint.co.jp/,art_gallery|point_of_interest|establishment,False,below dynamic inclusion threshold,high,0,15,12,15,2,5,5,48.964,"score=49.0/110; visitor=0, google=5.0, official=15, scale=12, metro=15, opening=2, mapping=5, penalty=5",No reliable annual visitor count found; included as representative tourism proxy.,node,10538350869.0,gallery,NA,NA,NA,NA,NA,3.5
P0652,創画廊,H10,HigashiGinza,213.1,0.445128,35.6708877,139.7685693,tourism=gallery,tourism=gallery,4.964,3.6,17.0,OSM,創画廊,Hibiya,http://www.gallery-sou.co.jp/,ChIJbeYGxeeLGGARyZU2n8vf6SA,https://maps.google.com/?cid=2371672744429786569&g_mp=Cidnb29nbGUubWFwcy5wbGFjZXMudjEuUGxhY2VzLlNlYXJjaFRleHQQAhgEIAA,http://www.gallery-sou.co.jp/,art_gallery|point_of_interest|establishment,False,Google rating below threshold,high,0,15,12,15,2,5,5,48.964,"score=49.0/110; visitor=0, google=5.0, official=15, scale=12, metro=15, opening=2, mapping=5, penalty=5",No reliable annual visitor count found; included as representative tourism proxy.,node,5237390669.0,gallery,NA,NA,NA,NA,NA,544.7
P0653,Mussshino Academia Musicae Musical Instrument Museum,F06,KotakeMukaihara,708.7,0.442282,35.7410417,139.6722228,tourism=museum,tourism=museum,4.651,4.4,14.0,OSM,Mussshino Academia Musicae Musical Instrument Museum,Fukutoshin,https://www.musashino-music.ac.jp/guide/facilities/museum,ChIJx0UDuT_tGGARwjeMN6wWrbI,https://maps.google.com/?cid=12874971838644238274&g_mp=Cidnb29nbGUubWFwcy5wbGFjZXMudjEuUGxhY2VzLlNlYXJjaFRleHQQAhgEIAA,http://www.musashino-music.ac.jp/guide/facilities/museum/,museum|tourist_attraction|point_of_interest|establishment,False,below dynamic inclusion threshold,medium,0,15,16,8,2,3,0,48.651,"score=48.7/110; visitor=0, google=4.7, official=15, scale=16, metro=8, opening=2, mapping=3, penalty=0",No reliable annual visitor count found; included as representative tourism proxy.,node,10731765319.0,museum,NA,NA,NA,NA,NA,3.4
P0654,Uni Art Gallery,G12,Mitsukoshimae,276.9,0.442282,35.6894768,139.7724191,tourism=gallery,tourism=gallery,4.651,4.9,14.0,OSM,Uni Art Gallery,Ginza,https://uniart.coins.co.jp/,ChIJf49Ykf2NGGARlOx1FBfNPTQ,https://maps.google.com/?cid=3764390362562817172&g_mp=Cidnb29nbGUubWFwcy5wbGFjZXMudjEuUGxhY2VzLlNlYXJjaFRleHQQAhgEIAA,https://uniart.coins.co.jp/,art_gallery|home_goods_store|store|point_of_interest|establishment,False,below dynamic inclusion threshold,high,0,15,12,15,2,5,5,48.651,"score=48.7/110; visitor=0, google=4.7, official=15, scale=12, metro=15, opening=2, mapping=5, penalty=5",No reliable annual visitor count found; included as representative tourism proxy.,node,12256654891.0,gallery,NA,NA,NA,NA,NA,6.3
P0655,太平洋美術会,C16,NishiNippori,186.2,0.442282,35.7306822,139.7667947,tourism=gallery,tourism=gallery,4.651,4.4,14.0,OSM,太平洋美術会,Chiyoda,https://www.taiheiyobijutu.or.jp/,ChIJC-3Bw9CNGGARxO_aLedUPWk,https://maps.google.com/?cid=7583310699445284804&g_mp=Cidnb29nbGUubWFwcy5wbGFjZXMudjEuUGxhY2VzLlNlYXJjaFRleHQQAhgEIAA,https://www.taiheiyobijutu.or.jp/,association_or_organization|point_of_interest|establishment,False,below dynamic inclusion threshold,high,0,15,12,15,2,5,5,48.651,"score=48.7/110; visitor=0, google=4.7, official=15, scale=12, metro=15, opening=2, mapping=5, penalty=5",No reliable annual visitor count found; included as representative tourism proxy.,node,13357119635.0,gallery,NA,NA,NA,NA,NA,4.4
P0656,Ebisu-dō Gallery,Z07,Jimbocho,83.7,0.437439,35.6957884,139.7584412,tourism=gallery,tourism=gallery,4.118,4.8,10.0,OSM,恵比寿堂ギャラリー,Hanzomon,http://ebisu-do.com,ChIJH1WcQRGMGGARveDe2N16cr0,https://maps.google.com/?cid=13651108513758240957&g_mp=Cidnb29nbGUubWFwcy5wbGFjZXMudjEuUGxhY2VzLlNlYXJjaFRleHQQAhgEIAA,http://www.ebisu-do.com/,store|art_gallery|point_of_interest|establishment,False,below dynamic inclusion threshold,high,0,15,12,15,2,5,5,48.118,"score=48.1/110; visitor=0, google=4.1, official=15, scale=12, metro=15, opening=2, mapping=5, penalty=5",No reliable annual visitor count found; included as representative tourism proxy.,node,10049569324.0,gallery,NA,NA,NA,NA,NA,14.4
P0657,Otho Gallery,H15,Kodemmacho,149.3,0.437439,35.6893819,139.7777146,tourism=gallery,tourism=gallery,4.118,4.7,10.0,OSM,Otho Gallery,Hibiya,http://othogallery.com/,ChIJhykh1kOJGGARhQg8Ed6lP3w,https://maps.google.com/?cid=8953056957426305157&g_mp=Cidnb29nbGUubWFwcy5wbGFjZXMudjEuUGxhY2VzLlNlYXJjaFRleHQQAhgEIAA,http://othogallery.com/,art_gallery|point_of_interest|establishment,False,below dynamic inclusion threshold,high,0,15,12,15,2,5,5,48.118,"score=48.1/110; visitor=0, google=4.1, official=15, scale=12, metro=15, opening=2, mapping=5, penalty=5",No reliable annual visitor count found; included as representative tourism proxy.,node,11057979160.0,gallery,NA,NA,NA,NA,NA,2.8
P0658,アート☆アイガ,H12,Hatchobori,102.6,0.437439,35.6762843,139.7772049,tourism=gallery,tourism=gallery,4.118,3.7,10.0,OSM,アート☆アイガ,Hibiya,http://www.artaiga.com/,ChIJf9G4sV6JGGARQrr6wXb7o6M,https://maps.google.com/?cid=11791544736865237570&g_mp=Cidnb29nbGUubWFwcy5wbGFjZXMudjEuUGxhY2VzLlNlYXJjaFRleHQQAhgEIAA,http://www.artaiga.com/,art_gallery|point_of_interest|establishment,False,Google rating below threshold,high,0,15,12,15,2,5,5,48.118,"score=48.1/110; visitor=0, google=4.1, official=15, scale=12, metro=15, opening=2, mapping=5, penalty=5",No reliable annual visitor count found; included as representative tourism proxy.,node,3244128135.0,gallery,NA,NA,NA,NA,NA,2.6
P0659,エビス・ギャラリーコウゲツ,H02,Ebisu,228.1,0.437439,35.647419,139.7111818,tourism=gallery,tourism=gallery,4.118,3.6,10.0,OSM,エビス・ギャラリーコウゲツ,Hibiya,http://www.ko-getsu.co.jp/,ChIJ5z1EL0CLGGAR1wwRtZZpeuA,https://maps.google.com/?cid=16175357107658362071&g_mp=Cidnb29nbGUubWFwcy5wbGFjZXMudjEuUGxhY2VzLlNlYXJjaFRleHQQAhgEIAA,http://www.ko-getsu.co.jp/,art_gallery|tourist_attraction|museum|point_of_interest|establishment,False,Google rating below threshold,high,0,15,12,15,2,5,5,48.118,"score=48.1/110; visitor=0, google=4.1, official=15, scale=12, metro=15, opening=2, mapping=5, penalty=5",No reliable annual visitor count found; included as representative tourism proxy.,node,1378334573.0,gallery,NA,NA,NA,NA,NA,5.6
P0660,銀座ワン,Y19,GinzaItchome,205.5,0.437439,35.6736886,139.768818,tourism=gallery,tourism=gallery,4.118,4.5,10.0,OSM,銀座ワン,Yurakucho,http://ginza-one.jp/,ChIJVVVlmOiLGGARuJ6pdzs5yJY,https://maps.google.com/?cid=10864997028604780216&g_mp=Cidnb29nbGUubWFwcy5wbGFjZXMudjEuUGxhY2VzLlNlYXJjaFRleHQQAhgEIAA,http://ginza-one.jp/,night_club|point_of_interest|establishment,False,below dynamic inclusion threshold,high,0,15,12,15,2,5,5,48.118,"score=48.1/110; visitor=0, google=4.1, official=15, scale=12, metro=15, opening=2, mapping=5, penalty=5",No reliable annual visitor count found; included as representative tourism proxy.,node,11234854596.0,gallery,NA,NA,NA,NA,NA,766.5
P0661,spaceyui,G03,Gaiemmae,398.9,0.436391,35.6668181,139.7172527,tourism=gallery,tourism=gallery,7.003,4.3,58.0,OSM,spaceyui,Ginza,http://spaceyui.com/,ChIJleFe-p2MGGARCPtigkm_pkA,https://maps.google.com/?cid=4658621187002399496&g_mp=Cidnb29nbGUubWFwcy5wbGFjZXMudjEuUGxhY2VzLlNlYXJjaFRleHQQAhgEIAA,http://spaceyui.com/,art_gallery|point_of_interest|establishment,False,below dynamic inclusion threshold,high,0,15,12,12,2,5,5,48.003,"score=48.0/110; visitor=0, google=7.0, official=15, scale=12, metro=12, opening=2, mapping=5, penalty=5",No reliable annual visitor count found; included as representative tourism proxy.,node,2979173031.0,gallery,NA,NA,NA,NA,NA,2.7
P0662,Koichi yamamura gallery,N04,AzabuJuban,294.9,0.435951,35.6532898,139.7343703,tourism=gallery,tourism=gallery,3.955,4.4,9.0,OSM,Koichi yamamura gallery,Namboku,http://koichiyamamuragallery.com/,ChIJ_a8yjXqLGGARaglif9SvX24,https://maps.google.com/?cid=7953268794164644202&g_mp=Cidnb29nbGUubWFwcy5wbGFjZXMudjEuUGxhY2VzLlNlYXJjaFRleHQQAhgEIAA,http://koichiyamamuragallery.com/,art_gallery|point_of_interest|establishment,False,below dynamic inclusion threshold,high,0,15,12,15,2,5,5,47.955,"score=48.0/110; visitor=0, google=4.0, official=15, scale=12, metro=15, opening=2, mapping=5, penalty=5",No reliable annual visitor count found; included as representative tourism proxy.,node,13786042325.0,gallery,NA,NA,NA,NA,NA,9.0
P0663,おろちの松,N01,Meguro,717.4,0.435951,35.638747,139.7175721,tourism=viewpoint,tourism=viewpoint,3.955,3.8,9.0,OSM,おろちの松,Namboku,https://ins.kahaku.go.jp/english/introduction/guidemap/index.html,ChIJn_TvA8GLGGARDzL1S9Gj4Ac,https://maps.google.com/?cid=567633672366535183&g_mp=Cidnb29nbGUubWFwcy5wbGFjZXMudjEuUGxhY2VzLlNlYXJjaFRleHQQAhgEIAA,https://ins.kahaku.go.jp/english/introduction/guidemap/index.html,historical_landmark|tourist_attraction|historical_place|point_of_interest|establishment,False,below dynamic inclusion threshold,medium,0,15,16,8,2,3,0,47.955,"score=48.0/110; visitor=0, google=4.0, official=15, scale=16, metro=8, opening=2, mapping=3, penalty=0",No reliable annual visitor count found; included as representative tourism proxy.,node,6348359889.0,viewpoint,NA,NA,NA,NA,NA,16.7
P0664,K's Green Gallery,C14,Nezu,681.8,0.372727,35.7220412,139.770577,tourism=gallery,tourism=gallery,0.0,4.2,54.0,OSM,K's Green Gallery,Chiyoda,https://ks-gallery.jp/,ChIJwa90h-SLGGARYEA74lWHnRE,https://maps.google.com/?cid=1269319472925851744&g_mp=Cidnb29nbGUubWFwcy5wbGFjZXMudjEuUGxhY2VzLlNlYXJjaFRleHQQAhgEIAA,https://ks-gallery.jp/,art_gallery|point_of_interest|establishment,False,below dynamic inclusion threshold,high,0,15,12,12,2,5,5,41.0,"score=41.0/110; visitor=0, google=0.0, official=15, scale=12, metro=12, opening=2, mapping=5, penalty=5",No reliable annual visitor count found; included as representative tourism proxy. Google Places match is 3738m from original POI coordinate; popularity score set to 0 due to location mismatch.,node,8491447527.0,gallery,NA,NA,NA,NA,NA,3738.1
P0665,FUKAGAWA BANSHO GALLERY,Z11,KiyosumiShirakawa,574.4,0.434419,35.6839346,139.7938865,tourism=gallery,tourism=gallery,6.786,4.3,51.0,OSM,FUKAGAWA BANSHO GALLERY,Hanzomon,http://store.ondo-info.net/,ChIJC8VPWz6JGGARXBT-YveBcJc,https://maps.google.com/?cid=10912364796636435548&g_mp=Cidnb29nbGUubWFwcy5wbGFjZXMudjEuUGxhY2VzLlNlYXJjaFRleHQQAhgEIAA,http://store.ondo-info.net/,art_gallery|point_of_interest|establishment,False,below dynamic inclusion threshold,high,0,15,12,12,2,5,5,47.786,"score=47.8/110; visitor=0, google=6.8, official=15, scale=12, metro=12, opening=2, mapping=5, penalty=5",No reliable annual visitor count found; included as representative tourism proxy.,node,3387102828.0,gallery,NA,NA,NA,NA,NA,371.4
P0666,Art Front Gallery,H01,NakaMeguro,433.6,0.433807,35.64737,139.701462,tourism=gallery,tourism=gallery,6.719,4.4,49.0,OSM,Art Front Gallery,Hibiya,https://artfront.co.jp/,ChIJ1d8x9UWLGGARlBR79HRq4eg,https://maps.google.com/?cid=16780810737109636244&g_mp=Cidnb29nbGUubWFwcy5wbGFjZXMudjEuUGxhY2VzLlNlYXJjaFRleHQQAhgEIAA,https://artfront.co.jp/,art_gallery|point_of_interest|establishment,False,below dynamic inclusion threshold,high,0,15,12,12,2,5,5,47.719,"score=47.7/110; visitor=0, google=6.7, official=15, scale=12, metro=12, opening=2, mapping=5, penalty=5",No reliable annual visitor count found; included as representative tourism proxy.,node,2376715147.0,gallery,NA,NA,NA,NA,NA,9.4
P0667,UNICEF House,N02,Shirokanedai,1272.9,0.433001,35.627927,139.73305,tourism=museum,tourism=museum,7.63,3.5,84.0,OSM,UNICEF House,Namboku,https://unicefhouse.jp/,ChIJC2F06leKGGARNWp6Ys5asIY,https://maps.google.com/?cid=9705357039445371445&g_mp=Cidnb29nbGUubWFwcy5wbGFjZXMudjEuUGxhY2VzLlNlYXJjaFRleHQQAhgEIAA,https://unicefhouse.jp/,point_of_interest|establishment,False,Google rating below threshold,medium,0,15,16,4,2,3,0,47.63,"score=47.6/110; visitor=0, google=7.6, official=15, scale=16, metro=4, opening=2, mapping=3, penalty=0",No reliable annual visitor count found; included as representative tourism proxy.,node,1420765386.0,museum,NA,NA,NA,NA,NA,2.5
P0668,Antique Life,C01,YoyogiUehara,1248.1,0.432816,35.6631744,139.6680867,tourism=attraction,tourism=attraction,7.61,4.1,83.0,OSM,Antique Life,Chiyoda,https://antiquelife-jin.com/,ChIJWdFOEWvzGGARE0S-vlC5js8,https://maps.google.com/?cid=14956095168992658451&g_mp=Cidnb29nbGUubWFwcy5wbGFjZXMudjEuUGxhY2VzLlNlYXJjaFRleHQQAhgEIAA,https://antiquelife-jin.com/,home_goods_store|store|point_of_interest|establishment,False,below dynamic inclusion threshold,medium,0,15,16,4,2,3,0,47.61,"score=47.6/110; visitor=0, google=7.6, official=15, scale=16, metro=4, opening=2, mapping=3, penalty=0",No reliable annual visitor count found; included as representative tourism proxy.,node,6163717906.0,attraction,NA,NA,NA,NA,NA,74.0
P0669,Gallery KUNIMATSU aoyama,G04,AoyamaItchome,296.0,0.432467,35.6711684,139.7215469,tourism=gallery,tourism=gallery,3.571,4.6,7.0,OSM,Gallery KUNIMATSU aoyama,Ginza,https://gka.tokyo/,ChIJn6U4zJyMGGAR5YJeEVB0SO4,https://maps.google.com/?cid=17170101466587628261&g_mp=Cidnb29nbGUubWFwcy5wbGFjZXMudjEuUGxhY2VzLlNlYXJjaFRleHQQAhgEIAA,https://gka.tokyo/,art_gallery|point_of_interest|establishment,False,below dynamic inclusion threshold,high,0,15,12,15,2,5,5,47.571,"score=47.6/110; visitor=0, google=3.6, official=15, scale=12, metro=15, opening=2, mapping=5, penalty=5",No reliable annual visitor count found; included as representative tourism proxy.,node,3782895619.0,gallery,NA,NA,NA,NA,NA,8.3
P0670,RED AND BLUE GALLERY,Y20,Shintomicho,252.8,0.430382,35.67278,139.7731996,tourism=gallery,tourism=gallery,3.342,3.7,6.0,OSM,RED AND BLUE GALLERY,Yurakucho,http://www.redandblue.jp/,ChIJZxU7eV-JGGARiEYgLUa7Gag,https://maps.google.com/?cid=12112918582868854408&g_mp=Cidnb29nbGUubWFwcy5wbGFjZXMudjEuUGxhY2VzLlNlYXJjaFRleHQQAhgEIAA,http://www.redandblue.jp/,art_gallery|point_of_interest|establishment,False,Google rating below threshold,high,0,15,12,15,2,5,5,47.342,"score=47.3/110; visitor=0, google=3.3, official=15, scale=12, metro=15, opening=2, mapping=5, penalty=5",No reliable annual visitor count found; included as representative tourism proxy.,node,4376209020.0,gallery,NA,NA,NA,NA,NA,16.4
P0671,アートギャラリー 石,Y19,GinzaItchome,205.7,0.430382,35.6737203,139.7688399,tourism=gallery,tourism=gallery,3.342,4.3,6.0,OSM,アートギャラリー 石,Yurakucho,http://artgalleryishi.com/,ChIJAwBk5uOLGGARAmXNAgOwgdU,https://maps.google.com/?cid=15384771329052730626&g_mp=Cidnb29nbGUubWFwcy5wbGFjZXMudjEuUGxhY2VzLlNlYXJjaFRleHQQAhgEIAA,http://artgalleryishi.com/,art_gallery|point_of_interest|establishment,False,below dynamic inclusion threshold,high,0,15,12,15,2,5,5,47.342,"score=47.3/110; visitor=0, google=3.3, official=15, scale=12, metro=15, opening=2, mapping=5, penalty=5",No reliable annual visitor count found; included as representative tourism proxy.,node,11234854582.0,gallery,NA,NA,NA,NA,NA,5.6
P0672,鈴画廊,Y19,GinzaItchome,198.5,0.430382,35.6737572,139.7687736,tourism=gallery,tourism=gallery,3.342,5.0,6.0,OSM,鈴画廊,Yurakucho,http://suzugarou.jimdofree.com/,ChIJ9S5IJpaLGGARKRp9KfBTsmw,https://maps.google.com/?cid=7832414992904034857&g_mp=Cidnb29nbGUubWFwcy5wbGFjZXMudjEuUGxhY2VzLlNlYXJjaFRleHQQAhgEIAA,http://suzugarou.jimdofree.com/,art_gallery|point_of_interest|establishment,False,below dynamic inclusion threshold,high,0,15,12,15,2,5,5,47.342,"score=47.3/110; visitor=0, google=3.3, official=15, scale=12, metro=15, opening=2, mapping=5, penalty=5",No reliable annual visitor count found; included as representative tourism proxy.,node,11234854570.0,gallery,NA,NA,NA,NA,NA,2.1
P0673,Odaiba / Tokyo Joypolis and DECKS Area,Y22,Toyosu,3485.4,0.430377,35.6286805,139.7753412,waterfront_entertainment,amusement_park|tourist_attraction|amusement_center|point_of_interest|establishment,15.341,4.0,7574.0,curated_representative,お台場 / 東京ジョイポリス・デックス周辺,Yurakucho,https://tokyo-joypolis.com/language/english/,ChIJuTdPXvaJGGARJhT_Ai6urFQ,https://maps.google.com/?cid=6101443107822179366&g_mp=Cidnb29nbGUubWFwcy5wbGFjZXMudjEuUGxhY2VzLlNlYXJjaFRleHQQAhgEIAA,https://tokyo-joypolis.com/index.html,amusement_park|tourist_attraction|amusement_center|point_of_interest|establishment,False,distance > 1500m from Tokyo Metro,low,0,15,12,0,4,1,0,47.341,"score=47.3/110; visitor=0, google=15.3, official=15, scale=12, metro=0, opening=4, mapping=1, penalty=0","Excluded from model because it is not primarily Tokyo Metro-accessible; nearest Metro distance is too far. Opening hours are coarse modeling assumptions for a district, facility, or variable schedule. No reliable annual visitor count found; included as representative tourism proxy. Opening hours are coarse modeling assumptions for a district, commercial area, or variable facility schedule.",NA,NA,NA,NA,NA,NA,NA,NA,3.1
P0674,FAITH,M04,HigashiKoenji,583.7,0.430323,35.702235,139.6545349,tourism=gallery,tourism=gallery,6.336,4.4,39.0,OSM,FAITH,Marunouchi,https://www.instagram.com/faith_koenji,ChIJZWVVOYnyGGARSADNOgXrHCM,https://maps.google.com/?cid=2530155498369253448&g_mp=Cidnb29nbGUubWFwcy5wbGFjZXMudjEuUGxhY2VzLlNlYXJjaFRleHQQAhgEIAA,https://www.instagram.com/faith_koenji,art_gallery|point_of_interest|establishment,False,below dynamic inclusion threshold,high,0,15,12,12,2,5,5,47.336,"score=47.3/110; visitor=0, google=6.3, official=15, scale=12, metro=12, opening=2, mapping=5, penalty=5",No reliable annual visitor count found; included as representative tourism proxy.,node,4973091811.0,gallery,NA,NA,NA,NA,NA,4.4
P0675,Super Labo,Z07,Jimbocho,315.5,0.429106,35.6985068,139.7592455,tourism=gallery,tourism=gallery,6.202,4.6,36.0,OSM,Super Labo,Hanzomon,https://www.superlabostoretokyo.com/,ChIJH_fu6VuNGGAR76T4N1JULhQ,https://maps.google.com/?cid=1454192441790342383&g_mp=Cidnb29nbGUubWFwcy5wbGFjZXMudjEuUGxhY2VzLlNlYXJjaFRleHQQAhgEIAA,http://www.superlabostoretokyo.com/,art_gallery|point_of_interest|establishment,False,below dynamic inclusion threshold,high,0,15,12,12,2,5,5,47.202,"score=47.2/110; visitor=0, google=6.2, official=15, scale=12, metro=12, opening=2, mapping=5, penalty=5",No reliable annual visitor count found; included as representative tourism proxy.,node,13408914764.0,gallery,NA,NA,NA,NA,NA,0.9
P0676,大怪店,M03,ShinKoenji,628.8,0.429106,35.7034619,139.6475603,tourism=gallery,tourism=gallery,6.202,4.6,36.0,OSM,大怪店,Marunouchi,https://otonoke-enoke.jimdo.com,ChIJfaDf8XnyGGARXWL7mJ4TuDA,https://maps.google.com/?cid=3510577481427673693&g_mp=Cidnb29nbGUubWFwcy5wbGFjZXMudjEuUGxhY2VzLlNlYXJjaFRleHQQAhgEIAA,http://otonoke-enoke.jimdo.com/%E5%A4%A7%E6%80%AA%E5%BA%97/,art_gallery|point_of_interest|establishment,False,below dynamic inclusion threshold,high,0,15,12,12,2,5,5,47.202,"score=47.2/110; visitor=0, google=6.2, official=15, scale=12, metro=12, opening=2, mapping=5, penalty=5",No reliable annual visitor count found; included as representative tourism proxy.,node,10138269866.0,gallery,NA,NA,NA,NA,NA,0.9
P0677,atelier artiste Allan west,C14,Nezu,503.9,0.428238,35.7215281,139.7678377,tourism=gallery,tourism=gallery,6.106,4.5,34.0,OSM,atelier artiste Allan west,Chiyoda,http://www.allanwest.jp/,ChIJFxGLgiyMGGARIJipOn9_-oE,https://maps.google.com/?cid=9365938559492134944&g_mp=Cidnb29nbGUubWFwcy5wbGFjZXMudjEuUGxhY2VzLlNlYXJjaFRleHQQAhgEIAA,http://www.allanwest.jp/,art_gallery|point_of_interest|establishment,False,below dynamic inclusion threshold,high,0,15,12,12,2,5,5,47.106,"score=47.1/110; visitor=0, google=6.1, official=15, scale=12, metro=12, opening=2, mapping=5, penalty=5",No reliable annual visitor count found; included as representative tourism proxy.,node,5155782825.0,gallery,NA,NA,NA,NA,NA,5.7
P0678,Kachidoki-Toyomi Historical Archive Museum,Y21,Tsukishima,970.1,0.427975,35.6590674,139.776216,tourism=museum,tourism=museum,3.077,4.0,5.0,OSM,勝どき・豊海歴史資料展示館,Yurakucho,https://chuoku-machikadotenjikan.jp/tenjikan/kachidoki_toyoumi/,ChIJs_ifWnyJGGAR9VIO005fvv4,https://maps.google.com/?cid=18356213923361739509&g_mp=Cidnb29nbGUubWFwcy5wbGFjZXMudjEuUGxhY2VzLlNlYXJjaFRleHQQAhgEIAA,https://chuoku-machikadotenjikan.jp/tenjikan/kachidoki_toyoumi/,museum|tourist_attraction|point_of_interest|establishment,False,below dynamic inclusion threshold,medium,0,15,16,8,2,3,0,47.077,"score=47.1/110; visitor=0, google=3.1, official=15, scale=16, metro=8, opening=2, mapping=3, penalty=0",No reliable annual visitor count found; included as representative tourism proxy.,node,10163996662.0,museum,NA,NA,NA,NA,NA,3.5
P0679,Shoichiro,G11,Nihombashi,226.9,0.4,35.6801773,139.7719477,tourism=gallery,tourism=gallery,0.0,5.0,5.0,OSM,Shoichiro,Ginza,https://soichiro.co.jp/,ChIJof715kSOGGAR6xL4La87R3k,https://maps.google.com/?cid=8739019225512284907&g_mp=Cidnb29nbGUubWFwcy5wbGFjZXMudjEuUGxhY2VzLlNlYXJjaFRleHQQAhgEIAA,https://soichiro.co.jp/,service|point_of_interest|establishment,False,below dynamic inclusion threshold,high,0,15,12,15,2,5,5,44.0,"score=44.0/110; visitor=0, google=0.0, official=15, scale=12, metro=15, opening=2, mapping=5, penalty=5",No reliable annual visitor count found; included as representative tourism proxy. Google Places match is 5021m from original POI coordinate; popularity score set to 0 due to location mismatch.,node,3789921348.0,gallery,NA,NA,NA,NA,NA,5021.1
P0680,EUKARYOTE,G03,Gaiemmae,384.1,0.427786,35.6710282,139.7136497,tourism=gallery,tourism=gallery,6.056,4.3,33.0,OSM,EUKARYOTE,Ginza,http://eukaryote.jp/,ChIJJ1GM5piMGGARB85HcwMoC78,https://maps.google.com/?cid=13766140681272151559&g_mp=Cidnb29nbGUubWFwcy5wbGFjZXMudjEuUGxhY2VzLlNlYXJjaFRleHQQAhgEIAA,http://eukaryote.jp/,art_gallery|tourist_attraction|point_of_interest|establishment,False,below dynamic inclusion threshold,high,0,15,12,12,2,5,5,47.056,"score=47.1/110; visitor=0, google=6.1, official=15, scale=12, metro=12, opening=2, mapping=5, penalty=5",No reliable annual visitor count found; included as representative tourism proxy.,node,5689780701.0,gallery,NA,NA,NA,NA,NA,12.5
P0681,Maki Fine Art,T05,Kagurazaka,389.1,0.427319,35.7062715,139.737649,tourism=gallery,tourism=gallery,6.005,3.9,32.0,OSM,Maki Fine Art,Tozai,https://makifinearts.com/,ChIJrValtVWMGGARXnWzItvzL8I,https://maps.google.com/?cid=13992670689768994142&g_mp=Cidnb29nbGUubWFwcy5wbGFjZXMudjEuUGxhY2VzLlNlYXJjaFRleHQQAhgEIAA,https://makifinearts.com/,art_gallery|point_of_interest|establishment,False,below dynamic inclusion threshold,high,0,15,12,12,2,5,5,47.005,"score=47.0/110; visitor=0, google=6.0, official=15, scale=12, metro=12, opening=2, mapping=5, penalty=5",No reliable annual visitor count found; included as representative tourism proxy.,node,6428180079.0,gallery,NA,NA,NA,NA,NA,615.3
P0682,沖縄タウン,Mb03,Honancho,1252.1,0.4273,35.6722698,139.6586473,tourism=viewpoint,tourism=viewpoint,7.003,3.8,58.0,OSM,沖縄タウン,MarunouchiBranch,https://www.okinawatown.jp/,ChIJ3wRK_ATzGGAR1ILzbGrApZs,https://maps.google.com/?cid=11215582010363052756&g_mp=Cidnb29nbGUubWFwcy5wbGFjZXMudjEuUGxhY2VzLlNlYXJjaFRleHQQAhgEIAA,https://www.okinawatown.jp/,point_of_interest|establishment,False,below dynamic inclusion threshold,medium,0,15,16,4,2,3,0,47.003,"score=47.0/110; visitor=0, google=7.0, official=15, scale=16, metro=4, opening=2, mapping=3, penalty=0",No reliable annual visitor count found; included as representative tourism proxy.,node,7166440685.0,viewpoint,NA,NA,NA,NA,NA,55.5
P0683,しおかぜ橋塩浜公園,T13,Kiba,869.6,0.427034,35.6622208,139.8110542,leisure=park,leisure=park,6.974,3.5,57.0,OSM,しおかぜ橋塩浜公園,Tozai,https://www.city.koto.lg.jp/470601/shisetsuannai/kokyo/koen/kuritsukoen/16386.html,ChIJFaQgfayJGGARtvgWHKzna_k,https://maps.google.com/?cid=17972713464343754934&g_mp=Cidnb29nbGUubWFwcy5wbGFjZXMudjEuUGxhY2VzLlNlYXJjaFRleHQQAhgEIAA,http://www.city.koto.lg.jp/470601/shisetsuannai/kokyo/koen/kuritsukoen/16386.html,park|tourist_attraction|point_of_interest|establishment,False,Google rating below threshold,medium,0,15,12,8,2,3,0,46.974,"score=47.0/110; visitor=0, google=7.0, official=15, scale=12, metro=8, opening=2, mapping=3, penalty=0",No reliable annual visitor count found; included as representative tourism proxy.,way,1255934989.0,NA,NA,park,NA,NA,NA,8.0
P0684,ギャラリー上田 / Gallery Ueda,G08,Shimbashi,333.4,0.426839,35.6686511,139.7618558,tourism=gallery,tourism=gallery,5.952,4.8,31.0,OSM,ギャラリー上田 / Gallery Ueda,Ginza,https://www.gallery-ueda.com/,ChIJwQw9R--LGGARQ_LCUHROWmM,https://maps.google.com/?cid=7159120819136950851&g_mp=Cidnb29nbGUubWFwcy5wbGFjZXMudjEuUGxhY2VzLlNlYXJjaFRleHQQAhgEIAA,http://gallery-ueda.com/,art_gallery|general_contractor|home_goods_store|store|point_of_interest|service|establishment,False,below dynamic inclusion threshold,high,0,15,12,12,2,5,5,46.952,"score=47.0/110; visitor=0, google=6.0, official=15, scale=12, metro=12, opening=2, mapping=5, penalty=5",No reliable annual visitor count found; included as representative tourism proxy.,node,12199965389.0,gallery,NA,NA,NA,NA,NA,7.1
P0685,道のギャラリー,Y12,Edogawabashi,381.4,0.372727,35.710125,139.7382288,tourism=gallery,tourism=gallery,0.0,4.5,31.0,OSM,道のギャラリー,Yurakucho,http://gallerysichimen.yu-yake.com/,ChIJe_t049ONGGARgC2IuQ8xLyA,https://maps.google.com/?cid=2319126276726074752&g_mp=Cidnb29nbGUubWFwcy5wbGFjZXMudjEuUGxhY2VzLlNlYXJjaFRleHQQAhgEIAA,http://gallerysichimen.yu-yake.com/,art_gallery|point_of_interest|establishment,False,below dynamic inclusion threshold,high,0,15,12,12,2,5,5,41.0,"score=41.0/110; visitor=0, google=0.0, official=15, scale=12, metro=12, opening=2, mapping=5, penalty=5",No reliable annual visitor count found; included as representative tourism proxy. Google Places match is 2830m from original POI coordinate; popularity score set to 0 due to location mismatch.,node,8512400318.0,gallery,NA,NA,NA,NA,NA,2830.5
P0686,Ryogoku Fireworks Museum,H14,Ningyocho,1202.3,0.425918,35.6939005,139.7917584,tourism=museum,tourism=museum,6.851,3.9,53.0,OSM,Ryogoku Fireworks Museum,Hibiya,http://visit-sumida.jp/spot/6036/,ChIJO8JKX0qJGGARqGusKniY-V4,https://maps.google.com/?cid=6843668750645619624&g_mp=Cidnb29nbGUubWFwcy5wbGFjZXMudjEuUGxhY2VzLlNlYXJjaFRleHQQAhgEIAA,http://visit-sumida.jp/spot/6036/,museum|tourist_attraction|point_of_interest|establishment,False,below dynamic inclusion threshold,medium,0,15,16,4,2,3,0,46.851,"score=46.9/110; visitor=0, google=6.9, official=15, scale=16, metro=4, opening=2, mapping=3, penalty=0",No reliable annual visitor count found; included as representative tourism proxy.,node,5668194825.0,museum,NA,NA,NA,Q21014218,ja:両国花火資料館,21.1
P0687,PARTY AREA(LOVE KINGDOM),Y22,Toyosu,746.1,0.425626,35.6504327,139.790126,leisure=garden,leisure=garden,6.819,3.7,52.0,OSM,PARTY AREA(LOVE KINGDOM),Yurakucho,http://lovekingdom.jp/,ChIJ6WxS-5mJGGARfnYXdStvH3Q,https://maps.google.com/?cid=8367528865116419710&g_mp=Cidnb29nbGUubWFwcy5wbGFjZXMudjEuUGxhY2VzLlNlYXJjaFRleHQQAhgEIAA,http://lovekingdom.jp/,barbecue_restaurant|restaurant|food|point_of_interest|establishment,False,Google rating below threshold,medium,0,15,12,8,2,3,0,46.819,"score=46.8/110; visitor=0, google=6.8, official=15, scale=12, metro=8, opening=2, mapping=3, penalty=0",No reliable annual visitor count found; included as representative tourism proxy.,node,5302832618.0,NA,NA,garden,NA,NA,NA,3.6
P0688,Mita Arts Gallery,Z07,Jimbocho,76.8,0.425129,35.6961627,139.7583926,tourism=gallery,tourism=gallery,2.764,4.8,4.0,OSM,Mita Arts Gallery,Hanzomon,http://en.mita-arts.com,ChIJk-5OTxGMGGARG0GLlsztR08,https://maps.google.com/?cid=5712796115297583387&g_mp=Cidnb29nbGUubWFwcy5wbGFjZXMudjEuUGxhY2VzLlNlYXJjaFRleHQQAhgEIAA,https://www.mita-arts.com/,art_gallery|point_of_interest|establishment,False,below dynamic inclusion threshold,high,0,15,12,15,2,5,5,46.764,"score=46.8/110; visitor=0, google=2.8, official=15, scale=12, metro=15, opening=2, mapping=5, penalty=5",No reliable annual visitor count found; included as representative tourism proxy.,node,7124678587.0,gallery,NA,NA,NA,NA,NA,28.3
P0689,Ishijima Atelier,Z01,Shibuya,509.0,0.424754,35.6550523,139.6994723,tourism=gallery,tourism=gallery,5.723,5.0,27.0,OSM,Ishijima Atelier,Hanzomon,https://www.shimadantiques.com/,ChIJizbkrkWLGGAREMYmgUay8Ms,https://maps.google.com/?cid=14695441599994185232&g_mp=Cidnb29nbGUubWFwcy5wbGFjZXMudjEuUGxhY2VzLlNlYXJjaFRleHQQAhgEIAA,https://www.shimadantiques.com/,jewelry_store|store|service|point_of_interest|establishment,False,below dynamic inclusion threshold,high,0,15,12,12,2,5,5,46.723,"score=46.7/110; visitor=0, google=5.7, official=15, scale=12, metro=12, opening=2, mapping=5, penalty=5",No reliable annual visitor count found; included as representative tourism proxy.,node,1692587803.0,gallery,NA,NA,NA,NA,NA,474.0
P0690,Kita City Furusato Nōka Taikenkan,N19,AkabaneIwabuchi,1381.7,0.424079,35.7742884,139.7116363,tourism=museum,tourism=museum,6.649,4.3,47.0,OSM,Kita City Furusato Nōka Taikenkan,Namboku,http://www.city.kita.tokyo.jp/hakubutsukan/bunka/gakushu/shisetsu/furusato/shisetsu.html,ChIJI6GL_x-TGGAR6wIwj7Q2tHE,https://maps.google.com/?cid=8193233771218076395&g_mp=Cidnb29nbGUubWFwcy5wbGFjZXMudjEuUGxhY2VzLlNlYXJjaFRleHQQAhgEIAA,http://www.city.kita.tokyo.jp/hakubutsukan/bunka/gakushu/shisetsu/furusato/shisetsu.html,museum|tourist_attraction|point_of_interest|establishment,False,below dynamic inclusion threshold,medium,0,15,16,4,2,3,0,46.649,"score=46.6/110; visitor=0, google=6.6, official=15, scale=16, metro=4, opening=2, mapping=3, penalty=0",No reliable annual visitor count found; included as representative tourism proxy.,way,242000475.0,museum,NA,NA,NA,NA,ja:北区ふるさと農業体験館,5.0
P0691,night Market,C01,YoyogiUehara,1300.9,0.363636,35.6613765,139.668979,tourism=attraction,tourism=attraction,0.0,4.1,47.0,OSM,night Market,Chiyoda,https://nightmarket.tokyo/,ChIJPwzEe16LGGARw8vMhl0NXg4,https://maps.google.com/?cid=1035279659686480835&g_mp=Cidnb29nbGUubWFwcy5wbGFjZXMudjEuUGxhY2VzLlNlYXJjaFRleHQQAhgEIAA,https://nightmarket.tokyo/,asian_restaurant|restaurant|food|point_of_interest|establishment,False,below dynamic inclusion threshold,medium,0,15,16,4,2,3,0,40.0,"score=40.0/110; visitor=0, google=0.0, official=15, scale=16, metro=4, opening=2, mapping=3, penalty=0",No reliable annual visitor count found; included as representative tourism proxy. Google Places match is 3529m from original POI coordinate; popularity score set to 0 due to location mismatch.,node,4941661124.0,attraction,NA,NA,NA,NA,NA,3529.1
P0692,meee,T01,Nakano,645.4,0.423597,35.7113918,139.6672338,tourism=gallery,tourism=gallery,5.596,4.2,25.0,OSM,meee,Tozai,http://www.meee.jp/,ChIJj8odxJnyGGARp7CGl7LET2Y,https://maps.google.com/?cid=7372327386354200743&g_mp=Cidnb29nbGUubWFwcy5wbGFjZXMudjEuUGxhY2VzLlNlYXJjaFRleHQQAhgEIAA,http://www.meee.jp/,art_gallery|point_of_interest|establishment,False,below dynamic inclusion threshold,high,0,15,12,12,2,5,5,46.596,"score=46.6/110; visitor=0, google=5.6, official=15, scale=12, metro=12, opening=2, mapping=5, penalty=5",No reliable annual visitor count found; included as representative tourism proxy.,node,5608342777.0,gallery,NA,NA,NA,NA,NA,3.1
P0693,銀座レトロギャラリー MUSEE,Y19,GinzaItchome,375.1,0.421683,35.6730917,139.7705481,tourism=gallery,tourism=gallery,5.385,4.0,22.0,OSM,銀座レトロギャラリー MUSEE,Yurakucho,https://kawasaki-brand-design.com/,ChIJYT6DnuGLGGARmzh9qURd7qU,https://maps.google.com/?cid=11956596610197960859&g_mp=Cidnb29nbGUubWFwcy5wbGFjZXMudjEuUGxhY2VzLlNlYXJjaFRleHQQAhgEIAA,https://kawasaki-brand-design.com/,art_gallery|art_museum|museum|point_of_interest|establishment,False,below dynamic inclusion threshold,high,0,15,12,12,2,5,5,46.385,"score=46.4/110; visitor=0, google=5.4, official=15, scale=12, metro=12, opening=2, mapping=5, penalty=5",No reliable annual visitor count found; included as representative tourism proxy.,node,5237380313.0,gallery,NA,NA,NA,NA,NA,4.6
P0694,Nantenshi Gallery,G10,Kyobashi,148.8,0.421645,35.6753673,139.7701835,tourism=gallery,tourism=gallery,2.381,4.3,3.0,OSM,Nantenshi Gallery,Ginza,https://nantenshi.com/,ChIJawB2s-OLGGARbYr0U2dfpIE,https://maps.google.com/?cid=9341696424468056685&g_mp=Cidnb29nbGUubWFwcy5wbGFjZXMudjEuUGxhY2VzLlNlYXJjaFRleHQQAhgEIAA,http://www.nantenshi.com/,art_gallery|point_of_interest|establishment,False,below dynamic inclusion threshold,high,0,15,12,15,2,5,5,46.381,"score=46.4/110; visitor=0, google=2.4, official=15, scale=12, metro=15, opening=2, mapping=5, penalty=5",No reliable annual visitor count found; included as representative tourism proxy.,node,5872601797.0,gallery,NA,NA,NA,NA,NA,92.0
P0695,ご近所ギャラリー吾郎,G14,Suehirocho,247.4,0.421645,35.7042762,139.7737895,tourism=gallery,tourism=gallery,2.381,4.7,3.0,OSM,ご近所ギャラリー吾郎,Ginza,https://sites.google.com/view/gallerygoro,ChIJAQAclKCOGGAReGqo9fQt8Ws,https://maps.google.com/?cid=7778048561562282616&g_mp=Cidnb29nbGUubWFwcy5wbGFjZXMudjEuUGxhY2VzLlNlYXJjaFRleHQQAhgEIAA,https://sites.google.com/view/gallerygoro,art_gallery|point_of_interest|establishment,False,below dynamic inclusion threshold,high,0,15,12,15,2,5,5,46.381,"score=46.4/110; visitor=0, google=2.4, official=15, scale=12, metro=15, opening=2, mapping=5, penalty=5",No reliable annual visitor count found; included as representative tourism proxy.,node,4934083623.0,gallery,NA,NA,NA,NA,NA,6.4
P0696,東京女子医科大学史料室・吉岡彌生記念室,T04,Waseda,959.7,0.421645,35.697188,139.72029,tourism=museum,tourism=museum,2.381,3.3,3.0,OSM,東京女子医科大学史料室・吉岡彌生記念室,Tozai,https://www.twmu.ac.jp/univ/about/yayoi.php,ChIJAV9pAuWMGGARkzj3rH2fE7I,https://maps.google.com/?cid=12831775125430286483&g_mp=Cidnb29nbGUubWFwcy5wbGFjZXMudjEuUGxhY2VzLlNlYXJjaFRleHQQAhgEIAA,https://www.twmu.ac.jp/univ/about/yayoi.php,museum|tourist_attraction|point_of_interest|establishment,False,Google rating below threshold,medium,0,15,16,8,2,3,0,46.381,"score=46.4/110; visitor=0, google=2.4, official=15, scale=16, metro=8, opening=2, mapping=3, penalty=0",No reliable annual visitor count found; included as representative tourism proxy.,node,1420783718.0,museum,NA,NA,NA,Q104698247,NA,109.8
P0697,Gallery TEN,C14,Nezu,421.9,0.420989,35.7210239,139.7647079,tourism=gallery,tourism=gallery,5.309,4.3,21.0,OSM,ギャラリーTEN,Chiyoda,http://galleryten.org/ten/,ChIJzcOSIi2MGGARWr8vhwGKDxU,https://maps.google.com/?cid=1517583338614800218&g_mp=Cidnb29nbGUubWFwcy5wbGFjZXMudjEuUGxhY2VzLlNlYXJjaFRleHQQAhgEIAA,http://galleryten.org/ten/,art_gallery|point_of_interest|establishment,False,below dynamic inclusion threshold,high,0,15,12,12,2,5,5,46.309,"score=46.3/110; visitor=0, google=5.3, official=15, scale=12, metro=12, opening=2, mapping=5, penalty=5",No reliable annual visitor count found; included as representative tourism proxy.,node,506214940.0,gallery,NA,NA,NA,NA,NA,5.0
P0698,Komiyama Tokyo G,C12,ShinOchanomizu,360.2,0.420262,35.6966451,139.7614764,tourism=gallery,tourism=gallery,5.229,4.6,20.0,OSM,Komiyama Tokyo G,Chiyoda,https://www.komiyamatokyo-g.com,ChIJA7SBUw2NGGARK4dZx2KTCGY,https://maps.google.com/?cid=7352288444142946091&g_mp=Cidnb29nbGUubWFwcy5wbGFjZXMudjEuUGxhY2VzLlNlYXJjaFRleHQQAhgEIAA,http://komiyamatokyo-g.com/,art_gallery|point_of_interest|establishment,False,below dynamic inclusion threshold,high,0,15,12,12,2,5,5,46.229,"score=46.2/110; visitor=0, google=5.2, official=15, scale=12, metro=12, opening=2, mapping=5, penalty=5",No reliable annual visitor count found; included as representative tourism proxy.,node,10049785445.0,gallery,NA,NA,NA,NA,NA,14.8
P0699,ギャラリーR,M03,ShinKoenji,381.4,0.420262,35.7012144,139.6476282,tourism=gallery,tourism=gallery,5.229,3.8,20.0,OSM,ギャラリーR,Marunouchi,http://gallery-r.cocolog-nifty.com/blog/,ChIJFSF6HmPyGGARf47fFjPr8qU,https://maps.google.com/?cid=11957878565281697407&g_mp=Cidnb29nbGUubWFwcy5wbGFjZXMudjEuUGxhY2VzLlNlYXJjaFRleHQQAhgEIAA,http://gallery-r.cocolog-nifty.com/blog/,art_gallery|point_of_interest|establishment,False,below dynamic inclusion threshold,high,0,15,12,12,2,5,5,46.229,"score=46.2/110; visitor=0, google=5.2, official=15, scale=12, metro=12, opening=2, mapping=5, penalty=5",No reliable annual visitor count found; included as representative tourism proxy.,node,3910177581.0,gallery,NA,NA,NA,NA,NA,0.6
P0700,Cat Street,F15,MeijiJingumae,167.5,0.418182,35.666977,139.7063131,tourism=attraction,tourism=attraction,0.0,NA,NA,OSM,Cat Street,Fukutoshin,NA,ChIJ17kZCKOMGGAR0ANFBM3oK0Y,https://maps.google.com/?cid=5056390973891085264&g_mp=Cidnb29nbGUubWFwcy5wbGFjZXMudjEuUGxhY2VzLlNlYXJjaFRleHQQAhgEIAA,NA,route,False,below dynamic inclusion threshold,high,0,8,16,15,2,5,0,46.0,"score=46.0/110; visitor=0, google=0.0, official=8, scale=16, metro=15, opening=2, mapping=5, penalty=0",No reliable annual visitor count found; included as representative tourism proxy.,node,10816244605.0,attraction,NA,NA,NA,Q11511093,NA,6.8
P0701,V88 Building,Y19,GinzaItchome,127.8,0.418182,35.6734124,139.7664041,tourism=attraction,tourism=attraction,0.0,NA,NA,OSM,V88 Building,Yurakucho,NA,ChIJ43_6P-SLGGARPsWnwsNcjwU,https://maps.google.com/?cid=400640887713416510&g_mp=Cidnb29nbGUubWFwcy5wbGFjZXMudjEuUGxhY2VzLlNlYXJjaFRleHQQAhgEIAA,NA,premise|street_address,False,below dynamic inclusion threshold,high,0,8,16,15,2,5,0,46.0,"score=46.0/110; visitor=0, google=0.0, official=8, scale=16, metro=15, opening=2, mapping=5, penalty=0",No reliable annual visitor count found; included as representative tourism proxy.,node,10592573005.0,attraction,NA,NA,NA,Q128687191,NA,6.7
P0702,Aoyama Meguro,H01,NakaMeguro,599.6,0.417856,35.6387933,139.6977144,tourism=gallery,tourism=gallery,4.964,4.2,17.0,OSM,Aoyama Meguro,Hibiya,http://aoyamameguro.com/,ChIJfdkMQTaLGGARRuShsIsjSH8,https://maps.google.com/?cid=9171619724010841158&g_mp=Cidnb29nbGUubWFwcy5wbGFjZXMudjEuUGxhY2VzLlNlYXJjaFRleHQQAhgEIAA,http://aoyamameguro.com/,art_gallery|point_of_interest|establishment,False,below dynamic inclusion threshold,high,0,15,12,12,2,5,5,45.964,"score=46.0/110; visitor=0, google=5.0, official=15, scale=12, metro=12, opening=2, mapping=5, penalty=5",No reliable annual visitor count found; included as representative tourism proxy.,node,3977671311.0,gallery,NA,NA,NA,NA,NA,1.5
P0703,Pig Design,C01,YoyogiUehara,1316.0,0.417252,35.6629106,139.6674055,tourism=attraction,tourism=attraction,5.898,4.3,30.0,OSM,Pig Design,Chiyoda,https://crazypigdesigns.jp/,ChIJt1FUDmvzGGARUxA5skKMqKM,https://maps.google.com/?cid=11792829842355458131&g_mp=Cidnb29nbGUubWFwcy5wbGFjZXMudjEuUGxhY2VzLlNlYXJjaFRleHQQAhgEIAA,https://crazypigdesigns.jp/,jewelry_store|store|service|point_of_interest|establishment,False,below dynamic inclusion threshold,medium,0,15,16,4,2,3,0,45.898,"score=45.9/110; visitor=0, google=5.9, official=15, scale=16, metro=4, opening=2, mapping=3, penalty=0",No reliable annual visitor count found; included as representative tourism proxy.,node,6163717799.0,attraction,NA,NA,NA,NA,NA,0.9
P0704,Shimokitazawa Gate,C01,YoyogiUehara,1304.4,0.417252,35.6622042,139.6681299,tourism=attraction,tourism=attraction,5.898,4.3,30.0,OSM,Shimokitazawa Gate,Chiyoda,https://shimokita1ban.com/,ChIJb-W7UmrzGGARa3nKvvZUXi0,https://maps.google.com/?cid=3269143798257187179&g_mp=Cidnb29nbGUubWFwcy5wbGFjZXMudjEuUGxhY2VzLlNlYXJjaFRleHQQAhgEIAA,https://shimokita1ban.com/,tourist_attraction|point_of_interest|establishment,False,below dynamic inclusion threshold,medium,0,15,16,4,2,3,0,45.898,"score=45.9/110; visitor=0, google=5.9, official=15, scale=16, metro=4, opening=2, mapping=3, penalty=0",No reliable annual visitor count found; included as representative tourism proxy.,node,6163717796.0,attraction,NA,NA,NA,NA,NA,9.2
P0705,Bekkō (Turtle Shell Crafts) Museum,G19,Asakusa,1136.4,0.417153,35.7006673,139.7956878,tourism=museum,tourism=museum,1.887,4.0,2.0,OSM,Bekkō (Turtle Shell Crafts) Museum,Ginza,http://isogai-bekko.com/,ChIJ7VFdUsqOGGARwIxf3j6AFTw,https://maps.google.com/?cid=4329507624293731520&g_mp=Cidnb29nbGUubWFwcy5wbGFjZXMudjEuUGxhY2VzLlNlYXJjaFRleHQQAhgEIAA,http://isogai-bekko.com/,museum|point_of_interest|establishment,False,below dynamic inclusion threshold,medium,0,15,16,8,2,3,0,45.887,"score=45.9/110; visitor=0, google=1.9, official=15, scale=16, metro=8, opening=2, mapping=3, penalty=0",No reliable annual visitor count found; included as representative tourism proxy.,node,6650880985.0,museum,NA,NA,NA,NA,NA,5.7
P0706,Galerie Omotesando,C04,OmoteSando,353.3,0.415009,35.6687097,139.7102822,tourism=gallery,tourism=gallery,4.651,4.9,14.0,OSM,Galerie Omotesando,Chiyoda,https://thegallery-harajuku.com/,ChIJdyC-FwCNGGARMZqY3-A0MR8,https://maps.google.com/?cid=2247635829463226929&g_mp=Cidnb29nbGUubWFwcy5wbGFjZXMudjEuUGxhY2VzLlNlYXJjaFRleHQQAhgEIAA,https://thegallery-harajuku.com/,art_gallery|point_of_interest|establishment,False,below dynamic inclusion threshold,high,0,15,12,12,2,5,5,45.651,"score=45.7/110; visitor=0, google=4.7, official=15, scale=12, metro=12, opening=2, mapping=5, penalty=5",No reliable annual visitor count found; included as representative tourism proxy.,node,6004734778.0,gallery,NA,NA,NA,NA,NA,471.6
P0707,Nadar,Z02,OmoteSando,377.5,0.372727,35.6672757,139.715634,tourism=gallery,tourism=gallery,0.0,3.9,13.0,OSM,Nadar,Hanzomon,https://g-nadar.net/,ChIJbRaXaZ6MGGARjILSHVuSOwo,https://maps.google.com/?cid=737343884045222540&g_mp=Cidnb29nbGUubWFwcy5wbGFjZXMudjEuUGxhY2VzLlNlYXJjaFRleHQQAhgEIAA,https://g-nadar.net/,art_gallery|educational_institution|store|point_of_interest|establishment,False,below dynamic inclusion threshold,high,0,15,12,12,2,5,5,41.0,"score=41.0/110; visitor=0, google=0.0, official=15, scale=12, metro=12, opening=2, mapping=5, penalty=5",No reliable annual visitor count found; included as representative tourism proxy. Google Places match is 7073m from original POI coordinate; popularity score set to 0 due to location mismatch.,node,3002725536.0,gallery,NA,NA,NA,NA,NA,7072.9
P0708,林和美写真画廊,Z02,OmoteSando,376.2,0.372727,35.6672875,139.7156035,tourism=gallery,tourism=gallery,0.0,3.9,13.0,OSM,林和美写真画廊,Hanzomon,https://g-nadar.net/,ChIJbRaXaZ6MGGARjILSHVuSOwo,https://maps.google.com/?cid=737343884045222540&g_mp=Cidnb29nbGUubWFwcy5wbGFjZXMudjEuUGxhY2VzLlNlYXJjaFRleHQQAhgEIAA,https://g-nadar.net/,art_gallery|educational_institution|store|point_of_interest|establishment,False,below dynamic inclusion threshold,high,0,15,12,12,2,5,5,41.0,"score=41.0/110; visitor=0, google=0.0, official=15, scale=12, metro=12, opening=2, mapping=5, penalty=5",No reliable annual visitor count found; included as representative tourism proxy. Google Places match is 7071m from original POI coordinate; popularity score set to 0 due to location mismatch.,node,7227745661.0,gallery,NA,NA,NA,NA,NA,7070.9
P0709,アトリエFeng,M19,Awajicho,193.0,0.410822,35.6961595,139.7688856,tourism=gallery,tourism=gallery,1.19,5.0,1.0,OSM,アトリエFeng,Marunouchi,http://uenoa.com/,ChIJ7aa--yyMGGARQP3CYnxAQNE,https://maps.google.com/?cid=15078122455413488960&g_mp=Cidnb29nbGUubWFwcy5wbGFjZXMudjEuUGxhY2VzLlNlYXJjaFRleHQQAhgEIAA,http://uenoa.com/,point_of_interest|service|establishment,False,below dynamic inclusion threshold,high,0,15,12,15,2,5,5,45.19,"score=45.2/110; visitor=0, google=1.2, official=15, scale=12, metro=15, opening=2, mapping=5, penalty=5",No reliable annual visitor count found; included as representative tourism proxy.,node,12240857702.0,gallery,NA,NA,NA,NA,NA,1162.3
P0710,Tokyo Kasei University Museum,N16,Oji,1451.5,0.408765,35.7551522,139.7212985,tourism=museum,tourism=museum,4.964,4.0,17.0,OSM,Tokyo Kasei University Museum,Namboku,https://www.tokyo-kasei.ac.jp/hakubutu/,ChIJwdWF-JGSGGAR2oi8KCrdvS4,https://maps.google.com/?cid=3368091269484808410&g_mp=Cidnb29nbGUubWFwcy5wbGFjZXMudjEuUGxhY2VzLlNlYXJjaFRleHQQAhgEIAA,https://www.tokyo-kasei.ac.jp/hakubutu/,museum|tourist_attraction|point_of_interest|establishment,False,below dynamic inclusion threshold,medium,0,15,16,4,2,3,0,44.964,"score=45.0/110; visitor=0, google=5.0, official=15, scale=16, metro=4, opening=2, mapping=3, penalty=0",No reliable annual visitor count found; included as representative tourism proxy.,node,1420783861.0,museum,NA,NA,NA,Q104708375,NA,5.8
P0711,NEW ART LAB,G10,Kyobashi,308.0,0.407033,35.6739346,139.770143,tourism=gallery,tourism=gallery,3.774,4.3,8.0,OSM,NEW ART LAB,Ginza,https://newartlab.jp/,ChIJVVVh1eOLGGARVrmV1oS7eNc,https://maps.google.com/?cid=15526365894569998678&g_mp=Cidnb29nbGUubWFwcy5wbGFjZXMudjEuUGxhY2VzLlNlYXJjaFRleHQQAhgEIAA,https://newartlab.jp/,point_of_interest|establishment,False,below dynamic inclusion threshold,high,0,15,12,12,2,5,5,44.774,"score=44.8/110; visitor=0, google=3.8, official=15, scale=12, metro=12, opening=2, mapping=5, penalty=5",No reliable annual visitor count found; included as representative tourism proxy.,node,11234854595.0,gallery,NA,NA,NA,NA,NA,6.0
P0712,分類標本園,M23,Myogadani,759.8,0.406926,35.7193623,139.7448782,leisure=garden,leisure=garden,4.762,4.3,15.0,OSM,分類標本園,Marunouchi,https://koishikawa-bg.jp/ennai/bunrui/,ChIJdyBLeLGNGGARqz8PAHUuCH0,https://maps.google.com/?cid=9009502134601727915&g_mp=Cidnb29nbGUubWFwcy5wbGFjZXMudjEuUGxhY2VzLlNlYXJjaFRleHQQAhgEIAA,https://koishikawa-bg.jp/ennai/bunrui/,botanical_garden|point_of_interest|establishment,False,below dynamic inclusion threshold,medium,0,15,12,8,2,3,0,44.762,"score=44.8/110; visitor=0, google=4.8, official=15, scale=12, metro=8, opening=2, mapping=3, penalty=0",No reliable annual visitor count found; included as representative tourism proxy.,way,570447412.0,NA,NA,garden,NA,NA,NA,8.2
P0713,Gallery Mai,Y20,Shintomicho,336.5,0.405194,35.6719973,139.7703369,tourism=gallery,tourism=gallery,3.571,3.9,7.0,OSM,Gallery Mai,Yurakucho,http://yyarts.co.jp/,ChIJlTsT8eWLGGARrNAkjTMYzOM,https://maps.google.com/?cid=16414521351549014188&g_mp=Cidnb29nbGUubWFwcy5wbGFjZXMudjEuUGxhY2VzLlNlYXJjaFRleHQQAhgEIAA,http://yyarts.co.jp/,art_gallery|point_of_interest|establishment,False,below dynamic inclusion threshold,high,0,15,12,12,2,5,5,44.571,"score=44.6/110; visitor=0, google=3.6, official=15, scale=12, metro=12, opening=2, mapping=5, penalty=5",No reliable annual visitor count found; included as representative tourism proxy.,node,2884261492.0,gallery,NA,NA,NA,NA,NA,39.5
P0714,Sprout Curation,T05,Kagurazaka,391.3,0.403109,35.7062938,139.7376555,tourism=gallery,tourism=gallery,3.342,4.2,6.0,OSM,Sprout Curation,Tozai,https://sprout-curation.com/,ChIJ42p8KB2NGGARTWhdBwQElJo,https://maps.google.com/?cid=11138532193744021581&g_mp=Cidnb29nbGUubWFwcy5wbGFjZXMudjEuUGxhY2VzLlNlYXJjaFRleHQQAhgEIAA,https://sprout-curation.com/,art_gallery|point_of_interest|establishment,False,below dynamic inclusion threshold,high,0,15,12,12,2,5,5,44.342,"score=44.3/110; visitor=0, google=3.3, official=15, scale=12, metro=12, opening=2, mapping=5, penalty=5",No reliable annual visitor count found; included as representative tourism proxy.,node,6428180064.0,gallery,NA,NA,NA,NA,NA,5.5
P0715,ULALA,C15,Sendagi,223.9,0.4,35.7250065,139.7609963,tourism=gallery,tourism=gallery,0.0,NA,NA,OSM,ULALA,Chiyoda,https://www.instagram.com/galleryulala/,ChIJTSdKWjqNGGAR7f2Rn4nO180,https://maps.google.com/?cid=14832550988251004397&g_mp=Cidnb29nbGUubWFwcy5wbGFjZXMudjEuUGxhY2VzLlNlYXJjaFRleHQQAhgEIAA,https://www.instagram.com/galleryulala/,point_of_interest|establishment,False,below dynamic inclusion threshold,high,0,15,12,15,2,5,5,44.0,"score=44.0/110; visitor=0, google=0.0, official=15, scale=12, metro=15, opening=2, mapping=5, penalty=5",No reliable annual visitor count found; included as representative tourism proxy.,node,5479183835.0,gallery,NA,NA,NA,NA,NA,6.6
P0716,建設技術歴史展示室,Y22,Toyosu,874.2,0.4,35.6628604,139.7979043,tourism=museum,tourism=museum,0.0,NA,NA,OSM,建設技術歴史展示室,Yurakucho,https://www.shimz.co.jp/company/about/sit/showroom/exhibition/,ChIJDbBCYfiJGGARJXRiOc4S_7E,https://maps.google.com/?cid=12825990940709778469&g_mp=Cidnb29nbGUubWFwcy5wbGFjZXMudjEuUGxhY2VzLlNlYXJjaFRleHQQAhgEIAA,https://www.shimz.co.jp/company/about/sit/showroom/exhibition/,museum|point_of_interest|establishment,False,below dynamic inclusion threshold,medium,0,15,16,8,2,3,0,44.0,"score=44.0/110; visitor=0, google=0.0, official=15, scale=16, metro=8, opening=2, mapping=3, penalty=0",No reliable annual visitor count found; included as representative tourism proxy.,node,6056394285.0,museum,NA,NA,NA,NA,NA,36.7
P0717,Artone,G02,OmoteSando,376.1,0.372727,35.6670082,139.7158605,tourism=gallery,tourism=gallery,0.0,4.0,4.0,OSM,Artone,Ginza,https://artone-film.jp/,ChIJKR6gZ8WLGGARNRTypokfbkc,https://maps.google.com/?cid=5147086100202918965&g_mp=Cidnb29nbGUubWFwcy5wbGFjZXMudjEuUGxhY2VzLlNlYXJjaFRleHQQAhgEIAA,https://artone-film.jp/,corporate_office|service|point_of_interest|establishment,False,below dynamic inclusion threshold,high,0,15,12,12,2,5,5,41.0,"score=41.0/110; visitor=0, google=0.0, official=15, scale=12, metro=12, opening=2, mapping=5, penalty=5",No reliable annual visitor count found; included as representative tourism proxy. Google Places match is 3156m from original POI coordinate; popularity score set to 0 due to location mismatch.,node,4197333989.0,gallery,NA,NA,NA,NA,NA,3155.7
P0718,Space 2*3,G12,Mitsukoshimae,379.0,0.397856,35.6862158,139.7776097,tourism=gallery,tourism=gallery,2.764,4.0,4.0,OSM,Space 2*3,Ginza,http://kurum-art.com/,ChIJaUZZMLiJGGARaFQXauOXSZw,https://maps.google.com/?cid=11261699346209920104&g_mp=Cidnb29nbGUubWFwcy5wbGFjZXMudjEuUGxhY2VzLlNlYXJjaFRleHQQAhgEIAA,http://kurum-art.com/,art_gallery|point_of_interest|establishment,False,below dynamic inclusion threshold,high,0,15,12,12,2,5,5,43.764,"score=43.8/110; visitor=0, google=2.8, official=15, scale=12, metro=12, opening=2, mapping=5, penalty=5",No reliable annual visitor count found; included as representative tourism proxy.,node,3618747202.0,gallery,NA,NA,NA,NA,NA,1.0
P0719,スペースパウゼ,Y13,Iidabashi,438.4,0.397856,35.6981014,139.7404409,tourism=gallery,tourism=gallery,2.764,4.8,4.0,OSM,スペースパウゼ,Yurakucho,https://www.facebook.com/gallery.pause,ChIJ44CImlyMGGAR9qbLw0xXzCw,https://maps.google.com/?cid=3228051020131837686&g_mp=Cidnb29nbGUubWFwcy5wbGFjZXMudjEuUGxhY2VzLlNlYXJjaFRleHQQAhgEIAA,https://www.facebook.com/gallery.pause,art_gallery|point_of_interest|establishment,False,below dynamic inclusion threshold,high,0,15,12,12,2,5,5,43.764,"score=43.8/110; visitor=0, google=2.8, official=15, scale=12, metro=12, opening=2, mapping=5, penalty=5",No reliable annual visitor count found; included as representative tourism proxy.,node,10153349450.0,gallery,NA,NA,NA,NA,NA,1.2
P0720,Leather Industry Museum,H21,MinamiSenju,1254.5,0.396103,35.724041,139.808234,tourism=museum,tourism=museum,3.571,4.1,7.0,OSM,Leather Industry Museum,Hibiya,https://taito-sangyo.jp/2023/03/10/hikakusangyosiryoukan/,ChIJq_LF0eaOGGARSHxpiKqvpG8,https://maps.google.com/?cid=8044747981358464072&g_mp=Cidnb29nbGUubWFwcy5wbGFjZXMudjEuUGxhY2VzLlNlYXJjaFRleHQQAhgEIAA,https://taito-sangyo.jp/training-center/,point_of_interest|establishment,False,below dynamic inclusion threshold,medium,0,15,16,4,2,3,0,43.571,"score=43.6/110; visitor=0, google=3.6, official=15, scale=16, metro=4, opening=2, mapping=3, penalty=0",No reliable annual visitor count found; included as representative tourism proxy.,node,1420790403.0,museum,NA,NA,NA,NA,NA,11.7
P0721,一客,C04,OmoteSando,304.8,0.394372,35.6683536,139.7119176,tourism=gallery,tourism=gallery,2.381,3.7,3.0,OSM,一客,Chiyoda,https://ikkyaku.co.jp/,ChIJyS7DUJ-MGGARITIGkvYYn9M,https://maps.google.com/?cid=15248934310590689825&g_mp=Cidnb29nbGUubWFwcy5wbGFjZXMudjEuUGxhY2VzLlNlYXJjaFRleHQQAhgEIAA,https://ikkyaku.co.jp/,home_goods_store|store|point_of_interest|establishment,False,Google rating below threshold,high,0,15,12,12,2,5,5,43.381,"score=43.4/110; visitor=0, google=2.4, official=15, scale=12, metro=12, opening=2, mapping=5, penalty=5",No reliable annual visitor count found; included as representative tourism proxy.,node,3198101062.0,gallery,NA,NA,NA,NA,NA,7.0
P0722,情報学環オープンスタジオ,M21,HongoSanchome,530.6,0.394372,35.7114214,139.7612027,tourism=gallery,tourism=gallery,2.381,5.0,3.0,OSM,情報学環オープンスタジオ,Marunouchi,https://openstudio-utokyo.com/,ChIJ1ef8njqMGGARgbWk7DMuS8g,https://maps.google.com/?cid=14432680231387313537&g_mp=Cidnb29nbGUubWFwcy5wbGFjZXMudjEuUGxhY2VzLlNlYXJjaFRleHQQAhgEIAA,https://openstudio-utokyo.com/,research_institute|point_of_interest|establishment,False,below dynamic inclusion threshold,high,0,15,12,12,2,5,5,43.381,"score=43.4/110; visitor=0, google=2.4, official=15, scale=12, metro=12, opening=2, mapping=5, penalty=5",No reliable annual visitor count found; included as representative tourism proxy.,node,4956405780.0,gallery,NA,NA,NA,NA,NA,3.0
P0723,Meguro River Winter Illumination,N01,Meguro,1306.5,0.394019,35.6242123,139.7259251,tourism=attraction,tourism=attraction,3.342,3.8,6.0,OSM,Meguro River Winter Illumination,Namboku,https://www.minna-no-illumi.com/,ChIJ61kgWgCLGGARqx4TbUjMDDs,https://maps.google.com/?cid=4255000359397957291&g_mp=Cidnb29nbGUubWFwcy5wbGFjZXMudjEuUGxhY2VzLlNlYXJjaFRleHQQAhgEIAA,https://www.minna-no-illumi.com/,tourist_attraction|point_of_interest|establishment,False,below dynamic inclusion threshold,medium,0,15,16,4,2,3,0,43.342,"score=43.3/110; visitor=0, google=3.3, official=15, scale=16, metro=4, opening=2, mapping=3, penalty=0",No reliable annual visitor count found; included as representative tourism proxy.,node,6127218495.0,attraction,NA,NA,NA,NA,NA,203.9
P0724,Yamamoto Bridge (North end of Meguro River Winter Illumination),N01,Meguro,1392.8,0.394019,35.6236614,139.7265977,tourism=viewpoint,tourism=viewpoint,3.342,3.8,6.0,OSM,Yamamoto Bridge (North end of Meguro River Winter Illumination),Namboku,https://www.minna-no-illumi.com/,ChIJ61kgWgCLGGARqx4TbUjMDDs,https://maps.google.com/?cid=4255000359397957291&g_mp=Cidnb29nbGUubWFwcy5wbGFjZXMudjEuUGxhY2VzLlNlYXJjaFRleHQQAhgEIAA,https://www.minna-no-illumi.com/,tourist_attraction|point_of_interest|establishment,False,below dynamic inclusion threshold,medium,0,15,16,4,2,3,0,43.342,"score=43.3/110; visitor=0, google=3.3, official=15, scale=16, metro=4, opening=2, mapping=3, penalty=0",No reliable annual visitor count found; included as representative tourism proxy.,node,6127216120.0,viewpoint,NA,NA,NA,NA,NA,117.6
P0725,Chuo Dori,G11,Nihombashi,153.3,0.392687,35.6806608,139.7725393,tourism=attraction,tourism=attraction,7.196,4.6,65.0,OSM,Chuo Dori,Ginza,NA,ChIJl2aYIQGMGGAR6QfA1mWs-FY,https://maps.google.com/?cid=6266948434880628713&g_mp=Cidnb29nbGUubWFwcy5wbGFjZXMudjEuUGxhY2VzLlNlYXJjaFRleHQQAhgEIAA,NA,route,False,below dynamic inclusion threshold,high,0,8,16,15,2,5,10,43.196,"score=43.2/110; visitor=0, google=7.2, official=8, scale=16, metro=15, opening=2, mapping=5, penalty=10",No reliable annual visitor count found; included as representative tourism proxy.,node,6127216101.0,attraction,NA,NA,NA,NA,NA,1256.0
P0726,三井文庫,T02,Ochiai,1222.6,0.391612,35.7183114,139.6762705,tourism=museum,tourism=museum,3.077,4.8,5.0,OSM,三井文庫,Tozai,http://www.mitsui-bunko.or.jp/,ChIJuTH0CKTyGGARUIEiMbmQrVs,https://maps.google.com/?cid=6606095353490080080&g_mp=Cidnb29nbGUubWFwcy5wbGFjZXMudjEuUGxhY2VzLlNlYXJjaFRleHQQAhgEIAA,http://www.mitsui-bunko.or.jp/,association_or_organization|point_of_interest|establishment,False,below dynamic inclusion threshold,medium,0,15,16,4,2,3,0,43.077,"score=43.1/110; visitor=0, google=3.1, official=15, scale=16, metro=4, opening=2, mapping=3, penalty=0",No reliable annual visitor count found; included as representative tourism proxy.,node,2110179364.0,museum,NA,NA,NA,NA,NA,6.3
P0727,Brass,G19,Asakusa,589.9,0.372727,35.7155097,139.8006492,tourism=gallery,tourism=gallery,0.0,4.5,2.0,OSM,Brass,Ginza,https://www.brass-crp.co.jp/,ChIJGw_tL3OPGGAREGhlDKgcJao,https://maps.google.com/?cid=12260237068674099216&g_mp=Cidnb29nbGUubWFwcy5wbGFjZXMudjEuUGxhY2VzLlNlYXJjaFRleHQQAhgEIAA,https://www.brass-crp.co.jp/,general_store|food_store|store|food|point_of_interest|establishment,False,below dynamic inclusion threshold,high,0,15,12,12,2,5,5,41.0,"score=41.0/110; visitor=0, google=0.0, official=15, scale=12, metro=12, opening=2, mapping=5, penalty=5",No reliable annual visitor count found; included as representative tourism proxy. Google Places match is 1918m from original POI coordinate; popularity score set to 0 due to location mismatch.,node,10314092606.0,gallery,NA,NA,NA,NA,NA,1917.9
P0728,Galerie Adekat,Y12,Edogawabashi,719.4,0.318182,35.7103716,139.741987,tourism=gallery,tourism=gallery,0.0,4.0,88.0,OSM,Galerie Adekat,Yurakucho,http://www.nichido-garo.co.jp/,ChIJ-btr9OWLGGARKG-kopCKB9o,https://maps.google.com/?cid=15710678178913873704&g_mp=Cidnb29nbGUubWFwcy5wbGFjZXMudjEuUGxhY2VzLlNlYXJjaFRleHQQAhgEIAA,http://www.nichido-garo.co.jp/,art_gallery|art_museum|museum|point_of_interest|establishment,False,below dynamic inclusion threshold,medium,0,15,12,8,2,3,5,35.0,"score=35.0/110; visitor=0, google=0.0, official=15, scale=12, metro=8, opening=2, mapping=3, penalty=5",No reliable annual visitor count found; included as representative tourism proxy. Google Places match is 4677m from original POI coordinate; popularity score set to 0 due to location mismatch.,node,6089493105.0,gallery,NA,NA,NA,NA,NA,4677.2
P0729,ギャラリー鏤美,G03,Gaiemmae,420.0,0.38355,35.6666416,139.7171159,tourism=gallery,tourism=gallery,1.19,5.0,1.0,OSM,ギャラリー鏤美,Ginza,http://www.gallery-rubi.com/,ChIJlSdi-Z2MGGARB568kqU-nb8,https://maps.google.com/?cid=13807260913440169479&g_mp=Cidnb29nbGUubWFwcy5wbGFjZXMudjEuUGxhY2VzLlNlYXJjaFRleHQQAhgEIAA,NA,art_gallery|point_of_interest|establishment,False,below dynamic inclusion threshold,high,0,15,12,12,2,5,5,42.19,"score=42.2/110; visitor=0, google=1.2, official=15, scale=12, metro=12, opening=2, mapping=5, penalty=5",No reliable annual visitor count found; included as representative tourism proxy.,node,2979173030.0,gallery,NA,NA,NA,NA,NA,6.6
P0730,Sho-rozan [Lu Shan],M22,Korakuen,278.6,0.327273,35.7055646,139.748643,tourism=viewpoint,tourism=viewpoint,0.0,4.3,35.0,OSM,Sho-rozan [Lu Shan],Marunouchi,NA,ChIJS81ZUtM1MDQRTWUAolUF-g8,https://maps.google.com/?cid=1151238520094877005&g_mp=Cidnb29nbGUubWFwcy5wbGFjZXMudjEuUGxhY2VzLlNlYXJjaFRleHQQAhgEIAA,NA,national_park|tourist_attraction|park|point_of_interest|establishment,False,below dynamic inclusion threshold,high,0,8,16,15,2,5,10,36.0,"score=36.0/110; visitor=0, google=0.0, official=8, scale=16, metro=15, opening=2, mapping=5, penalty=10",No reliable annual visitor count found; included as representative tourism proxy. Google Places match is 2319400m from original POI coordinate; popularity score set to 0 due to location mismatch.,node,2068114589.0,viewpoint,NA,NA,NA,NA,NA,2319400.1
P0731,Yurakucho [Seiko] Mullion Musical Clock,M16,Ginza,115.9,0.383223,35.6733202,139.7626088,tourism=attraction,tourism=attraction,6.155,4.7,35.0,OSM,Yurakucho [Seiko] Mullion Musical Clock,Marunouchi,NA,ChIJVfxZXQCLGGARbl0hCAfDys8,https://maps.google.com/?cid=14972994346115226990&g_mp=Cidnb29nbGUubWFwcy5wbGFjZXMudjEuUGxhY2VzLlNlYXJjaFRleHQQAhgEIAA,NA,tourist_attraction|cultural_landmark|point_of_interest|establishment,False,below dynamic inclusion threshold,high,0,8,16,15,2,5,10,42.155,"score=42.2/110; visitor=0, google=6.2, official=8, scale=16, metro=15, opening=2, mapping=5, penalty=10",No reliable annual visitor count found; included as representative tourism proxy.,node,6981927885.0,attraction,NA,NA,NA,NA,NA,3.9
P0732,幽冥鐘,G19,Asakusa,1323.8,0.380789,35.6988682,139.7967718,tourism=attraction,tourism=attraction,1.887,4.5,2.0,OSM,幽冥鐘,Ginza,https://tokyoireikyoukai.or.jp/,ChIJm5P9ZACPGGARt-F1fc3PigU,https://maps.google.com/?cid=399359998455833015&g_mp=Cidnb29nbGUubWFwcy5wbGFjZXMudjEuUGxhY2VzLlNlYXJjaFRleHQQAhgEIAA,https://tokyoireikyoukai.or.jp/,place_of_worship|association_or_organization|point_of_interest|establishment,False,below dynamic inclusion threshold,medium,0,15,16,4,2,3,0,41.887,"score=41.9/110; visitor=0, google=1.9, official=15, scale=16, metro=4, opening=2, mapping=3, penalty=0",No reliable annual visitor count found; included as representative tourism proxy.,node,5715209502.0,attraction,NA,NA,NA,NA,NA,4.3
P0733,OPPO,M02,MinamiAsagaya,745.1,0.318182,35.7061522,139.635314,tourism=gallery,tourism=gallery,0.0,3.1,46.0,OSM,OPPO,Marunouchi,https://www.oppo.com/jp/,ChIJBSL4C2uKGGARBO0PHfJ9l0Q,https://maps.google.com/?cid=4942557594885549316&g_mp=Cidnb29nbGUubWFwcy5wbGFjZXMudjEuUGxhY2VzLlNlYXJjaFRleHQQAhgEIAA,https://www.oppo.com/jp/,corporate_office|point_of_interest|establishment,False,Google rating below threshold,medium,0,15,12,8,2,3,5,35.0,"score=35.0/110; visitor=0, google=0.0, official=15, scale=12, metro=8, opening=2, mapping=3, penalty=5",No reliable annual visitor count found; included as representative tourism proxy. Google Places match is 14133m from original POI coordinate; popularity score set to 0 due to location mismatch.,node,5116257070.0,gallery,NA,NA,NA,NA,NA,14132.5
P0734,Omotesando Dori Winter Illumination,F15,MeijiJingumae,275.2,0.376893,35.6673218,139.7080856,tourism=attraction,tourism=attraction,5.458,4.5,23.0,OSM,Omotesando Dori Winter Illumination,Fukutoshin,NA,ChIJ_wrhBwCNGGARHh9oPla33Zk,https://maps.google.com/?cid=11087219438698110750&g_mp=Cidnb29nbGUubWFwcy5wbGFjZXMudjEuUGxhY2VzLlNlYXJjaFRleHQQAhgEIAA,NA,tourist_attraction|point_of_interest|establishment,False,below dynamic inclusion threshold,high,0,8,16,15,2,5,10,41.458,"score=41.5/110; visitor=0, google=5.5, official=8, scale=16, metro=15, opening=2, mapping=5, penalty=10",No reliable annual visitor count found; included as representative tourism proxy.,node,6127216100.0,attraction,NA,NA,NA,NA,NA,54.3
P0735,Bonsai Trees,N02,Shirokanedai,298.5,0.327273,35.6383231,139.7290918,tourism=attraction,tourism=attraction,0.0,4.7,22.0,OSM,Bonsai Trees,Namboku,NA,ChIJM4mif-iLGGAR6iKjH39cCqY,https://maps.google.com/?cid=11964477061124530922&g_mp=Cidnb29nbGUubWFwcy5wbGFjZXMudjEuUGxhY2VzLlNlYXJjaFRleHQQAhgEIAA,NA,store|point_of_interest|establishment,False,below dynamic inclusion threshold,high,0,8,16,15,2,5,10,36.0,"score=36.0/110; visitor=0, google=0.0, official=8, scale=16, metro=15, opening=2, mapping=5, penalty=10",No reliable annual visitor count found; included as representative tourism proxy. Google Places match is 4508m from original POI coordinate; popularity score set to 0 due to location mismatch.,node,6618789785.0,attraction,NA,NA,NA,NA,NA,4508.5
P0736,Yoshizawa Baseball Museum,T23,NishiFunabashi,1407.2,0.374459,35.7154437,139.9469688,tourism=museum,tourism=museum,1.19,5.0,1.0,OSM,Yoshizawa Baseball Museum,Tozai,https://www.city.funabashi.lg.jp/funabashistyle/jp/002/p109790.html,ChIJkccddtqAGGARjL2sJja5jJE,https://maps.google.com/?cid=10487961274467270028&g_mp=Cidnb29nbGUubWFwcy5wbGFjZXMudjEuUGxhY2VzLlNlYXJjaFRleHQQAhgEIAA,NA,museum|point_of_interest|establishment,False,below dynamic inclusion threshold,medium,0,15,16,4,2,3,0,41.19,"score=41.2/110; visitor=0, google=1.2, official=15, scale=16, metro=4, opening=2, mapping=3, penalty=0",No reliable annual visitor count found; included as representative tourism proxy.,way,908074840.0,museum,NA,NA,NA,NA,NA,2.0
P0737,Suica ペンギンの広場,F13,ShinjukuSanchome,440.4,0.372727,35.68812,139.7009331,tourism=attraction,tourism=attraction,0.0,NA,NA,OSM,Suica ペンギンの広場,Fukutoshin,NA,ChIJM0UsBtCMGGARCaIgrT1IAEA,https://maps.google.com/?cid=4611765448162189833&g_mp=Cidnb29nbGUubWFwcy5wbGFjZXMudjEuUGxhY2VzLlNlYXJjaFRleHQQAhgEIAA,NA,subpremise|street_address,False,below dynamic inclusion threshold,high,0,8,16,12,10,5,10,41.0,"score=41.0/110; visitor=0, google=0.0, official=8, scale=16, metro=12, opening=10, mapping=5, penalty=10",No reliable annual visitor count found; included as representative tourism proxy.,node,11991698170.0,attraction,NA,NA,NA,NA,NA,24.6
P0738,TAV gallery,M02,MinamiAsagaya,980.2,0.318182,35.7082618,139.6360516,tourism=gallery,tourism=gallery,0.0,4.2,29.0,OSM,TAV gallery,Marunouchi,http://tavgallery.com/,ChIJfSzf6ontGGARhbNvQhLivUo,https://maps.google.com/?cid=5385709297456886661&g_mp=Cidnb29nbGUubWFwcy5wbGFjZXMudjEuUGxhY2VzLlNlYXJjaFRleHQQAhgEIAA,http://tavgallery.com/,art_gallery|point_of_interest|establishment,False,below dynamic inclusion threshold,medium,0,15,12,8,2,3,5,35.0,"score=35.0/110; visitor=0, google=0.0, official=15, scale=12, metro=8, opening=2, mapping=3, penalty=5",No reliable annual visitor count found; included as representative tourism proxy. Google Places match is 9243m from original POI coordinate; popularity score set to 0 due to location mismatch.,node,4339479395.0,gallery,NA,NA,NA,NA,NA,9242.6
P0739,Pedestrian Bridge,N16,Oji,131.4,0.364712,35.7535063,139.7382039,tourism=viewpoint,tourism=viewpoint,4.118,4.5,10.0,OSM,Pedestrian Bridge,Namboku,NA,ChIJw3NT56yTGGARoncsw7-Srpc,https://maps.google.com/?cid=10929834697985652642&g_mp=Cidnb29nbGUubWFwcy5wbGFjZXMudjEuUGxhY2VzLlNlYXJjaFRleHQQAhgEIAA,NA,bridge|transportation_service|point_of_interest|establishment,False,below dynamic inclusion threshold,high,0,8,16,15,2,5,10,40.118,"score=40.1/110; visitor=0, google=4.1, official=8, scale=16, metro=15, opening=2, mapping=5, penalty=10",No reliable annual visitor count found; included as representative tourism proxy.,node,6127218501.0,viewpoint,NA,NA,NA,NA,NA,285.6
P0740,Pedestrian Bridge,N16,Oji,198.8,0.364712,35.752818,139.7382054,tourism=viewpoint,tourism=viewpoint,4.118,4.5,10.0,OSM,Pedestrian Bridge,Namboku,NA,ChIJw3NT56yTGGARoncsw7-Srpc,https://maps.google.com/?cid=10929834697985652642&g_mp=Cidnb29nbGUubWFwcy5wbGFjZXMudjEuUGxhY2VzLlNlYXJjaFRleHQQAhgEIAA,NA,bridge|transportation_service|point_of_interest|establishment,False,below dynamic inclusion threshold,high,0,8,16,15,2,5,10,40.118,"score=40.1/110; visitor=0, google=4.1, official=8, scale=16, metro=15, opening=2, mapping=5, penalty=10",No reliable annual visitor count found; included as representative tourism proxy.,node,6127216110.0,viewpoint,NA,NA,NA,NA,NA,213.8
P0741,2549,T01,Nakano,938.2,0.364154,35.7136973,139.6690618,tourism=gallery,tourism=gallery,5.057,4.2,18.0,OSM,2549,Tozai,http://gallery2549.p2.weblife.me/,ChIJ46uN9pjyGGAR9yGdX4qT_Hs,https://maps.google.com/?cid=8934177983315124727&g_mp=Cidnb29nbGUubWFwcy5wbGFjZXMudjEuUGxhY2VzLlNlYXJjaFRleHQQAhgEIAA,http://gallery2549.p2.weblife.me/,art_gallery|point_of_interest|establishment,False,below dynamic inclusion threshold,medium,0,15,12,8,2,3,5,40.057,"score=40.1/110; visitor=0, google=5.1, official=15, scale=12, metro=8, opening=2, mapping=3, penalty=5",No reliable annual visitor count found; included as representative tourism proxy.,node,5608306764.0,gallery,NA,NA,NA,NA,NA,2.2
P0742,Kinshichodoujou,Z12,Sumiyoshi,535.6,0.362281,35.688094,139.8097842,tourism=attraction,tourism=attraction,6.851,4.8,53.0,OSM,錦糸町道場,Hanzomon,NA,ChIJ61xN_YuJGGARQ09zK86rXGw,https://maps.google.com/?cid=7808304755934187331&g_mp=Cidnb29nbGUubWFwcy5wbGFjZXMudjEuUGxhY2VzLlNlYXJjaFRleHQQAhgEIAA,NA,mosque|place_of_worship|association_or_organization|point_of_interest|establishment,False,below dynamic inclusion threshold,high,0,8,16,12,2,5,10,39.851,"score=39.9/110; visitor=0, google=6.9, official=8, scale=16, metro=12, opening=2, mapping=5, penalty=10",No reliable annual visitor count found; included as representative tourism proxy.,node,4932084625.0,attraction,NA,NA,NA,NA,NA,954.3
P0743,Main Gate,N12,Todaimae,586.6,0.3,35.7129409,139.7596604,tourism=attraction,tourism=attraction,0.0,4.4,49.0,OSM,Main Gate,Namboku,NA,ChIJgzwL_QuMGGAR6xGd6K4fYGk,https://maps.google.com/?cid=7593103807834034667&g_mp=Cidnb29nbGUubWFwcy5wbGFjZXMudjEuUGxhY2VzLlNlYXJjaFRleHQQAhgEIAA,NA,historical_landmark|tourist_attraction|historical_place|point_of_interest|establishment,False,below dynamic inclusion threshold,high,0,8,16,12,2,5,10,33.0,"score=33.0/110; visitor=0, google=0.0, official=8, scale=16, metro=12, opening=2, mapping=5, penalty=10",No reliable annual visitor count found; included as representative tourism proxy. Google Places match is 2927m from original POI coordinate; popularity score set to 0 due to location mismatch.,node,1623971579.0,attraction,NA,NA,NA,NA,NA,2927.5
P0744,Shinjuku Southern Terrace Winter Illumination,F13,ShinjukuSanchome,571.4,0.355058,35.6868199,139.7004528,tourism=attraction,tourism=attraction,6.056,3.9,33.0,OSM,Shinjuku Southern Terrace Winter Illumination,Fukutoshin,NA,ChIJUU47w9CMGGARd6pmqFPgiy4,https://maps.google.com/?cid=3354020997419674231&g_mp=Cidnb29nbGUubWFwcy5wbGFjZXMudjEuUGxhY2VzLlNlYXJjaFRleHQQAhgEIAA,NA,shopping_mall|point_of_interest|establishment,False,below dynamic inclusion threshold,high,0,8,16,12,2,5,10,39.056,"score=39.1/110; visitor=0, google=6.1, official=8, scale=16, metro=12, opening=2, mapping=5, penalty=10",No reliable annual visitor count found; included as representative tourism proxy.,node,6127218492.0,attraction,NA,NA,NA,NA,NA,409.3
P0745,カワウ,G16,Ueno,406.4,0.3,35.7134594,139.7715925,tourism=attraction,tourism=attraction,0.0,3.9,25.0,OSM,カワウ,Ginza,NA,ChIJnx0tD06JGGAR5DgAFIlglIE,https://maps.google.com/?cid=9337194069308225764&g_mp=Cidnb29nbGUubWFwcy5wbGFjZXMudjEuUGxhY2VzLlNlYXJjaFRleHQQAhgEIAA,NA,japanese_restaurant|restaurant|food|point_of_interest|establishment,False,below dynamic inclusion threshold,high,0,8,16,12,2,5,10,33.0,"score=33.0/110; visitor=0, google=0.0, official=8, scale=16, metro=12, opening=2, mapping=5, penalty=10",No reliable annual visitor count found; included as representative tourism proxy. Google Places match is 4745m from original POI coordinate; popularity score set to 0 due to location mismatch.,node,4987697650.0,attraction,NA,NA,NA,NA,NA,4745.4
P0746,素人の乱12号店,M03,ShinKoenji,998.9,0.346157,35.7066759,139.6463856,tourism=gallery,tourism=gallery,3.077,3.4,5.0,OSM,素人の乱12号店,Marunouchi,https://12gouten.shirouto.org/,ChIJA-2w2nzzGGAR2relMNpLQiY,https://maps.google.com/?cid=2756849322395285466&g_mp=Cidnb29nbGUubWFwcy5wbGFjZXMudjEuUGxhY2VzLlNlYXJjaFRleHQQAhgEIAA,https://12gouten.shirouto.org/,general_store|food_store|food|store|point_of_interest|establishment,False,Google rating below threshold,medium,0,15,12,8,2,3,5,38.077,"score=38.1/110; visitor=0, google=3.1, official=15, scale=12, metro=8, opening=2, mapping=3, penalty=5",No reliable annual visitor count found; included as representative tourism proxy.,node,3910153867.0,gallery,NA,NA,NA,NA,NA,3.6
P0747,さざれ石,M20,Ochanomizu,346.6,0.3,35.7015606,139.7679825,tourism=attraction,tourism=attraction,0.0,4.5,18.0,OSM,さざれ石,Marunouchi,NA,ChIJ6xv7V--NGGAReRAJJ7vza5Y,https://maps.google.com/?cid=10839024913336569977&g_mp=Cidnb29nbGUubWFwcy5wbGFjZXMudjEuUGxhY2VzLlNlYXJjaFRleHQQAhgEIAA,NA,tourist_attraction|point_of_interest|establishment,False,below dynamic inclusion threshold,high,0,8,16,12,2,5,10,33.0,"score=33.0/110; visitor=0, google=0.0, official=8, scale=16, metro=12, opening=2, mapping=5, penalty=10",No reliable annual visitor count found; included as representative tourism proxy. Google Places match is 1933m from original POI coordinate; popularity score set to 0 due to location mismatch.,node,5292835775.0,attraction,NA,NA,NA,NA,NA,1932.7
P0748,Century Museum,M21,HongoSanchome,467.7,0.3,35.702532,139.7597595,tourism=museum,tourism=museum,0.0,4.3,17.0,OSM,Century Museum,Marunouchi,NA,ChIJSbLoAQONGGARddZyFTND4XM,https://maps.google.com/?cid=8350029070803850869&g_mp=Cidnb29nbGUubWFwcy5wbGFjZXMudjEuUGxhY2VzLlNlYXJjaFRleHQQAhgEIAA,NA,museum|tourist_attraction|point_of_interest|establishment,False,below dynamic inclusion threshold,high,0,8,16,12,2,5,10,33.0,"score=33.0/110; visitor=0, google=0.0, official=8, scale=16, metro=12, opening=2, mapping=5, penalty=10",No reliable annual visitor count found; included as representative tourism proxy. Google Places match is 3284m from original POI coordinate; popularity score set to 0 due to location mismatch.,node,1420765213.0,museum,NA,NA,NA,NA,NA,3283.9
P0749,Tokyo Illumia Winter Illumination,G11,Nihombashi,163.3,0.327273,35.6810783,139.7718197,tourism=attraction,tourism=attraction,0.0,5.0,2.0,OSM,Tokyo Illumia Winter Illumination,Ginza,NA,ChIJC7t94FONGGARYvaR8y1u5-A,https://maps.google.com/?cid=16206042927755032162&g_mp=Cidnb29nbGUubWFwcy5wbGFjZXMudjEuUGxhY2VzLlNlYXJjaFRleHQQAhgEIAA,NA,event_venue|point_of_interest|establishment,False,below dynamic inclusion threshold,high,0,8,16,15,2,5,10,36.0,"score=36.0/110; visitor=0, google=0.0, official=8, scale=16, metro=15, opening=2, mapping=5, penalty=10",No reliable annual visitor count found; included as representative tourism proxy. Google Places match is 2037m from original POI coordinate; popularity score set to 0 due to location mismatch.,node,6127218494.0,attraction,NA,NA,NA,NA,NA,2037.1
P0750,Daigo Fukuryu Maru Engine,Y24,ShinKiba,604.5,0.343289,35.6512104,139.8262958,tourism=attraction,tourism=attraction,4.762,4.2,15.0,OSM,Daigo Fukuryu Maru Engine,Yurakucho,NA,ChIJi-96at2JGGARqrX8C0FB6Sw,https://maps.google.com/?cid=3236189554872202666&g_mp=Cidnb29nbGUubWFwcy5wbGFjZXMudjEuUGxhY2VzLlNlYXJjaFRleHQQAhgEIAA,NA,historical_landmark|historical_place|point_of_interest|establishment,False,below dynamic inclusion threshold,high,0,8,16,12,2,5,10,37.762,"score=37.8/110; visitor=0, google=4.8, official=8, scale=16, metro=12, opening=2, mapping=5, penalty=10",No reliable annual visitor count found; included as representative tourism proxy.,node,13464506610.0,attraction,NA,NA,NA,NA,NA,0.9
P0751,Electric Street,M08,Shinjuku,488.2,0.3,35.688775,139.6975936,tourism=attraction,tourism=attraction,0.0,4.3,12.0,OSM,Electric Street,Marunouchi,NA,ChIJQ43aWxPHxokRJ8x5IQ88nLc,https://maps.google.com/?cid=13230515840991480871&g_mp=Cidnb29nbGUubWFwcy5wbGFjZXMudjEuUGxhY2VzLlNlYXJjaFRleHQQAhgEIAA,NA,point_of_interest|establishment,False,below dynamic inclusion threshold,high,0,8,16,12,2,5,10,33.0,"score=33.0/110; visitor=0, google=0.0, official=8, scale=16, metro=12, opening=2, mapping=5, penalty=10",No reliable annual visitor count found; included as representative tourism proxy. Google Places match is 10880446m from original POI coordinate; popularity score set to 0 due to location mismatch.,node,4881036321.0,attraction,NA,NA,NA,NA,NA,10880445.8
P0752,Hellogallerytokyo,M07,NishiShinjuku,1294.2,0.281818,35.6829541,139.6909055,tourism=gallery,tourism=gallery,0.0,4.3,34.0,OSM,Hellogallerytokyo,Marunouchi,http://space-halo.jp/,ChIJU_bUWlmNGGARZhepoobsoEc,https://maps.google.com/?cid=5161385235965351782&g_mp=Cidnb29nbGUubWFwcy5wbGFjZXMudjEuUGxhY2VzLlNlYXJjaFRleHQQAhgEIAA,http://space-halo.jp/,art_gallery|real_estate_agency|service|point_of_interest|establishment,False,below dynamic inclusion threshold,medium,0,15,12,4,2,3,5,31.0,"score=31.0/110; visitor=0, google=0.0, official=15, scale=12, metro=4, opening=2, mapping=3, penalty=5",No reliable annual visitor count found; included as representative tourism proxy. Google Places match is 4641m from original POI coordinate; popularity score set to 0 due to location mismatch.,node,11330579425.0,gallery,NA,NA,NA,NA,NA,4641.5
P0753,ストークビル道玄坂,Z01,Shibuya,489.3,0.330382,35.6576721,139.6960811,tourism=museum,tourism=museum,3.342,4.3,6.0,OSM,ストークビル道玄坂,Hanzomon,NA,ChIJ17wuyXGLGGAR-ftrWMXwPck,https://maps.google.com/?cid=14501011105585560569&g_mp=Cidnb29nbGUubWFwcy5wbGFjZXMudjEuUGxhY2VzLlNlYXJjaFRleHQQAhgEIAA,NA,point_of_interest|establishment,False,below dynamic inclusion threshold,high,0,8,16,12,2,5,10,36.342,"score=36.3/110; visitor=0, google=3.3, official=8, scale=16, metro=12, opening=2, mapping=5, penalty=10",No reliable annual visitor count found; included as representative tourism proxy.,way,136587732.0,museum,NA,NA,NA,NA,NA,1.4
P0754,Reflection of a Mineral House,Mb05,NakanoShimbashi,607.9,0.327975,35.6863921,139.6756869,tourism=attraction,tourism=attraction,3.077,4.6,5.0,OSM,Reflection of a Mineral House,MarunouchiBranch,NA,ChIJyQUIMxTzGGARLs12aSp__GY,https://maps.google.com/?cid=7420946106134482222&g_mp=Cidnb29nbGUubWFwcy5wbGFjZXMudjEuUGxhY2VzLlNlYXJjaFRleHQQAhgEIAA,NA,apartment_building|point_of_interest|service|establishment,False,below dynamic inclusion threshold,high,0,8,16,12,2,5,10,36.077,"score=36.1/110; visitor=0, google=3.1, official=8, scale=16, metro=12, opening=2, mapping=5, penalty=10",No reliable annual visitor count found; included as representative tourism proxy.,node,5369137422.0,attraction,NA,NA,NA,NA,NA,1.8
P0755,Mosaic Street,M08,Shinjuku,195.0,0.327273,35.6910955,139.6991799,tourism=attraction,tourism=attraction,0.0,NA,NA,OSM,Mosaic Street,Marunouchi,NA,ChIJIWrO0s_-GGARfy_vvydd0H0,https://maps.google.com/?cid=9065848475202039679&g_mp=Cidnb29nbGUubWFwcy5wbGFjZXMudjEuUGxhY2VzLlNlYXJjaFRleHQQAhgEIAA,NA,route,False,below dynamic inclusion threshold,high,0,8,16,15,2,5,10,36.0,"score=36.0/110; visitor=0, google=0.0, official=8, scale=16, metro=15, opening=2, mapping=5, penalty=10",No reliable annual visitor count found; included as representative tourism proxy. Google Places match is 29739m from original POI coordinate; popularity score set to 0 due to location mismatch.,node,4719495289.0,attraction,NA,NA,NA,NA,NA,29739.4
P0756,Ningyōchō Dori,H14,Ningyocho,202.8,0.327273,35.6877504,139.7810458,tourism=attraction,tourism=attraction,0.0,NA,NA,OSM,Ningyōchō Dori,Hibiya,NA,ChIJ4X8iZ0WJGGAR04se0LTFNNc,https://maps.google.com/?cid=15507236797319908307&g_mp=Cidnb29nbGUubWFwcy5wbGFjZXMudjEuUGxhY2VzLlNlYXJjaFRleHQQAhgEIAA,NA,route,False,below dynamic inclusion threshold,high,0,8,16,15,2,5,10,36.0,"score=36.0/110; visitor=0, google=0.0, official=8, scale=16, metro=15, opening=2, mapping=5, penalty=10",No reliable annual visitor count found; included as representative tourism proxy.,node,6163717790.0,attraction,NA,NA,NA,NA,NA,24.6
P0757,Takeshita Street,C03,MeijiJingumae,285.9,0.327273,35.6715932,139.7030663,tourism=attraction,tourism=attraction,0.0,NA,NA,OSM,Takeshita Street,Chiyoda,NA,ChIJlVne8bqMGGARtX5O6ojMvsI,https://maps.google.com/?cid=14032878377351675573&g_mp=Cidnb29nbGUubWFwcy5wbGFjZXMudjEuUGxhY2VzLlNlYXJjaFRleHQQAhgEIAA,NA,route,False,below dynamic inclusion threshold,high,0,8,16,15,2,5,10,36.0,"score=36.0/110; visitor=0, google=0.0, official=8, scale=16, metro=15, opening=2, mapping=5, penalty=10",No reliable annual visitor count found; included as representative tourism proxy.,node,13264304601.0,attraction,NA,NA,NA,NA,NA,201.0
P0758,Zemaitis Museum,G13,Kanda,67.2,0.327273,35.6937575,139.7716325,tourism=museum,tourism=museum,0.0,NA,NA,OSM,Zemaitis Museum,Ginza,NA,ChIJbzaqFQKMGGARqhznpyT5uOs,https://maps.google.com/?cid=16985599930458905770&g_mp=Cidnb29nbGUubWFwcy5wbGFjZXMudjEuUGxhY2VzLlNlYXJjaFRleHQQAhgEIAA,NA,point_of_interest|establishment,False,below dynamic inclusion threshold,high,0,8,16,15,2,5,10,36.0,"score=36.0/110; visitor=0, google=0.0, official=8, scale=16, metro=15, opening=2, mapping=5, penalty=10",No reliable annual visitor count found; included as representative tourism proxy.,node,1248297444.0,museum,NA,NA,NA,NA,NA,15.5
P0759,滝野川第二小学校花壇,N15,Nishigahara,1392.3,0.327273,35.7450633,139.7268704,leisure=garden,leisure=garden,0.0,NA,NA,OSM,滝野川第二小学校花壇,Namboku,https://www.city.kita.lg.jp/education/elementary/takinogawadai2/index.html,ChIJ0bXzPIKSGGARdMtbCY60v4w,https://maps.google.com/?cid=10142023407997012852&g_mp=Cidnb29nbGUubWFwcy5wbGFjZXMudjEuUGxhY2VzLlNlYXJjaFRleHQQAhgEIAA,https://www.city.kita.lg.jp/education/elementary/takinogawadai2/index.html,primary_school|school|educational_institution|point_of_interest|establishment,False,below dynamic inclusion threshold,medium,0,15,12,4,2,3,0,36.0,"score=36.0/110; visitor=0, google=0.0, official=15, scale=12, metro=4, opening=2, mapping=3, penalty=0",No reliable annual visitor count found; included as representative tourism proxy.,node,9079980709.0,NA,NA,garden,NA,NA,NA,60.2
P0760,おあな,N11,Korakuen,509.6,0.321645,35.7122878,139.7488169,tourism=attraction,tourism=attraction,2.381,4.7,3.0,OSM,おあな,Namboku,NA,ChIJ8XUBXvmNGGAR39rWQxToi7A,https://maps.google.com/?cid=12721516746173242079&g_mp=Cidnb29nbGUubWFwcy5wbGFjZXMudjEuUGxhY2VzLlNlYXJjaFRleHQQAhgEIAA,NA,place_of_worship|association_or_organization|point_of_interest|establishment,False,below dynamic inclusion threshold,high,0,8,16,12,2,5,10,35.381,"score=35.4/110; visitor=0, google=2.4, official=8, scale=16, metro=12, opening=2, mapping=5, penalty=10",No reliable annual visitor count found; included as representative tourism proxy.,node,7550876296.0,attraction,NA,NA,NA,NA,NA,9.6
P0761,Up The Stairs,N01,Meguro,625.7,0.3,35.6281932,139.7111826,tourism=viewpoint,tourism=viewpoint,0.0,4.5,2.0,OSM,Up The Stairs,Namboku,NA,ChIJnyDtfqaMGGARHNWqh-Oss2c,https://maps.google.com/?cid=7472506299971458332&g_mp=Cidnb29nbGUubWFwcy5wbGFjZXMudjEuUGxhY2VzLlNlYXJjaFRleHQQAhgEIAA,NA,clothing_store|store|point_of_interest|establishment,False,below dynamic inclusion threshold,high,0,8,16,12,2,5,10,33.0,"score=33.0/110; visitor=0, google=0.0, official=8, scale=16, metro=12, opening=2, mapping=5, penalty=10",No reliable annual visitor count found; included as representative tourism proxy. Google Places match is 4185m from original POI coordinate; popularity score set to 0 due to location mismatch.,node,4464470193.0,viewpoint,NA,NA,NA,NA,NA,4184.5
P0762,新木場のハーブガーデン,Y24,ShinKiba,95.6,0.316038,35.644923,139.8265146,leisure=garden,leisure=garden,2.764,4.3,4.0,OSM,新木場のハーブガーデン,Yurakucho,NA,ChIJtw11MQCJGGARGiBP8G0BS9c,https://maps.google.com/?cid=15513494913102585882&g_mp=Cidnb29nbGUubWFwcy5wbGFjZXMudjEuUGxhY2VzLlNlYXJjaFRleHQQAhgEIAA,NA,garden|point_of_interest|establishment,False,below dynamic inclusion threshold,high,0,8,12,15,2,5,10,34.764,"score=34.8/110; visitor=0, google=2.8, official=8, scale=12, metro=15, opening=2, mapping=5, penalty=10",No reliable annual visitor count found; included as representative tourism proxy.,way,129219198.0,NA,NA,garden,NA,NA,NA,3.3
P0763,試衛館跡,T04,Waseda,846.1,0.311563,35.699034,139.726753,tourism=attraction,tourism=attraction,7.272,3.9,68.0,OSM,試衛館跡,Tozai,NA,ChIJO3tXIPqMGGARxTrWom1IA3w,https://maps.google.com/?cid=8936065721353779909&g_mp=Cidnb29nbGUubWFwcy5wbGFjZXMudjEuUGxhY2VzLlNlYXJjaFRleHQQAhgEIAA,NA,historical_landmark|historical_place|point_of_interest|establishment,False,below dynamic inclusion threshold,medium,0,8,16,8,2,3,10,34.272,"score=34.3/110; visitor=0, google=7.3, official=8, scale=16, metro=8, opening=2, mapping=3, penalty=10",No reliable annual visitor count found; included as representative tourism proxy.,node,4409374259.0,attraction,NA,NA,NA,NA,NA,1.1
P0764,コナラ林,N01,Meguro,619.3,0.3,35.6377743,139.7178077,tourism=viewpoint,tourism=viewpoint,0.0,3.0,1.0,OSM,コナラ林,Namboku,NA,ChIJa18F_8P_GGARZN6EMoV6488,https://maps.google.com/?cid=14979951498061209188&g_mp=Cidnb29nbGUubWFwcy5wbGFjZXMudjEuUGxhY2VzLlNlYXJjaFRleHQQAhgEIAA,NA,nature_preserve|park|point_of_interest|establishment,False,Google rating below threshold,high,0,8,16,12,2,5,10,33.0,"score=33.0/110; visitor=0, google=0.0, official=8, scale=16, metro=12, opening=2, mapping=5, penalty=10",No reliable annual visitor count found; included as representative tourism proxy. Google Places match is 32919m from original POI coordinate; popularity score set to 0 due to location mismatch.,node,7972571994.0,viewpoint,NA,NA,NA,NA,NA,32918.7
P0765,Rose Garden,M10,ShinjukuGyoemmae,637.2,0.263636,35.683287,139.7137775,leisure=garden,leisure=garden,0.0,4.1,18.0,OSM,Rose Garden,Marunouchi,NA,ChIJP1fSvHeLGGARhpmAJWs-LyE,https://maps.google.com/?cid=2391198557068630406&g_mp=Cidnb29nbGUubWFwcy5wbGFjZXMudjEuUGxhY2VzLlNlYXJjaFRleHQQAhgEIAA,NA,park|tourist_attraction|point_of_interest|establishment,False,below dynamic inclusion threshold,high,0,8,12,12,2,5,10,29.0,"score=29.0/110; visitor=0, google=0.0, official=8, scale=12, metro=12, opening=2, mapping=5, penalty=10",No reliable annual visitor count found; included as representative tourism proxy. Google Places match is 2879m from original POI coordinate; popularity score set to 0 due to location mismatch.,relation,18158006.0,NA,NA,garden,NA,NA,NA,2878.8
P0766,バラ園,T08,Takebashi,521.8,0.308765,35.6863016,139.7549464,leisure=garden,leisure=garden,4.964,4.1,17.0,OSM,バラ園,Tozai,NA,ChIJ_UcatpqNGGAROLo1xvR9haY,https://maps.google.com/?cid=11999135272449456696&g_mp=Cidnb29nbGUubWFwcy5wbGFjZXMudjEuUGxhY2VzLlNlYXJjaFRleHQQAhgEIAA,NA,park|farm|wholesaler|service|point_of_interest|establishment,False,below dynamic inclusion threshold,high,0,8,12,12,2,5,10,33.964,"score=34.0/110; visitor=0, google=5.0, official=8, scale=12, metro=12, opening=2, mapping=5, penalty=10",No reliable annual visitor count found; included as representative tourism proxy.,way,176721209.0,NA,NA,garden,NA,NA,NA,2.3
P0767,Shinhama Imperial Wild Duck Preserve,T20,Gyotoku,1171.9,0.281818,35.6725742,139.9181092,tourism=zoo,tourism=zoo,0.0,4.0,4.0,OSM,Shinhama Imperial Wild Duck Preserve,Tozai,NA,ChIJHUquO6qXGGARjRxEY2x4YH4,https://maps.google.com/?cid=9106410853460352141&g_mp=Cidnb29nbGUubWFwcy5wbGFjZXMudjEuUGxhY2VzLlNlYXJjaFRleHQQAhgEIAA,NA,park|point_of_interest|establishment,False,below dynamic inclusion threshold,medium,0,8,20,8,2,3,10,31.0,"score=31.0/110; visitor=0, google=0.0, official=8, scale=20, metro=8, opening=2, mapping=3, penalty=10",No reliable annual visitor count found; included as representative tourism proxy. Google Places match is 29251m from original POI coordinate; popularity score set to 0 due to location mismatch.,relation,12408703.0,zoo,NA,NA,NA,NA,NA,29251.4
P0768,The Okura Tokyo garden,H06,ToranomonHills,322.3,0.302434,35.6676974,139.7442027,leisure=garden,leisure=garden,4.268,3.9,11.0,OSM,オークラ庭園,Hibiya,NA,ChIJKXIuixuLGGAR9o3NGc3nZM4,https://maps.google.com/?cid=14872266737571433974&g_mp=Cidnb29nbGUubWFwcy5wbGFjZXMudjEuUGxhY2VzLlNlYXJjaFRleHQQAhgEIAA,NA,garden|point_of_interest|establishment,False,below dynamic inclusion threshold,high,0,8,12,12,2,5,10,33.268,"score=33.3/110; visitor=0, google=4.3, official=8, scale=12, metro=12, opening=2, mapping=5, penalty=10",No reliable annual visitor count found; included as representative tourism proxy.,way,1468630437.0,NA,NA,garden,NA,NA,NA,33.9
P0769,Cat Street,F15,MeijiJingumae,619.1,0.3,35.6723225,139.7098527,tourism=attraction,tourism=attraction,0.0,NA,NA,OSM,Cat Street,Fukutoshin,NA,ChIJ17kZCKOMGGAR0ANFBM3oK0Y,https://maps.google.com/?cid=5056390973891085264&g_mp=Cidnb29nbGUubWFwcy5wbGFjZXMudjEuUGxhY2VzLlNlYXJjaFRleHQQAhgEIAA,NA,route,False,below dynamic inclusion threshold,high,0,8,16,12,2,5,10,33.0,"score=33.0/110; visitor=0, google=0.0, official=8, scale=16, metro=12, opening=2, mapping=5, penalty=10",No reliable annual visitor count found; included as representative tourism proxy.,node,10816259205.0,attraction,NA,NA,NA,NA,NA,668.2
P0770,Daikanyama neighborhood,H01,NakaMeguro,577.9,0.3,35.6487983,139.7015874,tourism=attraction,tourism=attraction,0.0,NA,NA,OSM,Daikanyama neighborhood,Hibiya,NA,ChIJ68vK5kSLGGARoiBaKr3YZgU,https://maps.google.com/?cid=389236724785094818&g_mp=Cidnb29nbGUubWFwcy5wbGFjZXMudjEuUGxhY2VzLlNlYXJjaFRleHQQAhgEIAA,NA,sublocality_level_2|sublocality|political,False,below dynamic inclusion threshold,high,0,8,16,12,2,5,10,33.0,"score=33.0/110; visitor=0, google=0.0, official=8, scale=16, metro=12, opening=2, mapping=5, penalty=10",No reliable annual visitor count found; included as representative tourism proxy.,node,4899711029.0,attraction,NA,NA,NA,NA,NA,307.2
P0771,Look St,M03,ShinKoenji,527.3,0.3,35.7025883,139.6480624,tourism=attraction,tourism=attraction,0.0,NA,NA,OSM,Look St,Marunouchi,NA,ChIJjw0nXsslAIgRXu4j7sX4GLw,https://maps.google.com/?cid=13553856607559085662&g_mp=Cidnb29nbGUubWFwcy5wbGFjZXMudjEuUGxhY2VzLlNlYXJjaFRleHQQAhgEIAA,NA,route,False,below dynamic inclusion threshold,high,0,8,16,12,2,5,10,33.0,"score=33.0/110; visitor=0, google=0.0, official=8, scale=16, metro=12, opening=2, mapping=5, penalty=10",No reliable annual visitor count found; included as representative tourism proxy. Google Places match is 9775039m from original POI coordinate; popularity score set to 0 due to location mismatch.,node,5084839932.0,attraction,NA,NA,NA,NA,NA,9775038.7
P0772,Miyashita Park North,Z01,Shibuya,384.4,0.3,35.6628373,139.7018875,tourism=attraction,tourism=attraction,0.0,NA,NA,OSM,ミヤシタパークノース,Hanzomon,NA,ChIJqfzVLKaMGGARsr-ZUI90pqo,https://maps.google.com/?cid=12296643991463116722&g_mp=Cidnb29nbGUubWFwcy5wbGFjZXMudjEuUGxhY2VzLlNlYXJjaFRleHQQAhgEIAA,NA,premise|street_address,False,below dynamic inclusion threshold,high,0,8,16,12,2,5,10,33.0,"score=33.0/110; visitor=0, google=0.0, official=8, scale=16, metro=12, opening=2, mapping=5, penalty=10",No reliable annual visitor count found; included as representative tourism proxy.,node,13012902080.0,attraction,NA,NA,NA,NA,NA,92.5
P0773,Time capsule 1982-2032,H01,NakaMeguro,1491.5,0.3,35.6434256,139.6823485,tourism=attraction,tourism=attraction,0.0,NA,NA,OSM,Time capsule 1982-2032,Hibiya,NA,NA,NA,NA,NA,False,below dynamic inclusion threshold,medium,0,8,16,4,2,3,0,33.0,"score=33.0/110; visitor=0, google=0.0, official=8, scale=16, metro=4, opening=2, mapping=3, penalty=0",No reliable annual visitor count found; included as representative tourism proxy.,node,5021841424.0,attraction,NA,NA,NA,NA,NA,NA
P0774,VR忍者道場,G13,Kanda,318.5,0.3,35.6918562,139.7682069,tourism=attraction,tourism=attraction,0.0,NA,NA,OSM,VR忍者道場,Ginza,NA,ChIJAxCoblKNGGAR_9ywWXjvAvs,https://maps.google.com/?cid=18087282353653210367&g_mp=Cidnb29nbGUubWFwcy5wbGFjZXMudjEuUGxhY2VzLlNlYXJjaFRleHQQAhgEIAA,NA,sports_club|association_or_organization|point_of_interest|establishment,False,below dynamic inclusion threshold,high,0,8,16,12,2,5,10,33.0,"score=33.0/110; visitor=0, google=0.0, official=8, scale=16, metro=12, opening=2, mapping=5, penalty=10",No reliable annual visitor count found; included as representative tourism proxy.,node,7106414685.0,attraction,NA,NA,NA,NA,NA,2.1
P0775,外交史料館別館,N05,RoppongiItchome,426.0,0.3,35.6612437,139.738862,tourism=museum,tourism=museum,0.0,NA,NA,OSM,外交史料館別館,Namboku,NA,ChIJ52ZjYpmLGGARk6-HVKEKJEM,https://maps.google.com/?cid=4838003587726946195&g_mp=Cidnb29nbGUubWFwcy5wbGFjZXMudjEuUGxhY2VzLlNlYXJjaFRleHQQAhgEIAA,NA,premise|street_address,False,below dynamic inclusion threshold,high,0,8,16,12,2,5,10,33.0,"score=33.0/110; visitor=0, google=0.0, official=8, scale=16, metro=12, opening=2, mapping=5, penalty=10",No reliable annual visitor count found; included as representative tourism proxy.,way,92676026.0,museum,NA,NA,NA,NA,NA,0.8
P0776,MASATAKA CONTEMPORARY,G11,Nihombashi,228.0,0.296914,35.6801602,139.7719577,tourism=gallery,tourism=gallery,5.66,4.3,26.0,OSM,MASATAKA CONTEMPORARY,Ginza,NA,ChIJ4Y0NQv2LGGARnAwtuxxCz2o,https://maps.google.com/?cid=7696442979366276252&g_mp=Cidnb29nbGUubWFwcy5wbGFjZXMudjEuUGxhY2VzLlNlYXJjaFRleHQQAhgEIAA,NA,art_gallery|museum|point_of_interest|establishment,False,below dynamic inclusion threshold,high,0,8,12,15,2,5,15,32.66,"score=32.7/110; visitor=0, google=5.7, official=8, scale=12, metro=15, opening=2, mapping=5, penalty=15",No reliable annual visitor count found; included as representative tourism proxy.,node,3789923357.0,gallery,NA,NA,NA,NA,NA,13.5
P0777,NTT東日本関東病院ふれあいガーデン,N02,Shirokanedai,623.5,0.296103,35.6321711,139.7254848,leisure=garden,leisure=garden,3.571,4.3,7.0,OSM,NTT東日本関東病院ふれあいガーデン,Namboku,NA,ChIJ76DH30OLGGAR5UgkGoa5Ep0,https://maps.google.com/?cid=11318312799150819557&g_mp=Cidnb29nbGUubWFwcy5wbGFjZXMudjEuUGxhY2VzLlNlYXJjaFRleHQQAhgEIAA,NA,park|point_of_interest|establishment,False,below dynamic inclusion threshold,high,0,8,12,12,2,5,10,32.571,"score=32.6/110; visitor=0, google=3.6, official=8, scale=12, metro=12, opening=2, mapping=5, penalty=10",No reliable annual visitor count found; included as representative tourism proxy.,way,566330557.0,NA,NA,garden,NA,NA,NA,10.0
P0778,御亭山,G08,Shimbashi,1057.8,0.29441,35.6588064,139.7635798,tourism=viewpoint,tourism=viewpoint,5.385,4.3,22.0,OSM,御亭山,Ginza,NA,ChIJO5gmiy2LGGARRny1rtcaiKM,https://maps.google.com/?cid=11783697938666323014&g_mp=Cidnb29nbGUubWFwcy5wbGFjZXMudjEuUGxhY2VzLlNlYXJjaFRleHQQAhgEIAA,NA,garden|historical_landmark|historical_place|point_of_interest|establishment,False,below dynamic inclusion threshold,medium,0,8,16,8,2,3,10,32.385,"score=32.4/110; visitor=0, google=5.4, official=8, scale=16, metro=8, opening=2, mapping=3, penalty=10",No reliable annual visitor count found; included as representative tourism proxy.,node,4605641289.0,viewpoint,NA,NA,NA,NA,NA,2.5
P0779,Fujimiyama Hill,G08,Shimbashi,1149.8,0.29299,35.6575899,139.7626023,tourism=viewpoint,tourism=viewpoint,5.229,4.5,20.0,OSM,Fujimiyama Hill,Ginza,NA,ChIJSUfEdNaLGGARYO5gkIy-zuE,https://maps.google.com/?cid=16271152014663151200&g_mp=Cidnb29nbGUubWFwcy5wbGFjZXMudjEuUGxhY2VzLlNlYXJjaFRleHQQAhgEIAA,NA,garden|point_of_interest|establishment,False,below dynamic inclusion threshold,medium,0,8,16,8,2,3,10,32.229,"score=32.2/110; visitor=0, google=5.2, official=8, scale=16, metro=8, opening=2, mapping=3, penalty=10",No reliable annual visitor count found; included as representative tourism proxy.,node,2866251362.0,viewpoint,NA,NA,NA,NA,NA,2.8
P0780,Dome Garden,Z14,Oshiage,245.5,0.290909,35.7101845,139.8120262,leisure=garden,leisure=garden,0.0,NA,NA,OSM,Dome Garden,Hanzomon,NA,ChIJKTVvQtaOGGARaNCmtN_cZQ0,https://maps.google.com/?cid=965420548507488360&g_mp=Cidnb29nbGUubWFwcy5wbGFjZXMudjEuUGxhY2VzLlNlYXJjaFRleHQQAhgEIAA,NA,subpremise|street_address,False,below dynamic inclusion threshold,high,0,8,12,15,2,5,10,32.0,"score=32.0/110; visitor=0, google=0.0, official=8, scale=12, metro=15, opening=2, mapping=5, penalty=10",No reliable annual visitor count found; included as representative tourism proxy.,way,1056888786.0,NA,NA,garden,NA,NA,NA,16.1
P0781,Fujidana,N06,TameikeSanno,222.9,0.290909,35.6748051,139.7400138,leisure=garden,leisure=garden,0.0,NA,NA,OSM,Fujidana,Namboku,NA,ChIJy8cfommWGGARQQVcJypOAnQ,https://maps.google.com/?cid=8359329801308996929&g_mp=Cidnb29nbGUubWFwcy5wbGFjZXMudjEuUGxhY2VzLlNlYXJjaFRleHQQAhgEIAA,NA,route,False,below dynamic inclusion threshold,high,0,8,12,15,2,5,10,32.0,"score=32.0/110; visitor=0, google=0.0, official=8, scale=12, metro=15, opening=2, mapping=5, penalty=10",No reliable annual visitor count found; included as representative tourism proxy. Google Places match is 24680m from original POI coordinate; popularity score set to 0 due to location mismatch.,way,509411443.0,NA,NA,garden,NA,NA,NA,24680.3
P0782,月見台,Y22,Toyosu,1034.9,0.245455,35.6467028,139.7911924,tourism=viewpoint,tourism=viewpoint,0.0,4.3,10.0,OSM,月見台,Yurakucho,NA,ChIJ275vmSRBGGARjBj9AEIlENg,https://maps.google.com/?cid=15568984877234460812&g_mp=Cidnb29nbGUubWFwcy5wbGFjZXMudjEuUGxhY2VzLlNlYXJjaFRleHQQAhgEIAA,NA,tourist_attraction|point_of_interest|establishment,False,below dynamic inclusion threshold,medium,0,8,16,8,2,3,10,27.0,"score=27.0/110; visitor=0, google=0.0, official=8, scale=16, metro=8, opening=2, mapping=3, penalty=10",No reliable annual visitor count found; included as representative tourism proxy. Google Places match is 42218m from original POI coordinate; popularity score set to 0 due to location mismatch.,node,11374673023.0,viewpoint,NA,NA,NA,NA,NA,42217.7
P0783,parabolica-bis,G18,Tawaramachi,1249.4,0.281818,35.6987036,139.7894322,tourism=gallery,tourism=gallery,0.0,NA,NA,OSM,parabolica-bis,Ginza,http://www.yaso-peyotl.com/,ChIJBXDOVWWPGGAR0X0ZIVAceQ0,https://maps.google.com/?cid=970838325153332689&g_mp=Cidnb29nbGUubWFwcy5wbGFjZXMudjEuUGxhY2VzLlNlYXJjaFRleHQQAhgEIAA,http://www.yaso-peyotl.com/,corporate_office|point_of_interest|establishment,False,below dynamic inclusion threshold,medium,0,15,12,4,2,3,5,31.0,"score=31.0/110; visitor=0, google=0.0, official=15, scale=12, metro=4, opening=2, mapping=3, penalty=5",No reliable annual visitor count found; included as representative tourism proxy.,node,3677117862.0,gallery,NA,NA,NA,NA,NA,435.0
P0784,オノマトペ,M02,MinamiAsagaya,1476.7,0.281818,35.7127169,139.6347235,tourism=gallery,tourism=gallery,0.0,NA,NA,OSM,オノマトペ,Marunouchi,https://www.instagram.com/onomatopee_kidsvintage/,ChIJ99UCSRqNGGARckKY4FaBpEo,https://maps.google.com/?cid=5378566065122460274&g_mp=Cidnb29nbGUubWFwcy5wbGFjZXMudjEuUGxhY2VzLlNlYXJjaFRleHQQAhgEIAA,https://www.instagram.com/onomatopee_kidsvintage/,clothing_store|store|point_of_interest|establishment,False,below dynamic inclusion threshold,medium,0,15,12,4,2,3,5,31.0,"score=31.0/110; visitor=0, google=0.0, official=15, scale=12, metro=4, opening=2, mapping=3, penalty=5",No reliable annual visitor count found; included as representative tourism proxy. Google Places match is 7947m from original POI coordinate; popularity score set to 0 due to location mismatch.,node,5116273010.0,gallery,NA,NA,NA,NA,NA,7947.0
P0785,カタ/コンベ,T01,Nakano,1208.5,0.281818,35.7165823,139.6665303,tourism=gallery,tourism=gallery,0.0,NA,NA,OSM,カタ/コンベ,Tozai,http://katakombetokyo.wix.com/katakombehome#!about/c1enr,ChIJ-_5kjp7yGGARhtMVzJ4wBCw,https://maps.google.com/?cid=3171713496162620294&g_mp=Cidnb29nbGUubWFwcy5wbGFjZXMudjEuUGxhY2VzLlNlYXJjaFRleHQQAhgEIAA,http://katakombetokyo.wix.com/katakombehome#!about/c1enr,art_gallery|point_of_interest|establishment,False,below dynamic inclusion threshold,medium,0,15,12,4,2,3,5,31.0,"score=31.0/110; visitor=0, google=0.0, official=15, scale=12, metro=4, opening=2, mapping=3, penalty=5",No reliable annual visitor count found; included as representative tourism proxy.,node,4440457662.0,gallery,NA,NA,NA,NA,NA,2.1
P0786,Symbol tree,G19,Asakusa,736.6,0.245455,35.7156019,139.8033229,tourism=attraction,tourism=attraction,0.0,4.2,9.0,OSM,Symbol tree,Ginza,NA,ChIJbwm8gYSIGGARSZKJlwBrVEA,https://maps.google.com/?cid=4635447566757630537&g_mp=Cidnb29nbGUubWFwcy5wbGFjZXMudjEuUGxhY2VzLlNlYXJjaFRleHQQAhgEIAA,NA,park|point_of_interest|establishment,False,below dynamic inclusion threshold,medium,0,8,16,8,2,3,10,27.0,"score=27.0/110; visitor=0, google=0.0, official=8, scale=16, metro=8, opening=2, mapping=3, penalty=10",No reliable annual visitor count found; included as representative tourism proxy. Google Places match is 5070m from original POI coordinate; popularity score set to 0 due to location mismatch.,node,13666772202.0,attraction,NA,NA,NA,NA,NA,5070.0
P0787,Gallery 2104,G04,AoyamaItchome,282.9,0.279761,35.6711106,139.7217918,tourism=gallery,tourism=gallery,3.774,4.0,8.0,OSM,Gallery 2104,Ginza,NA,ChIJychuzZyMGGARX1ubuIt6WRg,https://maps.google.com/?cid=1754568270353750879&g_mp=Cidnb29nbGUubWFwcy5wbGFjZXMudjEuUGxhY2VzLlNlYXJjaFRleHQQAhgEIAA,NA,art_gallery|point_of_interest|establishment,False,below dynamic inclusion threshold,high,0,8,12,15,2,5,15,30.774,"score=30.8/110; visitor=0, google=3.8, official=8, scale=12, metro=15, opening=2, mapping=5, penalty=15",No reliable annual visitor count found; included as representative tourism proxy.,node,3488836561.0,gallery,NA,NA,NA,NA,NA,11.0
P0788,Tokyo Bay Lookout,G08,Shimbashi,1397.4,0.209091,35.6557462,139.7643564,tourism=viewpoint,tourism=viewpoint,0.0,4.5,43.0,OSM,Tokyo Bay Lookout,Ginza,NA,ChIJwz-gQI5jGGARTtUb_JXwOO0,https://maps.google.com/?cid=17093676912655193422&g_mp=Cidnb29nbGUubWFwcy5wbGFjZXMudjEuUGxhY2VzLlNlYXJjaFRleHQQAhgEIAA,NA,tourist_attraction|point_of_interest|establishment,False,below dynamic inclusion threshold,medium,0,8,16,4,2,3,10,23.0,"score=23.0/110; visitor=0, google=0.0, official=8, scale=16, metro=4, opening=2, mapping=3, penalty=10",No reliable annual visitor count found; included as representative tourism proxy. Google Places match is 4658m from original POI coordinate; popularity score set to 0 due to location mismatch.,node,4441401292.0,viewpoint,NA,NA,NA,NA,NA,4657.9
P0789,ホグワーツ橋,F04,Heiwadai,1475.4,0.264149,35.7465432,139.6451791,tourism=attraction,tourism=attraction,6.056,4.7,33.0,OSM,ホグワーツ橋,Fukutoshin,NA,ChIJNSZZYo7tGGAREEunpUz-d5E,https://maps.google.com/?cid=10482126262878292752&g_mp=Cidnb29nbGUubWFwcy5wbGFjZXMudjEuUGxhY2VzLlNlYXJjaFRleHQQAhgEIAA,NA,tourist_attraction|point_of_interest|establishment,False,below dynamic inclusion threshold,medium,0,8,16,4,2,3,10,29.056,"score=29.1/110; visitor=0, google=6.1, official=8, scale=16, metro=4, opening=2, mapping=3, penalty=10",No reliable annual visitor count found; included as representative tourism proxy.,way,1305978692.0,attraction,NA,NA,NA,NA,NA,5.3
P0790,西田小学校郷土資料展示室,M01,Ogikubo,1062.5,0.262608,35.6947346,139.6215769,tourism=museum,tourism=museum,1.887,3.0,2.0,OSM,西田小学校郷土資料展示室,Marunouchi,NA,ChIJiZeLAA_yGGARklBBMAqX34s,https://maps.google.com/?cid=10078940561093513362&g_mp=Cidnb29nbGUubWFwcy5wbGFjZXMudjEuUGxhY2VzLlNlYXJjaFRleHQQAhgEIAA,NA,museum|point_of_interest|establishment,False,Google rating below threshold,medium,0,8,16,8,2,3,10,28.887,"score=28.9/110; visitor=0, google=1.9, official=8, scale=16, metro=8, opening=2, mapping=3, penalty=10",No reliable annual visitor count found; included as representative tourism proxy.,node,4863012157.0,museum,NA,NA,NA,NA,NA,69.2
P0791,Yokozuna dohyouiri monument,H15,Kodemmacho,1325.3,0.261666,35.6956557,139.7919432,tourism=attraction,tourism=attraction,5.783,3.7,28.0,OSM,Yokozuna dohyouiri monument,Hibiya,NA,ChIJyTE2EEuJGGARFcQcD2qZmFM,https://maps.google.com/?cid=6023733182407164949&g_mp=Cidnb29nbGUubWFwcy5wbGFjZXMudjEuUGxhY2VzLlNlYXJjaFRleHQQAhgEIAA,NA,tourist_attraction|point_of_interest|establishment,False,Google rating below threshold,medium,0,8,16,4,2,3,10,28.783,"score=28.8/110; visitor=0, google=5.8, official=8, scale=16, metro=4, opening=2, mapping=3, penalty=10",No reliable annual visitor count found; included as representative tourism proxy.,node,5439427932.0,attraction,NA,NA,NA,NA,NA,267.3
P0792,Cheepa’s Gallery,H10,HigashiGinza,390.3,0.254133,35.6680427,139.763525,tourism=gallery,tourism=gallery,3.955,4.7,9.0,OSM,Cheepa’s Gallery,Hibiya,NA,ChIJtSzxw-eLGGAR-2XIDSEwsxQ,https://maps.google.com/?cid=1491588820113057275&g_mp=Cidnb29nbGUubWFwcy5wbGFjZXMudjEuUGxhY2VzLlNlYXJjaFRleHQQAhgEIAA,NA,art_gallery|event_venue|point_of_interest|establishment,False,below dynamic inclusion threshold,high,0,8,12,12,2,5,15,27.955,"score=28.0/110; visitor=0, google=4.0, official=8, scale=12, metro=12, opening=2, mapping=5, penalty=15",No reliable annual visitor count found; included as representative tourism proxy.,node,7638821147.0,gallery,NA,NA,NA,NA,NA,3.8
P0793,Gallery Mosto,G03,Gaiemmae,324.1,0.252488,35.6674604,139.7177987,tourism=gallery,tourism=gallery,3.774,4.1,8.0,OSM,Gallery Mosto,Ginza,NA,ChIJK_mF7J2MGGARlmTIaKuBmRs,https://maps.google.com/?cid=1988763283658138774&g_mp=Cidnb29nbGUubWFwcy5wbGFjZXMudjEuUGxhY2VzLlNlYXJjaFRleHQQAhgEIAA,NA,art_gallery|point_of_interest|establishment,False,below dynamic inclusion threshold,high,0,8,12,12,2,5,15,27.774,"score=27.8/110; visitor=0, google=3.8, official=8, scale=12, metro=12, opening=2, mapping=5, penalty=15",No reliable annual visitor count found; included as representative tourism proxy.,node,2831443159.0,gallery,NA,NA,NA,NA,NA,10.8
P0794,ギャラリーniue,Mb03,Honancho,571.0,0.248564,35.6799501,139.6533854,tourism=gallery,tourism=gallery,3.342,4.8,6.0,OSM,ギャラリーniue,MarunouchiBranch,NA,ChIJcwJumzvzGGARBGkHnFfrcYY,https://maps.google.com/?cid=9687783034963060996&g_mp=Cidnb29nbGUubWFwcy5wbGFjZXMudjEuUGxhY2VzLlNlYXJjaFRleHQQAhgEIAA,NA,art_gallery|point_of_interest|establishment,False,below dynamic inclusion threshold,high,0,8,12,12,2,5,15,27.342,"score=27.3/110; visitor=0, google=3.3, official=8, scale=12, metro=12, opening=2, mapping=5, penalty=15",No reliable annual visitor count found; included as representative tourism proxy.,node,13728697844.0,gallery,NA,NA,NA,NA,NA,2.1
P0795,Coma,N14,Komagome,585.6,0.239827,35.740714,139.7442423,tourism=gallery,tourism=gallery,2.381,5.0,3.0,OSM,Coma,Namboku,NA,ChIJJbUlMZCNGGAR_i3ZfCea8a0,https://maps.google.com/?cid=12533968732337810942&g_mp=Cidnb29nbGUubWFwcy5wbGFjZXMudjEuUGxhY2VzLlNlYXJjaFRleHQQAhgEIAA,NA,general_store|food_store|store|food|point_of_interest|establishment,False,below dynamic inclusion threshold,high,0,8,12,12,2,5,15,26.381,"score=26.4/110; visitor=0, google=2.4, official=8, scale=12, metro=12, opening=2, mapping=5, penalty=15",No reliable annual visitor count found; included as representative tourism proxy.,node,12378449465.0,gallery,NA,NA,NA,NA,NA,2.0
P0796,Nanatsu Gallery,C05,Nogizaka,686.6,0.239827,35.6611518,139.7226346,tourism=gallery,tourism=gallery,2.381,4.0,3.0,OSM,Nanatsu Gallery,Chiyoda,NA,ChIJOxzm2nqLGGAR-GKgtIW90Cw,https://maps.google.com/?cid=3229289314783355640&g_mp=Cidnb29nbGUubWFwcy5wbGFjZXMudjEuUGxhY2VzLlNlYXJjaFRleHQQAhgEIAA,NA,art_gallery|point_of_interest|establishment,False,below dynamic inclusion threshold,high,0,8,12,12,2,5,15,26.381,"score=26.4/110; visitor=0, google=2.4, official=8, scale=12, metro=12, opening=2, mapping=5, penalty=15",No reliable annual visitor count found; included as representative tourism proxy.,node,4971567741.0,gallery,NA,NA,NA,NA,NA,3.1
P0797,三代豊国五渡亭園,Z12,Sumiyoshi,1206.4,0.234419,35.6937168,139.8275144,leisure=garden,leisure=garden,6.786,3.8,51.0,OSM,三代豊国五渡亭園,Hanzomon,NA,ChIJ89TF-MKIGGARDEV-0BsjK8c,https://maps.google.com/?cid=14351603239915242764&g_mp=Cidnb29nbGUubWFwcy5wbGFjZXMudjEuUGxhY2VzLlNlYXJjaFRleHQQAhgEIAA,NA,park|point_of_interest|establishment,False,below dynamic inclusion threshold,medium,0,8,12,4,2,3,10,25.786,"score=25.8/110; visitor=0, google=6.8, official=8, scale=12, metro=4, opening=2, mapping=3, penalty=10",No reliable annual visitor count found; included as representative tourism proxy.,way,961232087.0,NA,NA,garden,NA,NA,NA,93.8
P0798,駒止石,G18,Tawaramachi,1359.6,0.23422,35.6980375,139.7938697,tourism=attraction,tourism=attraction,2.764,3.5,4.0,OSM,駒止石,Ginza,NA,ChIJ740gIQCPGGARZGJestqbRI4,https://maps.google.com/?cid=10251490015399797348&g_mp=Cidnb29nbGUubWFwcy5wbGFjZXMudjEuUGxhY2VzLlNlYXJjaFRleHQQAhgEIAA,NA,historical_landmark|historical_place|point_of_interest|establishment,False,Google rating below threshold,medium,0,8,16,4,2,3,10,25.764,"score=25.8/110; visitor=0, google=2.8, official=8, scale=16, metro=4, opening=2, mapping=3, penalty=10",No reliable annual visitor count found; included as representative tourism proxy.,node,5721701873.0,attraction,NA,NA,NA,NA,NA,3.5
P0799,史跡 駒止井戸,G18,Tawaramachi,1357.8,0.226244,35.6980578,139.7938889,tourism=attraction,tourism=attraction,1.887,5.0,2.0,OSM,史跡 駒止井戸,Ginza,NA,ChIJT-03UwCPGGARvd0Ra-fbT0Y,https://maps.google.com/?cid=5066509892795358653&g_mp=Cidnb29nbGUubWFwcy5wbGFjZXMudjEuUGxhY2VzLlNlYXJjaFRleHQQAhgEIAA,NA,historical_landmark|historical_place|point_of_interest|establishment,False,below dynamic inclusion threshold,medium,0,8,16,4,2,3,10,24.887,"score=24.9/110; visitor=0, google=1.9, official=8, scale=16, metro=4, opening=2, mapping=3, penalty=10",No reliable annual visitor count found; included as representative tourism proxy.,node,5721701872.0,attraction,NA,NA,NA,NA,NA,3.6
P0800,Acro City,C17,Machiya,1060.3,0.209091,35.7397852,139.7914533,leisure=garden,leisure=garden,0.0,NA,NA,OSM,アクロシティ,Chiyoda,NA,ChIJN3HFNWaOGGARn83K6Mk-NSo,https://maps.google.com/?cid=3041406160273591711&g_mp=Cidnb29nbGUubWFwcy5wbGFjZXMudjEuUGxhY2VzLlNlYXJjaFRleHQQAhgEIAA,NA,bus_stop|transit_stop|transit_station|transportation_service|point_of_interest|establishment,False,below dynamic inclusion threshold,medium,0,8,12,8,2,3,10,23.0,"score=23.0/110; visitor=0, google=0.0, official=8, scale=12, metro=8, opening=2, mapping=3, penalty=10",No reliable annual visitor count found; included as representative tourism proxy.,way,234259688.0,NA,NA,garden,NA,NA,NA,133.9
P0801,Pebble Beach,G08,Shimbashi,1367.1,0.172727,35.6550923,139.7580654,leisure=garden,leisure=garden,0.0,NA,NA,OSM,Pebble Beach,Ginza,NA,ChIJrWvQdVXmjYARJSGHmQE965w,https://maps.google.com/?cid=11307198366523793701&g_mp=Cidnb29nbGUubWFwcy5wbGFjZXMudjEuUGxhY2VzLlNlYXJjaFRleHQQAhgEIAA,NA,neighborhood|political,False,below dynamic inclusion threshold,medium,0,8,12,4,2,3,10,19.0,"score=19.0/110; visitor=0, google=0.0, official=8, scale=12, metro=4, opening=2, mapping=3, penalty=10",No reliable annual visitor count found; included as representative tourism proxy. Google Places match is 8376701m from original POI coordinate; popularity score set to 0 due to location mismatch.,way,844892402.0,NA,NA,garden,NA,NA,NA,8376701.4
