station_id,station_name,line,day_type,time_slot,crowd_level,crowd_score
C01,Yoyogi uehara,Chiyoda,holiday,05:00,1,0.0
C01,Yoyogi uehara,Chiyoda,holiday,05:30,1,0.0
C01,Yoyogi uehara,Chiyoda,holiday,06:00,1,0.0
C01,Yoyogi uehara,Chiyoda,holiday,06:30,1,0.0
C01,Yoyogi uehara,Chiyoda,holiday,07:00,1,0.0
C01,Yoyogi uehara,Chiyoda,holiday,07:30,1,0.0
C01,Yoyogi uehara,Chiyoda,holiday,08:00,2,0.2
C01,Yoyogi uehara,Chiyoda,holiday,08:30,2,0.2
C01,Yoyogi uehara,Chiyoda,holiday,09:00,2,0.2
C01,Yoyogi uehara,Chiyoda,holiday,09:30,2,0.2
C01,Yoyogi uehara,Chiyoda,holiday,10:00,2,0.2
C01,Yoyogi uehara,Chiyoda,holiday,10:30,2,0.2
C01,Yoyogi uehara,Chiyoda,holiday,11:00,2,0.2
C01,Yoyogi uehara,Chiyoda,holiday,11:30,2,0.2
C01,Yoyogi uehara,Chiyoda,holiday,12:00,1,0.0
C01,Yoyogi uehara,Chiyoda,holiday,12:30,2,0.2
C01,Yoyogi uehara,Chiyoda,holiday,13:00,2,0.2
C01,Yoyogi uehara,Chiyoda,holiday,13:30,2,0.2
C01,Yoyogi uehara,Chiyoda,holiday,14:00,1,0.0
C01,Yoyogi uehara,Chiyoda,holiday,14:30,2,0.2
C01,Yoyogi uehara,Chiyoda,holiday,15:00,2,0.2
C01,Yoyogi uehara,Chiyoda,holiday,15:30,2,0.2
C01,Yoyogi uehara,Chiyoda,holiday,16:00,1,0.0
C01,Yoyogi uehara,Chiyoda,holiday,16:30,2,0.2
C01,Yoyogi uehara,Chiyoda,holiday,17:00,2,0.2
C01,Yoyogi uehara,Chiyoda,holiday,17:30,1,0.0
C01,Yoyogi uehara,Chiyoda,holiday,18:00,1,0.0
C01,Yoyogi uehara,Chiyoda,holiday,18:30,1,0.0
C01,Yoyogi uehara,Chiyoda,holiday,19:00,1,0.0
C01,Yoyogi uehara,Chiyoda,holiday,19:30,1,0.0
C01,Yoyogi uehara,Chiyoda,holiday,20:00,1,0.0
C01,Yoyogi uehara,Chiyoda,holiday,20:30,1,0.0
C01,Yoyogi uehara,Chiyoda,holiday,21:00,1,0.0
C01,Yoyogi uehara,Chiyoda,holiday,21:30,1,0.0
C01,Yoyogi uehara,Chiyoda,holiday,22:00,1,0.0
C01,Yoyogi uehara,Chiyoda,holiday,22:30,1,0.0
C01,Yoyogi uehara,Chiyoda,holiday,23:00,1,0.0
C01,Yoyogi uehara,Chiyoda,holiday,23:30,1,0.0
C01,Yoyogi uehara,Chiyoda,weekday,05:00,1,0.0
C01,Yoyogi uehara,Chiyoda,weekday,05:30,1,0.0
C01,Yoyogi uehara,Chiyoda,weekday,06:00,2,0.2
C01,Yoyogi uehara,Chiyoda,weekday,06:30,2,0.2
C01,Yoyogi uehara,Chiyoda,weekday,07:00,3,0.4
C01,Yoyogi uehara,Chiyoda,weekday,07:30,3,0.4
C01,Yoyogi uehara,Chiyoda,weekday,08:00,3,0.4
C01,Yoyogi uehara,Chiyoda,weekday,08:30,3,0.4
C01,Yoyogi uehara,Chiyoda,weekday,09:00,2,0.2
C01,Yoyogi uehara,Chiyoda,weekday,09:30,2,0.2
C01,Yoyogi uehara,Chiyoda,weekday,10:00,2,0.2
C01,Yoyogi uehara,Chiyoda,weekday,10:30,2,0.2
C01,Yoyogi uehara,Chiyoda,weekday,11:00,2,0.2
C01,Yoyogi uehara,Chiyoda,weekday,11:30,2,0.2
C01,Yoyogi uehara,Chiyoda,weekday,12:00,2,0.2
C01,Yoyogi uehara,Chiyoda,weekday,12:30,2,0.2
C01,Yoyogi uehara,Chiyoda,weekday,13:00,1,0.0
C01,Yoyogi uehara,Chiyoda,weekday,13:30,1,0.0
C01,Yoyogi uehara,Chiyoda,weekday,14:00,1,0.0
C01,Yoyogi uehara,Chiyoda,weekday,14:30,1,0.0
C01,Yoyogi uehara,Chiyoda,weekday,15:00,1,0.0
C01,Yoyogi uehara,Chiyoda,weekday,15:30,1,0.0
C01,Yoyogi uehara,Chiyoda,weekday,16:00,1,0.0
C01,Yoyogi uehara,Chiyoda,weekday,16:30,1,0.0
C01,Yoyogi uehara,Chiyoda,weekday,17:00,1,0.0
C01,Yoyogi uehara,Chiyoda,weekday,17:30,1,0.0
C01,Yoyogi uehara,Chiyoda,weekday,18:00,1,0.0
C01,Yoyogi uehara,Chiyoda,weekday,18:30,1,0.0
C01,Yoyogi uehara,Chiyoda,weekday,19:00,1,0.0
C01,Yoyogi uehara,Chiyoda,weekday,19:30,1,0.0
C01,Yoyogi uehara,Chiyoda,weekday,20:00,1,0.0
C01,Yoyogi uehara,Chiyoda,weekday,20:30,1,0.0
C01,Yoyogi uehara,Chiyoda,weekday,21:00,1,0.0
C01,Yoyogi uehara,Chiyoda,weekday,21:30,1,0.0
C01,Yoyogi uehara,Chiyoda,weekday,22:00,1,0.0
C01,Yoyogi uehara,Chiyoda,weekday,22:30,1,0.0
C01,Yoyogi uehara,Chiyoda,weekday,23:00,1,0.0
C01,Yoyogi uehara,Chiyoda,weekday,23:30,1,0.0
C01,Yoyogi uehara,Chiyoda,weekday,24:00:00,1,0.0
C02,Yoyogi koen,Chiyoda,holiday,05:00,1,0.0
C02,Yoyogi koen,Chiyoda,holiday,05:30,1,0.0
C02,Yoyogi koen,Chiyoda,holiday,06:00,1,0.0
C02,Yoyogi koen,Chiyoda,holiday,06:30,1,0.0
C02,Yoyogi koen,Chiyoda,holiday,07:00,1,0.0
C02,Yoyogi koen,Chiyoda,holiday,07:30,1,0.0
C02,Yoyogi koen,Chiyoda,holiday,08:00,2,0.2
C02,Yoyogi koen,Chiyoda,holiday,08:30,2,0.2
C02,Yoyogi koen,Chiyoda,holiday,09:00,2,0.2
C02,Yoyogi koen,Chiyoda,holiday,09:30,2,0.2
C02,Yoyogi koen,Chiyoda,holiday,10:00,2,0.2
C02,Yoyogi koen,Chiyoda,holiday,10:30,2,0.2
C02,Yoyogi koen,Chiyoda,holiday,11:00,2,0.2
C02,Yoyogi koen,Chiyoda,holiday,11:30,2,0.2
C02,Yoyogi koen,Chiyoda,holiday,12:00,2,0.2
C02,Yoyogi koen,Chiyoda,holiday,12:30,2,0.2
C02,Yoyogi koen,Chiyoda,holiday,13:00,2,0.2
C02,Yoyogi koen,Chiyoda,holiday,13:30,2,0.2
C02,Yoyogi koen,Chiyoda,holiday,14:00,2,0.2
C02,Yoyogi koen,Chiyoda,holiday,14:30,2,0.2
C02,Yoyogi koen,Chiyoda,holiday,15:00,2,0.2
C02,Yoyogi koen,Chiyoda,holiday,15:30,2,0.2
C02,Yoyogi koen,Chiyoda,holiday,16:00,2,0.2
C02,Yoyogi koen,Chiyoda,holiday,16:30,2,0.2
C02,Yoyogi koen,Chiyoda,holiday,17:00,2,0.2
C02,Yoyogi koen,Chiyoda,holiday,17:30,1,0.0
C02,Yoyogi koen,Chiyoda,holiday,18:00,1,0.0
C02,Yoyogi koen,Chiyoda,holiday,18:30,1,0.0
C02,Yoyogi koen,Chiyoda,holiday,19:00,1,0.0
C02,Yoyogi koen,Chiyoda,holiday,19:30,1,0.0
C02,Yoyogi koen,Chiyoda,holiday,20:00,1,0.0
C02,Yoyogi koen,Chiyoda,holiday,20:30,1,0.0
C02,Yoyogi koen,Chiyoda,holiday,21:00,1,0.0
C02,Yoyogi koen,Chiyoda,holiday,21:30,1,0.0
C02,Yoyogi koen,Chiyoda,holiday,22:00,1,0.0
C02,Yoyogi koen,Chiyoda,holiday,22:30,1,0.0
C02,Yoyogi koen,Chiyoda,holiday,23:00,1,0.0
C02,Yoyogi koen,Chiyoda,holiday,23:30,1,0.0
C02,Yoyogi koen,Chiyoda,holiday,24:00:00,1,0.0
C02,Yoyogi koen,Chiyoda,weekday,05:00,1,0.0
C02,Yoyogi koen,Chiyoda,weekday,05:30,1,0.0
C02,Yoyogi koen,Chiyoda,weekday,06:00,2,0.2
C02,Yoyogi koen,Chiyoda,weekday,06:30,2,0.2
C02,Yoyogi koen,Chiyoda,weekday,07:00,2,0.2
C02,Yoyogi koen,Chiyoda,weekday,07:30,3,0.4
C02,Yoyogi koen,Chiyoda,weekday,08:00,3,0.4
C02,Yoyogi koen,Chiyoda,weekday,08:30,3,0.4
C02,Yoyogi koen,Chiyoda,weekday,09:00,3,0.4
C02,Yoyogi koen,Chiyoda,weekday,09:30,2,0.2
C02,Yoyogi koen,Chiyoda,weekday,10:00,2,0.2
C02,Yoyogi koen,Chiyoda,weekday,10:30,2,0.2
C02,Yoyogi koen,Chiyoda,weekday,11:00,2,0.2
C02,Yoyogi koen,Chiyoda,weekday,11:30,1,0.0
C02,Yoyogi koen,Chiyoda,weekday,12:00,2,0.2
C02,Yoyogi koen,Chiyoda,weekday,12:30,2,0.2
C02,Yoyogi koen,Chiyoda,weekday,13:00,2,0.2
C02,Yoyogi koen,Chiyoda,weekday,13:30,1,0.0
C02,Yoyogi koen,Chiyoda,weekday,14:00,1,0.0
C02,Yoyogi koen,Chiyoda,weekday,14:30,1,0.0
C02,Yoyogi koen,Chiyoda,weekday,15:00,1,0.0
C02,Yoyogi koen,Chiyoda,weekday,15:30,1,0.0
C02,Yoyogi koen,Chiyoda,weekday,16:00,1,0.0
C02,Yoyogi koen,Chiyoda,weekday,16:30,1,0.0
C02,Yoyogi koen,Chiyoda,weekday,17:00,2,0.2
C02,Yoyogi koen,Chiyoda,weekday,17:30,2,0.2
C02,Yoyogi koen,Chiyoda,weekday,18:00,2,0.2
C02,Yoyogi koen,Chiyoda,weekday,18:30,2,0.2
C02,Yoyogi koen,Chiyoda,weekday,19:00,2,0.2
C02,Yoyogi koen,Chiyoda,weekday,19:30,2,0.2
C02,Yoyogi koen,Chiyoda,weekday,20:00,2,0.2
C02,Yoyogi koen,Chiyoda,weekday,20:30,2,0.2
C02,Yoyogi koen,Chiyoda,weekday,21:00,2,0.2
C02,Yoyogi koen,Chiyoda,weekday,21:30,1,0.0
C02,Yoyogi koen,Chiyoda,weekday,22:00,1,0.0
C02,Yoyogi koen,Chiyoda,weekday,22:30,1,0.0
C02,Yoyogi koen,Chiyoda,weekday,23:00,1,0.0
C02,Yoyogi koen,Chiyoda,weekday,23:30,1,0.0
C02,Yoyogi koen,Chiyoda,weekday,24:00:00,1,0.0
C02,Yoyogi koen,Chiyoda,weekday,24:30:00,1,0.0
C03,Meiji jingumae,Chiyoda,holiday,05:00,1,0.0
C03,Meiji jingumae,Chiyoda,holiday,05:30,1,0.0
C03,Meiji jingumae,Chiyoda,holiday,06:00,1,0.0
C03,Meiji jingumae,Chiyoda,holiday,06:30,1,0.0
C03,Meiji jingumae,Chiyoda,holiday,07:00,1,0.0
C03,Meiji jingumae,Chiyoda,holiday,07:30,1,0.0
C03,Meiji jingumae,Chiyoda,holiday,08:00,2,0.2
C03,Meiji jingumae,Chiyoda,holiday,08:30,2,0.2
C03,Meiji jingumae,Chiyoda,holiday,09:00,2,0.2
C03,Meiji jingumae,Chiyoda,holiday,09:30,2,0.2
C03,Meiji jingumae,Chiyoda,holiday,10:00,2,0.2
C03,Meiji jingumae,Chiyoda,holiday,10:30,2,0.2
C03,Meiji jingumae,Chiyoda,holiday,11:00,2,0.2
C03,Meiji jingumae,Chiyoda,holiday,11:30,2,0.2
C03,Meiji jingumae,Chiyoda,holiday,12:00,2,0.2
C03,Meiji jingumae,Chiyoda,holiday,12:30,2,0.2
C03,Meiji jingumae,Chiyoda,holiday,13:00,2,0.2
C03,Meiji jingumae,Chiyoda,holiday,13:30,2,0.2
C03,Meiji jingumae,Chiyoda,holiday,14:00,2,0.2
C03,Meiji jingumae,Chiyoda,holiday,14:30,2,0.2
C03,Meiji jingumae,Chiyoda,holiday,15:00,2,0.2
C03,Meiji jingumae,Chiyoda,holiday,15:30,2,0.2
C03,Meiji jingumae,Chiyoda,holiday,16:00,2,0.2
C03,Meiji jingumae,Chiyoda,holiday,16:30,2,0.2
C03,Meiji jingumae,Chiyoda,holiday,17:00,2,0.2
C03,Meiji jingumae,Chiyoda,holiday,17:30,2,0.2
C03,Meiji jingumae,Chiyoda,holiday,18:00,2,0.2
C03,Meiji jingumae,Chiyoda,holiday,18:30,2,0.2
C03,Meiji jingumae,Chiyoda,holiday,19:00,1,0.0
C03,Meiji jingumae,Chiyoda,holiday,19:30,1,0.0
C03,Meiji jingumae,Chiyoda,holiday,20:00,1,0.0
C03,Meiji jingumae,Chiyoda,holiday,20:30,1,0.0
C03,Meiji jingumae,Chiyoda,holiday,21:00,1,0.0
C03,Meiji jingumae,Chiyoda,holiday,21:30,1,0.0
C03,Meiji jingumae,Chiyoda,holiday,22:00,1,0.0
C03,Meiji jingumae,Chiyoda,holiday,22:30,1,0.0
C03,Meiji jingumae,Chiyoda,holiday,23:00,1,0.0
C03,Meiji jingumae,Chiyoda,holiday,23:30,1,0.0
C03,Meiji jingumae,Chiyoda,holiday,24:00:00,1,0.0
C03,Meiji jingumae,Chiyoda,weekday,05:00,1,0.0
C03,Meiji jingumae,Chiyoda,weekday,05:30,1,0.0
C03,Meiji jingumae,Chiyoda,weekday,06:00,2,0.2
C03,Meiji jingumae,Chiyoda,weekday,06:30,2,0.2
C03,Meiji jingumae,Chiyoda,weekday,07:00,3,0.4
C03,Meiji jingumae,Chiyoda,weekday,07:30,3,0.4
C03,Meiji jingumae,Chiyoda,weekday,08:00,3,0.4
C03,Meiji jingumae,Chiyoda,weekday,08:30,3,0.4
C03,Meiji jingumae,Chiyoda,weekday,09:00,2,0.2
C03,Meiji jingumae,Chiyoda,weekday,09:30,2,0.2
C03,Meiji jingumae,Chiyoda,weekday,10:00,2,0.2
C03,Meiji jingumae,Chiyoda,weekday,10:30,2,0.2
C03,Meiji jingumae,Chiyoda,weekday,11:00,2,0.2
C03,Meiji jingumae,Chiyoda,weekday,11:30,2,0.2
C03,Meiji jingumae,Chiyoda,weekday,12:00,2,0.2
C03,Meiji jingumae,Chiyoda,weekday,12:30,2,0.2
C03,Meiji jingumae,Chiyoda,weekday,13:00,2,0.2
C03,Meiji jingumae,Chiyoda,weekday,13:30,2,0.2
C03,Meiji jingumae,Chiyoda,weekday,14:00,2,0.2
C03,Meiji jingumae,Chiyoda,weekday,14:30,1,0.0
C03,Meiji jingumae,Chiyoda,weekday,15:00,2,0.2
C03,Meiji jingumae,Chiyoda,weekday,15:30,1,0.0
C03,Meiji jingumae,Chiyoda,weekday,16:00,2,0.2
C03,Meiji jingumae,Chiyoda,weekday,16:30,2,0.2
C03,Meiji jingumae,Chiyoda,weekday,17:00,2,0.2
C03,Meiji jingumae,Chiyoda,weekday,17:30,2,0.2
C03,Meiji jingumae,Chiyoda,weekday,18:00,2,0.2
C03,Meiji jingumae,Chiyoda,weekday,18:30,2,0.2
C03,Meiji jingumae,Chiyoda,weekday,19:00,2,0.2
C03,Meiji jingumae,Chiyoda,weekday,19:30,2,0.2
C03,Meiji jingumae,Chiyoda,weekday,20:00,2,0.2
C03,Meiji jingumae,Chiyoda,weekday,20:30,2,0.2
C03,Meiji jingumae,Chiyoda,weekday,21:00,2,0.2
C03,Meiji jingumae,Chiyoda,weekday,21:30,1,0.0
C03,Meiji jingumae,Chiyoda,weekday,22:00,2,0.2
C03,Meiji jingumae,Chiyoda,weekday,22:30,1,0.0
C03,Meiji jingumae,Chiyoda,weekday,23:00,1,0.0
C03,Meiji jingumae,Chiyoda,weekday,23:30,1,0.0
C03,Meiji jingumae,Chiyoda,weekday,24:00:00,1,0.0
C03,Meiji jingumae,Chiyoda,weekday,24:30:00,1,0.0
C04,Omotesando,Chiyoda,holiday,05:00,1,0.0
C04,Omotesando,Chiyoda,holiday,05:30,1,0.0
C04,Omotesando,Chiyoda,holiday,06:00,1,0.0
C04,Omotesando,Chiyoda,holiday,06:30,1,0.0
C04,Omotesando,Chiyoda,holiday,07:00,1,0.0
C04,Omotesando,Chiyoda,holiday,07:30,1,0.0
C04,Omotesando,Chiyoda,holiday,08:00,1,0.0
C04,Omotesando,Chiyoda,holiday,08:30,2,0.2
C04,Omotesando,Chiyoda,holiday,09:00,2,0.2
C04,Omotesando,Chiyoda,holiday,09:30,2,0.2
C04,Omotesando,Chiyoda,holiday,10:00,2,0.2
C04,Omotesando,Chiyoda,holiday,10:30,2,0.2
C04,Omotesando,Chiyoda,holiday,11:00,2,0.2
C04,Omotesando,Chiyoda,holiday,11:30,2,0.2
C04,Omotesando,Chiyoda,holiday,12:00,2,0.2
C04,Omotesando,Chiyoda,holiday,12:30,2,0.2
C04,Omotesando,Chiyoda,holiday,13:00,2,0.2
C04,Omotesando,Chiyoda,holiday,13:30,2,0.2
C04,Omotesando,Chiyoda,holiday,14:00,2,0.2
C04,Omotesando,Chiyoda,holiday,14:30,2,0.2
C04,Omotesando,Chiyoda,holiday,15:00,2,0.2
C04,Omotesando,Chiyoda,holiday,15:30,2,0.2
C04,Omotesando,Chiyoda,holiday,16:00,2,0.2
C04,Omotesando,Chiyoda,holiday,16:30,2,0.2
C04,Omotesando,Chiyoda,holiday,17:00,2,0.2
C04,Omotesando,Chiyoda,holiday,17:30,2,0.2
C04,Omotesando,Chiyoda,holiday,18:00,2,0.2
C04,Omotesando,Chiyoda,holiday,18:30,2,0.2
C04,Omotesando,Chiyoda,holiday,19:00,1,0.0
C04,Omotesando,Chiyoda,holiday,19:30,2,0.2
C04,Omotesando,Chiyoda,holiday,20:00,2,0.2
C04,Omotesando,Chiyoda,holiday,20:30,1,0.0
C04,Omotesando,Chiyoda,holiday,21:00,1,0.0
C04,Omotesando,Chiyoda,holiday,21:30,1,0.0
C04,Omotesando,Chiyoda,holiday,22:00,1,0.0
C04,Omotesando,Chiyoda,holiday,22:30,1,0.0
C04,Omotesando,Chiyoda,holiday,23:00,1,0.0
C04,Omotesando,Chiyoda,holiday,23:30,1,0.0
C04,Omotesando,Chiyoda,holiday,24:00:00,1,0.0
C04,Omotesando,Chiyoda,weekday,05:00,1,0.0
C04,Omotesando,Chiyoda,weekday,05:30,1,0.0
C04,Omotesando,Chiyoda,weekday,06:00,2,0.2
C04,Omotesando,Chiyoda,weekday,06:30,2,0.2
C04,Omotesando,Chiyoda,weekday,07:00,2,0.2
C04,Omotesando,Chiyoda,weekday,07:30,3,0.4
C04,Omotesando,Chiyoda,weekday,08:00,3,0.4
C04,Omotesando,Chiyoda,weekday,08:30,3,0.4
C04,Omotesando,Chiyoda,weekday,09:00,2,0.2
C04,Omotesando,Chiyoda,weekday,09:30,2,0.2
C04,Omotesando,Chiyoda,weekday,10:00,2,0.2
C04,Omotesando,Chiyoda,weekday,10:30,2,0.2
C04,Omotesando,Chiyoda,weekday,11:00,2,0.2
C04,Omotesando,Chiyoda,weekday,11:30,2,0.2
C04,Omotesando,Chiyoda,weekday,12:00,2,0.2
C04,Omotesando,Chiyoda,weekday,12:30,2,0.2
C04,Omotesando,Chiyoda,weekday,13:00,2,0.2
C04,Omotesando,Chiyoda,weekday,13:30,1,0.0
C04,Omotesando,Chiyoda,weekday,14:00,2,0.2
C04,Omotesando,Chiyoda,weekday,14:30,1,0.0
C04,Omotesando,Chiyoda,weekday,15:00,2,0.2
C04,Omotesando,Chiyoda,weekday,15:30,1,0.0
C04,Omotesando,Chiyoda,weekday,16:00,1,0.0
C04,Omotesando,Chiyoda,weekday,16:30,2,0.2
C04,Omotesando,Chiyoda,weekday,17:00,2,0.2
C04,Omotesando,Chiyoda,weekday,17:30,2,0.2
C04,Omotesando,Chiyoda,weekday,18:00,2,0.2
C04,Omotesando,Chiyoda,weekday,18:30,2,0.2
C04,Omotesando,Chiyoda,weekday,19:00,2,0.2
C04,Omotesando,Chiyoda,weekday,19:30,2,0.2
C04,Omotesando,Chiyoda,weekday,20:00,2,0.2
C04,Omotesando,Chiyoda,weekday,20:30,2,0.2
C04,Omotesando,Chiyoda,weekday,21:00,2,0.2
C04,Omotesando,Chiyoda,weekday,21:30,1,0.0
C04,Omotesando,Chiyoda,weekday,22:00,2,0.2
C04,Omotesando,Chiyoda,weekday,22:30,1,0.0
C04,Omotesando,Chiyoda,weekday,23:00,1,0.0
C04,Omotesando,Chiyoda,weekday,23:30,1,0.0
C04,Omotesando,Chiyoda,weekday,24:00:00,1,0.0
C04,Omotesando,Chiyoda,weekday,24:30:00,1,0.0
C05,Nogizaka,Chiyoda,holiday,05:00,1,0.0
C05,Nogizaka,Chiyoda,holiday,05:30,1,0.0
C05,Nogizaka,Chiyoda,holiday,06:00,1,0.0
C05,Nogizaka,Chiyoda,holiday,06:30,1,0.0
C05,Nogizaka,Chiyoda,holiday,07:00,1,0.0
C05,Nogizaka,Chiyoda,holiday,07:30,1,0.0
C05,Nogizaka,Chiyoda,holiday,08:00,1,0.0
C05,Nogizaka,Chiyoda,holiday,08:30,1,0.0
C05,Nogizaka,Chiyoda,holiday,09:00,1,0.0
C05,Nogizaka,Chiyoda,holiday,09:30,1,0.0
C05,Nogizaka,Chiyoda,holiday,10:00,2,0.2
C05,Nogizaka,Chiyoda,holiday,10:30,2,0.2
C05,Nogizaka,Chiyoda,holiday,11:00,2,0.2
C05,Nogizaka,Chiyoda,holiday,11:30,2,0.2
C05,Nogizaka,Chiyoda,holiday,12:00,2,0.2
C05,Nogizaka,Chiyoda,holiday,12:30,2,0.2
C05,Nogizaka,Chiyoda,holiday,13:00,2,0.2
C05,Nogizaka,Chiyoda,holiday,13:30,2,0.2
C05,Nogizaka,Chiyoda,holiday,14:00,2,0.2
C05,Nogizaka,Chiyoda,holiday,14:30,2,0.2
C05,Nogizaka,Chiyoda,holiday,15:00,2,0.2
C05,Nogizaka,Chiyoda,holiday,15:30,2,0.2
C05,Nogizaka,Chiyoda,holiday,16:00,2,0.2
C05,Nogizaka,Chiyoda,holiday,16:30,2,0.2
C05,Nogizaka,Chiyoda,holiday,17:00,2,0.2
C05,Nogizaka,Chiyoda,holiday,17:30,2,0.2
C05,Nogizaka,Chiyoda,holiday,18:00,1,0.0
C05,Nogizaka,Chiyoda,holiday,18:30,2,0.2
C05,Nogizaka,Chiyoda,holiday,19:00,2,0.2
C05,Nogizaka,Chiyoda,holiday,19:30,1,0.0
C05,Nogizaka,Chiyoda,holiday,20:00,2,0.2
C05,Nogizaka,Chiyoda,holiday,20:30,1,0.0
C05,Nogizaka,Chiyoda,holiday,21:00,1,0.0
C05,Nogizaka,Chiyoda,holiday,21:30,1,0.0
C05,Nogizaka,Chiyoda,holiday,22:00,1,0.0
C05,Nogizaka,Chiyoda,holiday,22:30,1,0.0
C05,Nogizaka,Chiyoda,holiday,23:00,1,0.0
C05,Nogizaka,Chiyoda,holiday,23:30,1,0.0
C05,Nogizaka,Chiyoda,holiday,24:00:00,1,0.0
C05,Nogizaka,Chiyoda,weekday,05:00,1,0.0
C05,Nogizaka,Chiyoda,weekday,05:30,1,0.0
C05,Nogizaka,Chiyoda,weekday,06:00,1,0.0
C05,Nogizaka,Chiyoda,weekday,06:30,2,0.2
C05,Nogizaka,Chiyoda,weekday,07:00,2,0.2
C05,Nogizaka,Chiyoda,weekday,07:30,3,0.4
C05,Nogizaka,Chiyoda,weekday,08:00,3,0.4
C05,Nogizaka,Chiyoda,weekday,08:30,3,0.4
C05,Nogizaka,Chiyoda,weekday,09:00,2,0.2
C05,Nogizaka,Chiyoda,weekday,09:30,2,0.2
C05,Nogizaka,Chiyoda,weekday,10:00,2,0.2
C05,Nogizaka,Chiyoda,weekday,10:30,2,0.2
C05,Nogizaka,Chiyoda,weekday,11:00,2,0.2
C05,Nogizaka,Chiyoda,weekday,11:30,1,0.0
C05,Nogizaka,Chiyoda,weekday,12:00,2,0.2
C05,Nogizaka,Chiyoda,weekday,12:30,2,0.2
C05,Nogizaka,Chiyoda,weekday,13:00,2,0.2
C05,Nogizaka,Chiyoda,weekday,13:30,1,0.0
C05,Nogizaka,Chiyoda,weekday,14:00,1,0.0
C05,Nogizaka,Chiyoda,weekday,14:30,1,0.0
C05,Nogizaka,Chiyoda,weekday,15:00,1,0.0
C05,Nogizaka,Chiyoda,weekday,15:30,1,0.0
C05,Nogizaka,Chiyoda,weekday,16:00,1,0.0
C05,Nogizaka,Chiyoda,weekday,16:30,1,0.0
C05,Nogizaka,Chiyoda,weekday,17:00,2,0.2
C05,Nogizaka,Chiyoda,weekday,17:30,2,0.2
C05,Nogizaka,Chiyoda,weekday,18:00,2,0.2
C05,Nogizaka,Chiyoda,weekday,18:30,2,0.2
C05,Nogizaka,Chiyoda,weekday,19:00,2,0.2
C05,Nogizaka,Chiyoda,weekday,19:30,2,0.2
C05,Nogizaka,Chiyoda,weekday,20:00,2,0.2
C05,Nogizaka,Chiyoda,weekday,20:30,2,0.2
C05,Nogizaka,Chiyoda,weekday,21:00,2,0.2
C05,Nogizaka,Chiyoda,weekday,21:30,1,0.0
C05,Nogizaka,Chiyoda,weekday,22:00,1,0.0
C05,Nogizaka,Chiyoda,weekday,22:30,1,0.0
C05,Nogizaka,Chiyoda,weekday,23:00,1,0.0
C05,Nogizaka,Chiyoda,weekday,23:30,1,0.0
C05,Nogizaka,Chiyoda,weekday,24:00:00,1,0.0
C05,Nogizaka,Chiyoda,weekday,24:30:00,1,0.0
C06,Akasaka,Chiyoda,holiday,05:00,1,0.0
C06,Akasaka,Chiyoda,holiday,05:30,1,0.0
C06,Akasaka,Chiyoda,holiday,06:00,1,0.0
C06,Akasaka,Chiyoda,holiday,06:30,1,0.0
C06,Akasaka,Chiyoda,holiday,07:00,1,0.0
C06,Akasaka,Chiyoda,holiday,07:30,1,0.0
C06,Akasaka,Chiyoda,holiday,08:00,1,0.0
C06,Akasaka,Chiyoda,holiday,08:30,2,0.2
C06,Akasaka,Chiyoda,holiday,09:00,1,0.0
C06,Akasaka,Chiyoda,holiday,09:30,2,0.2
C06,Akasaka,Chiyoda,holiday,10:00,2,0.2
C06,Akasaka,Chiyoda,holiday,10:30,2,0.2
C06,Akasaka,Chiyoda,holiday,11:00,2,0.2
C06,Akasaka,Chiyoda,holiday,11:30,2,0.2
C06,Akasaka,Chiyoda,holiday,12:00,1,0.0
C06,Akasaka,Chiyoda,holiday,12:30,2,0.2
C06,Akasaka,Chiyoda,holiday,13:00,2,0.2
C06,Akasaka,Chiyoda,holiday,13:30,2,0.2
C06,Akasaka,Chiyoda,holiday,14:00,1,0.0
C06,Akasaka,Chiyoda,holiday,14:30,2,0.2
C06,Akasaka,Chiyoda,holiday,15:00,2,0.2
C06,Akasaka,Chiyoda,holiday,15:30,2,0.2
C06,Akasaka,Chiyoda,holiday,16:00,2,0.2
C06,Akasaka,Chiyoda,holiday,16:30,2,0.2
C06,Akasaka,Chiyoda,holiday,17:00,2,0.2
C06,Akasaka,Chiyoda,holiday,17:30,2,0.2
C06,Akasaka,Chiyoda,holiday,18:00,2,0.2
C06,Akasaka,Chiyoda,holiday,18:30,2,0.2
C06,Akasaka,Chiyoda,holiday,19:00,2,0.2
C06,Akasaka,Chiyoda,holiday,19:30,1,0.0
C06,Akasaka,Chiyoda,holiday,20:00,2,0.2
C06,Akasaka,Chiyoda,holiday,20:30,2,0.2
C06,Akasaka,Chiyoda,holiday,21:00,1,0.0
C06,Akasaka,Chiyoda,holiday,21:30,1,0.0
C06,Akasaka,Chiyoda,holiday,22:00,1,0.0
C06,Akasaka,Chiyoda,holiday,22:30,1,0.0
C06,Akasaka,Chiyoda,holiday,23:00,1,0.0
C06,Akasaka,Chiyoda,holiday,23:30,1,0.0
C06,Akasaka,Chiyoda,holiday,24:00:00,1,0.0
C06,Akasaka,Chiyoda,weekday,05:00,1,0.0
C06,Akasaka,Chiyoda,weekday,05:30,1,0.0
C06,Akasaka,Chiyoda,weekday,06:00,1,0.0
C06,Akasaka,Chiyoda,weekday,06:30,2,0.2
C06,Akasaka,Chiyoda,weekday,07:00,2,0.2
C06,Akasaka,Chiyoda,weekday,07:30,3,0.4
C06,Akasaka,Chiyoda,weekday,08:00,3,0.4
C06,Akasaka,Chiyoda,weekday,08:30,3,0.4
C06,Akasaka,Chiyoda,weekday,09:00,2,0.2
C06,Akasaka,Chiyoda,weekday,09:30,2,0.2
C06,Akasaka,Chiyoda,weekday,10:00,2,0.2
C06,Akasaka,Chiyoda,weekday,10:30,2,0.2
C06,Akasaka,Chiyoda,weekday,11:00,2,0.2
C06,Akasaka,Chiyoda,weekday,11:30,2,0.2
C06,Akasaka,Chiyoda,weekday,12:00,2,0.2
C06,Akasaka,Chiyoda,weekday,12:30,2,0.2
C06,Akasaka,Chiyoda,weekday,13:00,2,0.2
C06,Akasaka,Chiyoda,weekday,13:30,2,0.2
C06,Akasaka,Chiyoda,weekday,14:00,1,0.0
C06,Akasaka,Chiyoda,weekday,14:30,2,0.2
C06,Akasaka,Chiyoda,weekday,15:00,1,0.0
C06,Akasaka,Chiyoda,weekday,15:30,2,0.2
C06,Akasaka,Chiyoda,weekday,16:00,2,0.2
C06,Akasaka,Chiyoda,weekday,16:30,2,0.2
C06,Akasaka,Chiyoda,weekday,17:00,2,0.2
C06,Akasaka,Chiyoda,weekday,17:30,2,0.2
C06,Akasaka,Chiyoda,weekday,18:00,2,0.2
C06,Akasaka,Chiyoda,weekday,18:30,2,0.2
C06,Akasaka,Chiyoda,weekday,19:00,2,0.2
C06,Akasaka,Chiyoda,weekday,19:30,2,0.2
C06,Akasaka,Chiyoda,weekday,20:00,2,0.2
C06,Akasaka,Chiyoda,weekday,20:30,2,0.2
C06,Akasaka,Chiyoda,weekday,21:00,2,0.2
C06,Akasaka,Chiyoda,weekday,21:30,1,0.0
C06,Akasaka,Chiyoda,weekday,22:00,1,0.0
C06,Akasaka,Chiyoda,weekday,22:30,1,0.0
C06,Akasaka,Chiyoda,weekday,23:00,1,0.0
C06,Akasaka,Chiyoda,weekday,23:30,1,0.0
C06,Akasaka,Chiyoda,weekday,24:00:00,1,0.0
C06,Akasaka,Chiyoda,weekday,24:30:00,1,0.0
C07,Kokkai gijidomae,Chiyoda,holiday,05:00,1,0.0
C07,Kokkai gijidomae,Chiyoda,holiday,05:30,1,0.0
C07,Kokkai gijidomae,Chiyoda,holiday,06:00,1,0.0
C07,Kokkai gijidomae,Chiyoda,holiday,06:30,1,0.0
C07,Kokkai gijidomae,Chiyoda,holiday,07:00,1,0.0
C07,Kokkai gijidomae,Chiyoda,holiday,07:30,1,0.0
C07,Kokkai gijidomae,Chiyoda,holiday,08:00,1,0.0
C07,Kokkai gijidomae,Chiyoda,holiday,08:30,1,0.0
C07,Kokkai gijidomae,Chiyoda,holiday,09:00,1,0.0
C07,Kokkai gijidomae,Chiyoda,holiday,09:30,2,0.2
C07,Kokkai gijidomae,Chiyoda,holiday,10:00,2,0.2
C07,Kokkai gijidomae,Chiyoda,holiday,10:30,2,0.2
C07,Kokkai gijidomae,Chiyoda,holiday,11:00,2,0.2
C07,Kokkai gijidomae,Chiyoda,holiday,11:30,2,0.2
C07,Kokkai gijidomae,Chiyoda,holiday,12:00,1,0.0
C07,Kokkai gijidomae,Chiyoda,holiday,12:30,2,0.2
C07,Kokkai gijidomae,Chiyoda,holiday,13:00,2,0.2
C07,Kokkai gijidomae,Chiyoda,holiday,13:30,2,0.2
C07,Kokkai gijidomae,Chiyoda,holiday,14:00,1,0.0
C07,Kokkai gijidomae,Chiyoda,holiday,14:30,2,0.2
C07,Kokkai gijidomae,Chiyoda,holiday,15:00,2,0.2
C07,Kokkai gijidomae,Chiyoda,holiday,15:30,2,0.2
C07,Kokkai gijidomae,Chiyoda,holiday,16:00,2,0.2
C07,Kokkai gijidomae,Chiyoda,holiday,16:30,2,0.2
C07,Kokkai gijidomae,Chiyoda,holiday,17:00,2,0.2
C07,Kokkai gijidomae,Chiyoda,holiday,17:30,2,0.2
C07,Kokkai gijidomae,Chiyoda,holiday,18:00,2,0.2
C07,Kokkai gijidomae,Chiyoda,holiday,18:30,2,0.2
C07,Kokkai gijidomae,Chiyoda,holiday,19:00,2,0.2
C07,Kokkai gijidomae,Chiyoda,holiday,19:30,1,0.0
C07,Kokkai gijidomae,Chiyoda,holiday,20:00,2,0.2
C07,Kokkai gijidomae,Chiyoda,holiday,20:30,2,0.2
C07,Kokkai gijidomae,Chiyoda,holiday,21:00,1,0.0
C07,Kokkai gijidomae,Chiyoda,holiday,21:30,1,0.0
C07,Kokkai gijidomae,Chiyoda,holiday,22:00,1,0.0
C07,Kokkai gijidomae,Chiyoda,holiday,22:30,1,0.0
C07,Kokkai gijidomae,Chiyoda,holiday,23:00,1,0.0
C07,Kokkai gijidomae,Chiyoda,holiday,23:30,1,0.0
C07,Kokkai gijidomae,Chiyoda,holiday,24:00:00,1,0.0
C07,Kokkai gijidomae,Chiyoda,weekday,05:00,1,0.0
C07,Kokkai gijidomae,Chiyoda,weekday,05:30,1,0.0
C07,Kokkai gijidomae,Chiyoda,weekday,06:00,1,0.0
C07,Kokkai gijidomae,Chiyoda,weekday,06:30,1,0.0
C07,Kokkai gijidomae,Chiyoda,weekday,07:00,2,0.2
C07,Kokkai gijidomae,Chiyoda,weekday,07:30,2,0.2
C07,Kokkai gijidomae,Chiyoda,weekday,08:00,3,0.4
C07,Kokkai gijidomae,Chiyoda,weekday,08:30,2,0.2
C07,Kokkai gijidomae,Chiyoda,weekday,09:00,2,0.2
C07,Kokkai gijidomae,Chiyoda,weekday,09:30,2,0.2
C07,Kokkai gijidomae,Chiyoda,weekday,10:00,2,0.2
C07,Kokkai gijidomae,Chiyoda,weekday,10:30,2,0.2
C07,Kokkai gijidomae,Chiyoda,weekday,11:00,1,0.0
C07,Kokkai gijidomae,Chiyoda,weekday,11:30,2,0.2
C07,Kokkai gijidomae,Chiyoda,weekday,12:00,2,0.2
C07,Kokkai gijidomae,Chiyoda,weekday,12:30,2,0.2
C07,Kokkai gijidomae,Chiyoda,weekday,13:00,1,0.0
C07,Kokkai gijidomae,Chiyoda,weekday,13:30,2,0.2
C07,Kokkai gijidomae,Chiyoda,weekday,14:00,1,0.0
C07,Kokkai gijidomae,Chiyoda,weekday,14:30,2,0.2
C07,Kokkai gijidomae,Chiyoda,weekday,15:00,1,0.0
C07,Kokkai gijidomae,Chiyoda,weekday,15:30,2,0.2
C07,Kokkai gijidomae,Chiyoda,weekday,16:00,2,0.2
C07,Kokkai gijidomae,Chiyoda,weekday,16:30,2,0.2
C07,Kokkai gijidomae,Chiyoda,weekday,17:00,2,0.2
C07,Kokkai gijidomae,Chiyoda,weekday,17:30,2,0.2
C07,Kokkai gijidomae,Chiyoda,weekday,18:00,2,0.2
C07,Kokkai gijidomae,Chiyoda,weekday,18:30,2,0.2
C07,Kokkai gijidomae,Chiyoda,weekday,19:00,2,0.2
C07,Kokkai gijidomae,Chiyoda,weekday,19:30,2,0.2
C07,Kokkai gijidomae,Chiyoda,weekday,20:00,2,0.2
C07,Kokkai gijidomae,Chiyoda,weekday,20:30,2,0.2
C07,Kokkai gijidomae,Chiyoda,weekday,21:00,2,0.2
C07,Kokkai gijidomae,Chiyoda,weekday,21:30,1,0.0
C07,Kokkai gijidomae,Chiyoda,weekday,22:00,1,0.0
C07,Kokkai gijidomae,Chiyoda,weekday,22:30,1,0.0
C07,Kokkai gijidomae,Chiyoda,weekday,23:00,1,0.0
C07,Kokkai gijidomae,Chiyoda,weekday,23:30,1,0.0
C07,Kokkai gijidomae,Chiyoda,weekday,24:00:00,1,0.0
C07,Kokkai gijidomae,Chiyoda,weekday,24:30:00,1,0.0
C08,Kasumigaseki,Chiyoda,holiday,05:00,1,0.0
C08,Kasumigaseki,Chiyoda,holiday,05:30,1,0.0
C08,Kasumigaseki,Chiyoda,holiday,06:00,1,0.0
C08,Kasumigaseki,Chiyoda,holiday,06:30,1,0.0
C08,Kasumigaseki,Chiyoda,holiday,07:00,1,0.0
C08,Kasumigaseki,Chiyoda,holiday,07:30,1,0.0
C08,Kasumigaseki,Chiyoda,holiday,08:00,1,0.0
C08,Kasumigaseki,Chiyoda,holiday,08:30,1,0.0
C08,Kasumigaseki,Chiyoda,holiday,09:00,1,0.0
C08,Kasumigaseki,Chiyoda,holiday,09:30,2,0.2
C08,Kasumigaseki,Chiyoda,holiday,10:00,2,0.2
C08,Kasumigaseki,Chiyoda,holiday,10:30,2,0.2
C08,Kasumigaseki,Chiyoda,holiday,11:00,2,0.2
C08,Kasumigaseki,Chiyoda,holiday,11:30,2,0.2
C08,Kasumigaseki,Chiyoda,holiday,12:00,1,0.0
C08,Kasumigaseki,Chiyoda,holiday,12:30,2,0.2
C08,Kasumigaseki,Chiyoda,holiday,13:00,2,0.2
C08,Kasumigaseki,Chiyoda,holiday,13:30,2,0.2
C08,Kasumigaseki,Chiyoda,holiday,14:00,1,0.0
C08,Kasumigaseki,Chiyoda,holiday,14:30,2,0.2
C08,Kasumigaseki,Chiyoda,holiday,15:00,2,0.2
C08,Kasumigaseki,Chiyoda,holiday,15:30,2,0.2
C08,Kasumigaseki,Chiyoda,holiday,16:00,2,0.2
C08,Kasumigaseki,Chiyoda,holiday,16:30,2,0.2
C08,Kasumigaseki,Chiyoda,holiday,17:00,2,0.2
C08,Kasumigaseki,Chiyoda,holiday,17:30,2,0.2
C08,Kasumigaseki,Chiyoda,holiday,18:00,2,0.2
C08,Kasumigaseki,Chiyoda,holiday,18:30,2,0.2
C08,Kasumigaseki,Chiyoda,holiday,19:00,2,0.2
C08,Kasumigaseki,Chiyoda,holiday,19:30,1,0.0
C08,Kasumigaseki,Chiyoda,holiday,20:00,2,0.2
C08,Kasumigaseki,Chiyoda,holiday,20:30,2,0.2
C08,Kasumigaseki,Chiyoda,holiday,21:00,1,0.0
C08,Kasumigaseki,Chiyoda,holiday,21:30,1,0.0
C08,Kasumigaseki,Chiyoda,holiday,22:00,1,0.0
C08,Kasumigaseki,Chiyoda,holiday,22:30,1,0.0
C08,Kasumigaseki,Chiyoda,holiday,23:00,1,0.0
C08,Kasumigaseki,Chiyoda,holiday,23:30,1,0.0
C08,Kasumigaseki,Chiyoda,holiday,24:00:00,1,0.0
C08,Kasumigaseki,Chiyoda,weekday,05:00,1,0.0
C08,Kasumigaseki,Chiyoda,weekday,05:30,1,0.0
C08,Kasumigaseki,Chiyoda,weekday,06:00,1,0.0
C08,Kasumigaseki,Chiyoda,weekday,06:30,1,0.0
C08,Kasumigaseki,Chiyoda,weekday,07:00,2,0.2
C08,Kasumigaseki,Chiyoda,weekday,07:30,2,0.2
C08,Kasumigaseki,Chiyoda,weekday,08:00,2,0.2
C08,Kasumigaseki,Chiyoda,weekday,08:30,2,0.2
C08,Kasumigaseki,Chiyoda,weekday,09:00,2,0.2
C08,Kasumigaseki,Chiyoda,weekday,09:30,2,0.2
C08,Kasumigaseki,Chiyoda,weekday,10:00,2,0.2
C08,Kasumigaseki,Chiyoda,weekday,10:30,2,0.2
C08,Kasumigaseki,Chiyoda,weekday,11:00,1,0.0
C08,Kasumigaseki,Chiyoda,weekday,11:30,2,0.2
C08,Kasumigaseki,Chiyoda,weekday,12:00,2,0.2
C08,Kasumigaseki,Chiyoda,weekday,12:30,2,0.2
C08,Kasumigaseki,Chiyoda,weekday,13:00,1,0.0
C08,Kasumigaseki,Chiyoda,weekday,13:30,2,0.2
C08,Kasumigaseki,Chiyoda,weekday,14:00,1,0.0
C08,Kasumigaseki,Chiyoda,weekday,14:30,2,0.2
C08,Kasumigaseki,Chiyoda,weekday,15:00,1,0.0
C08,Kasumigaseki,Chiyoda,weekday,15:30,2,0.2
C08,Kasumigaseki,Chiyoda,weekday,16:00,2,0.2
C08,Kasumigaseki,Chiyoda,weekday,16:30,2,0.2
C08,Kasumigaseki,Chiyoda,weekday,17:00,2,0.2
C08,Kasumigaseki,Chiyoda,weekday,17:30,2,0.2
C08,Kasumigaseki,Chiyoda,weekday,18:00,2,0.2
C08,Kasumigaseki,Chiyoda,weekday,18:30,2,0.2
C08,Kasumigaseki,Chiyoda,weekday,19:00,2,0.2
C08,Kasumigaseki,Chiyoda,weekday,19:30,2,0.2
C08,Kasumigaseki,Chiyoda,weekday,20:00,2,0.2
C08,Kasumigaseki,Chiyoda,weekday,20:30,2,0.2
C08,Kasumigaseki,Chiyoda,weekday,21:00,2,0.2
C08,Kasumigaseki,Chiyoda,weekday,21:30,2,0.2
C08,Kasumigaseki,Chiyoda,weekday,22:00,2,0.2
C08,Kasumigaseki,Chiyoda,weekday,22:30,1,0.0
C08,Kasumigaseki,Chiyoda,weekday,23:00,1,0.0
C08,Kasumigaseki,Chiyoda,weekday,23:30,1,0.0
C08,Kasumigaseki,Chiyoda,weekday,24:00:00,1,0.0
C08,Kasumigaseki,Chiyoda,weekday,24:30:00,1,0.0
C09,Hibiya,Chiyoda,holiday,05:00,1,0.0
C09,Hibiya,Chiyoda,holiday,05:30,1,0.0
C09,Hibiya,Chiyoda,holiday,06:00,1,0.0
C09,Hibiya,Chiyoda,holiday,06:30,1,0.0
C09,Hibiya,Chiyoda,holiday,07:00,1,0.0
C09,Hibiya,Chiyoda,holiday,07:30,1,0.0
C09,Hibiya,Chiyoda,holiday,08:00,1,0.0
C09,Hibiya,Chiyoda,holiday,08:30,1,0.0
C09,Hibiya,Chiyoda,holiday,09:00,1,0.0
C09,Hibiya,Chiyoda,holiday,09:30,1,0.0
C09,Hibiya,Chiyoda,holiday,10:00,2,0.2
C09,Hibiya,Chiyoda,holiday,10:30,2,0.2
C09,Hibiya,Chiyoda,holiday,11:00,1,0.0
C09,Hibiya,Chiyoda,holiday,11:30,2,0.2
C09,Hibiya,Chiyoda,holiday,12:00,1,0.0
C09,Hibiya,Chiyoda,holiday,12:30,1,0.0
C09,Hibiya,Chiyoda,holiday,13:00,1,0.0
C09,Hibiya,Chiyoda,holiday,13:30,1,0.0
C09,Hibiya,Chiyoda,holiday,14:00,1,0.0
C09,Hibiya,Chiyoda,holiday,14:30,1,0.0
C09,Hibiya,Chiyoda,holiday,15:00,1,0.0
C09,Hibiya,Chiyoda,holiday,15:30,1,0.0
C09,Hibiya,Chiyoda,holiday,16:00,1,0.0
C09,Hibiya,Chiyoda,holiday,16:30,2,0.2
C09,Hibiya,Chiyoda,holiday,17:00,2,0.2
C09,Hibiya,Chiyoda,holiday,17:30,2,0.2
C09,Hibiya,Chiyoda,holiday,18:00,2,0.2
C09,Hibiya,Chiyoda,holiday,18:30,2,0.2
C09,Hibiya,Chiyoda,holiday,19:00,2,0.2
C09,Hibiya,Chiyoda,holiday,19:30,1,0.0
C09,Hibiya,Chiyoda,holiday,20:00,1,0.0
C09,Hibiya,Chiyoda,holiday,20:30,2,0.2
C09,Hibiya,Chiyoda,holiday,21:00,1,0.0
C09,Hibiya,Chiyoda,holiday,21:30,1,0.0
C09,Hibiya,Chiyoda,holiday,22:00,2,0.2
C09,Hibiya,Chiyoda,holiday,22:30,2,0.2
C09,Hibiya,Chiyoda,holiday,23:00,1,0.0
C09,Hibiya,Chiyoda,holiday,23:30,2,0.2
C09,Hibiya,Chiyoda,holiday,24:00:00,1,0.0
C09,Hibiya,Chiyoda,weekday,05:00,1,0.0
C09,Hibiya,Chiyoda,weekday,05:30,1,0.0
C09,Hibiya,Chiyoda,weekday,06:00,1,0.0
C09,Hibiya,Chiyoda,weekday,06:30,1,0.0
C09,Hibiya,Chiyoda,weekday,07:00,1,0.0
C09,Hibiya,Chiyoda,weekday,07:30,2,0.2
C09,Hibiya,Chiyoda,weekday,08:00,2,0.2
C09,Hibiya,Chiyoda,weekday,08:30,2,0.2
C09,Hibiya,Chiyoda,weekday,09:00,2,0.2
C09,Hibiya,Chiyoda,weekday,09:30,2,0.2
C09,Hibiya,Chiyoda,weekday,10:00,2,0.2
C09,Hibiya,Chiyoda,weekday,10:30,2,0.2
C09,Hibiya,Chiyoda,weekday,11:00,1,0.0
C09,Hibiya,Chiyoda,weekday,11:30,1,0.0
C09,Hibiya,Chiyoda,weekday,12:00,1,0.0
C09,Hibiya,Chiyoda,weekday,12:30,1,0.0
C09,Hibiya,Chiyoda,weekday,13:00,1,0.0
C09,Hibiya,Chiyoda,weekday,13:30,1,0.0
C09,Hibiya,Chiyoda,weekday,14:00,1,0.0
C09,Hibiya,Chiyoda,weekday,14:30,1,0.0
C09,Hibiya,Chiyoda,weekday,15:00,1,0.0
C09,Hibiya,Chiyoda,weekday,15:30,1,0.0
C09,Hibiya,Chiyoda,weekday,16:00,2,0.2
C09,Hibiya,Chiyoda,weekday,16:30,2,0.2
C09,Hibiya,Chiyoda,weekday,17:00,2,0.2
C09,Hibiya,Chiyoda,weekday,17:30,2,0.2
C09,Hibiya,Chiyoda,weekday,18:00,2,0.2
C09,Hibiya,Chiyoda,weekday,18:30,2,0.2
C09,Hibiya,Chiyoda,weekday,19:00,2,0.2
C09,Hibiya,Chiyoda,weekday,19:30,2,0.2
C09,Hibiya,Chiyoda,weekday,20:00,2,0.2
C09,Hibiya,Chiyoda,weekday,20:30,2,0.2
C09,Hibiya,Chiyoda,weekday,21:00,2,0.2
C09,Hibiya,Chiyoda,weekday,21:30,2,0.2
C09,Hibiya,Chiyoda,weekday,22:00,2,0.2
C09,Hibiya,Chiyoda,weekday,22:30,2,0.2
C09,Hibiya,Chiyoda,weekday,23:00,2,0.2
C09,Hibiya,Chiyoda,weekday,23:30,2,0.2
C09,Hibiya,Chiyoda,weekday,24:00:00,1,0.0
C09,Hibiya,Chiyoda,weekday,24:30:00,1,0.0
C10,Nijubashimae,Chiyoda,holiday,05:00,1,0.0
C10,Nijubashimae,Chiyoda,holiday,05:30,1,0.0
C10,Nijubashimae,Chiyoda,holiday,06:00,1,0.0
C10,Nijubashimae,Chiyoda,holiday,06:30,1,0.0
C10,Nijubashimae,Chiyoda,holiday,07:00,1,0.0
C10,Nijubashimae,Chiyoda,holiday,07:30,1,0.0
C10,Nijubashimae,Chiyoda,holiday,08:00,2,0.2
C10,Nijubashimae,Chiyoda,holiday,08:30,2,0.2
C10,Nijubashimae,Chiyoda,holiday,09:00,2,0.2
C10,Nijubashimae,Chiyoda,holiday,09:30,2,0.2
C10,Nijubashimae,Chiyoda,holiday,10:00,2,0.2
C10,Nijubashimae,Chiyoda,holiday,10:30,2,0.2
C10,Nijubashimae,Chiyoda,holiday,11:00,2,0.2
C10,Nijubashimae,Chiyoda,holiday,11:30,2,0.2
C10,Nijubashimae,Chiyoda,holiday,12:00,2,0.2
C10,Nijubashimae,Chiyoda,holiday,12:30,2,0.2
C10,Nijubashimae,Chiyoda,holiday,13:00,2,0.2
C10,Nijubashimae,Chiyoda,holiday,13:30,2,0.2
C10,Nijubashimae,Chiyoda,holiday,14:00,1,0.0
C10,Nijubashimae,Chiyoda,holiday,14:30,1,0.0
C10,Nijubashimae,Chiyoda,holiday,15:00,1,0.0
C10,Nijubashimae,Chiyoda,holiday,15:30,1,0.0
C10,Nijubashimae,Chiyoda,holiday,16:00,1,0.0
C10,Nijubashimae,Chiyoda,holiday,16:30,2,0.2
C10,Nijubashimae,Chiyoda,holiday,17:00,2,0.2
C10,Nijubashimae,Chiyoda,holiday,17:30,2,0.2
C10,Nijubashimae,Chiyoda,holiday,18:00,2,0.2
C10,Nijubashimae,Chiyoda,holiday,18:30,2,0.2
C10,Nijubashimae,Chiyoda,holiday,19:00,2,0.2
C10,Nijubashimae,Chiyoda,holiday,19:30,1,0.0
C10,Nijubashimae,Chiyoda,holiday,20:00,2,0.2
C10,Nijubashimae,Chiyoda,holiday,20:30,2,0.2
C10,Nijubashimae,Chiyoda,holiday,21:00,1,0.0
C10,Nijubashimae,Chiyoda,holiday,21:30,1,0.0
C10,Nijubashimae,Chiyoda,holiday,22:00,2,0.2
C10,Nijubashimae,Chiyoda,holiday,22:30,2,0.2
C10,Nijubashimae,Chiyoda,holiday,23:00,2,0.2
C10,Nijubashimae,Chiyoda,holiday,23:30,2,0.2
C10,Nijubashimae,Chiyoda,holiday,24:00:00,1,0.0
C10,Nijubashimae,Chiyoda,weekday,05:00,2,0.2
C10,Nijubashimae,Chiyoda,weekday,05:30,1,0.0
C10,Nijubashimae,Chiyoda,weekday,06:00,1,0.0
C10,Nijubashimae,Chiyoda,weekday,06:30,2,0.2
C10,Nijubashimae,Chiyoda,weekday,07:00,2,0.2
C10,Nijubashimae,Chiyoda,weekday,07:30,3,0.4
C10,Nijubashimae,Chiyoda,weekday,08:00,3,0.4
C10,Nijubashimae,Chiyoda,weekday,08:30,3,0.4
C10,Nijubashimae,Chiyoda,weekday,09:00,3,0.4
C10,Nijubashimae,Chiyoda,weekday,09:30,2,0.2
C10,Nijubashimae,Chiyoda,weekday,10:00,2,0.2
C10,Nijubashimae,Chiyoda,weekday,10:30,2,0.2
C10,Nijubashimae,Chiyoda,weekday,11:00,2,0.2
C10,Nijubashimae,Chiyoda,weekday,11:30,2,0.2
C10,Nijubashimae,Chiyoda,weekday,12:00,2,0.2
C10,Nijubashimae,Chiyoda,weekday,12:30,2,0.2
C10,Nijubashimae,Chiyoda,weekday,13:00,2,0.2
C10,Nijubashimae,Chiyoda,weekday,13:30,1,0.0
C10,Nijubashimae,Chiyoda,weekday,14:00,1,0.0
C10,Nijubashimae,Chiyoda,weekday,14:30,1,0.0
C10,Nijubashimae,Chiyoda,weekday,15:00,1,0.0
C10,Nijubashimae,Chiyoda,weekday,15:30,1,0.0
C10,Nijubashimae,Chiyoda,weekday,16:00,2,0.2
C10,Nijubashimae,Chiyoda,weekday,16:30,2,0.2
C10,Nijubashimae,Chiyoda,weekday,17:00,2,0.2
C10,Nijubashimae,Chiyoda,weekday,17:30,2,0.2
C10,Nijubashimae,Chiyoda,weekday,18:00,2,0.2
C10,Nijubashimae,Chiyoda,weekday,18:30,2,0.2
C10,Nijubashimae,Chiyoda,weekday,19:00,2,0.2
C10,Nijubashimae,Chiyoda,weekday,19:30,2,0.2
C10,Nijubashimae,Chiyoda,weekday,20:00,2,0.2
C10,Nijubashimae,Chiyoda,weekday,20:30,2,0.2
C10,Nijubashimae,Chiyoda,weekday,21:00,2,0.2
C10,Nijubashimae,Chiyoda,weekday,21:30,2,0.2
C10,Nijubashimae,Chiyoda,weekday,22:00,2,0.2
C10,Nijubashimae,Chiyoda,weekday,22:30,2,0.2
C10,Nijubashimae,Chiyoda,weekday,23:00,2,0.2
C10,Nijubashimae,Chiyoda,weekday,23:30,2,0.2
C10,Nijubashimae,Chiyoda,weekday,24:00:00,1,0.0
C11,Otemachi,Chiyoda,holiday,05:00,1,0.0
C11,Otemachi,Chiyoda,holiday,05:30,1,0.0
C11,Otemachi,Chiyoda,holiday,06:00,1,0.0
C11,Otemachi,Chiyoda,holiday,06:30,1,0.0
C11,Otemachi,Chiyoda,holiday,07:00,1,0.0
C11,Otemachi,Chiyoda,holiday,07:30,1,0.0
C11,Otemachi,Chiyoda,holiday,08:00,1,0.0
C11,Otemachi,Chiyoda,holiday,08:30,2,0.2
C11,Otemachi,Chiyoda,holiday,09:00,2,0.2
C11,Otemachi,Chiyoda,holiday,09:30,2,0.2
C11,Otemachi,Chiyoda,holiday,10:00,2,0.2
C11,Otemachi,Chiyoda,holiday,10:30,2,0.2
C11,Otemachi,Chiyoda,holiday,11:00,2,0.2
C11,Otemachi,Chiyoda,holiday,11:30,2,0.2
C11,Otemachi,Chiyoda,holiday,12:00,2,0.2
C11,Otemachi,Chiyoda,holiday,12:30,2,0.2
C11,Otemachi,Chiyoda,holiday,13:00,2,0.2
C11,Otemachi,Chiyoda,holiday,13:30,2,0.2
C11,Otemachi,Chiyoda,holiday,14:00,1,0.0
C11,Otemachi,Chiyoda,holiday,14:30,1,0.0
C11,Otemachi,Chiyoda,holiday,15:00,1,0.0
C11,Otemachi,Chiyoda,holiday,15:30,2,0.2
C11,Otemachi,Chiyoda,holiday,16:00,2,0.2
C11,Otemachi,Chiyoda,holiday,16:30,2,0.2
C11,Otemachi,Chiyoda,holiday,17:00,2,0.2
C11,Otemachi,Chiyoda,holiday,17:30,2,0.2
C11,Otemachi,Chiyoda,holiday,18:00,2,0.2
C11,Otemachi,Chiyoda,holiday,18:30,2,0.2
C11,Otemachi,Chiyoda,holiday,19:00,2,0.2
C11,Otemachi,Chiyoda,holiday,19:30,2,0.2
C11,Otemachi,Chiyoda,holiday,20:00,2,0.2
C11,Otemachi,Chiyoda,holiday,20:30,2,0.2
C11,Otemachi,Chiyoda,holiday,21:00,1,0.0
C11,Otemachi,Chiyoda,holiday,21:30,1,0.0
C11,Otemachi,Chiyoda,holiday,22:00,2,0.2
C11,Otemachi,Chiyoda,holiday,22:30,2,0.2
C11,Otemachi,Chiyoda,holiday,23:00,2,0.2
C11,Otemachi,Chiyoda,holiday,23:30,2,0.2
C11,Otemachi,Chiyoda,holiday,24:00:00,1,0.0
C11,Otemachi,Chiyoda,weekday,05:00,2,0.2
C11,Otemachi,Chiyoda,weekday,05:30,1,0.0
C11,Otemachi,Chiyoda,weekday,06:00,1,0.0
C11,Otemachi,Chiyoda,weekday,06:30,2,0.2
C11,Otemachi,Chiyoda,weekday,07:00,2,0.2
C11,Otemachi,Chiyoda,weekday,07:30,3,0.4
C11,Otemachi,Chiyoda,weekday,08:00,3,0.4
C11,Otemachi,Chiyoda,weekday,08:30,3,0.4
C11,Otemachi,Chiyoda,weekday,09:00,3,0.4
C11,Otemachi,Chiyoda,weekday,09:30,2,0.2
C11,Otemachi,Chiyoda,weekday,10:00,2,0.2
C11,Otemachi,Chiyoda,weekday,10:30,2,0.2
C11,Otemachi,Chiyoda,weekday,11:00,2,0.2
C11,Otemachi,Chiyoda,weekday,11:30,2,0.2
C11,Otemachi,Chiyoda,weekday,12:00,2,0.2
C11,Otemachi,Chiyoda,weekday,12:30,2,0.2
C11,Otemachi,Chiyoda,weekday,13:00,2,0.2
C11,Otemachi,Chiyoda,weekday,13:30,1,0.0
C11,Otemachi,Chiyoda,weekday,14:00,1,0.0
C11,Otemachi,Chiyoda,weekday,14:30,1,0.0
C11,Otemachi,Chiyoda,weekday,15:00,2,0.2
C11,Otemachi,Chiyoda,weekday,15:30,2,0.2
C11,Otemachi,Chiyoda,weekday,16:00,2,0.2
C11,Otemachi,Chiyoda,weekday,16:30,2,0.2
C11,Otemachi,Chiyoda,weekday,17:00,2,0.2
C11,Otemachi,Chiyoda,weekday,17:30,2,0.2
C11,Otemachi,Chiyoda,weekday,18:00,2,0.2
C11,Otemachi,Chiyoda,weekday,18:30,3,0.4
C11,Otemachi,Chiyoda,weekday,19:00,3,0.4
C11,Otemachi,Chiyoda,weekday,19:30,3,0.4
C11,Otemachi,Chiyoda,weekday,20:00,2,0.2
C11,Otemachi,Chiyoda,weekday,20:30,2,0.2
C11,Otemachi,Chiyoda,weekday,21:00,2,0.2
C11,Otemachi,Chiyoda,weekday,21:30,2,0.2
C11,Otemachi,Chiyoda,weekday,22:00,2,0.2
C11,Otemachi,Chiyoda,weekday,22:30,2,0.2
C11,Otemachi,Chiyoda,weekday,23:00,2,0.2
C11,Otemachi,Chiyoda,weekday,23:30,2,0.2
C11,Otemachi,Chiyoda,weekday,24:00:00,1,0.0
C12,Shin ochanomizu,Chiyoda,holiday,05:00,1,0.0
C12,Shin ochanomizu,Chiyoda,holiday,05:30,1,0.0
C12,Shin ochanomizu,Chiyoda,holiday,06:00,1,0.0
C12,Shin ochanomizu,Chiyoda,holiday,06:30,1,0.0
C12,Shin ochanomizu,Chiyoda,holiday,07:00,2,0.2
C12,Shin ochanomizu,Chiyoda,holiday,07:30,2,0.2
C12,Shin ochanomizu,Chiyoda,holiday,08:00,2,0.2
C12,Shin ochanomizu,Chiyoda,holiday,08:30,2,0.2
C12,Shin ochanomizu,Chiyoda,holiday,09:00,2,0.2
C12,Shin ochanomizu,Chiyoda,holiday,09:30,2,0.2
C12,Shin ochanomizu,Chiyoda,holiday,10:00,2,0.2
C12,Shin ochanomizu,Chiyoda,holiday,10:30,2,0.2
C12,Shin ochanomizu,Chiyoda,holiday,11:00,2,0.2
C12,Shin ochanomizu,Chiyoda,holiday,11:30,2,0.2
C12,Shin ochanomizu,Chiyoda,holiday,12:00,2,0.2
C12,Shin ochanomizu,Chiyoda,holiday,12:30,2,0.2
C12,Shin ochanomizu,Chiyoda,holiday,13:00,2,0.2
C12,Shin ochanomizu,Chiyoda,holiday,13:30,2,0.2
C12,Shin ochanomizu,Chiyoda,holiday,14:00,1,0.0
C12,Shin ochanomizu,Chiyoda,holiday,14:30,1,0.0
C12,Shin ochanomizu,Chiyoda,holiday,15:00,1,0.0
C12,Shin ochanomizu,Chiyoda,holiday,15:30,2,0.2
C12,Shin ochanomizu,Chiyoda,holiday,16:00,2,0.2
C12,Shin ochanomizu,Chiyoda,holiday,16:30,2,0.2
C12,Shin ochanomizu,Chiyoda,holiday,17:00,2,0.2
C12,Shin ochanomizu,Chiyoda,holiday,17:30,2,0.2
C12,Shin ochanomizu,Chiyoda,holiday,18:00,2,0.2
C12,Shin ochanomizu,Chiyoda,holiday,18:30,2,0.2
C12,Shin ochanomizu,Chiyoda,holiday,19:00,2,0.2
C12,Shin ochanomizu,Chiyoda,holiday,19:30,2,0.2
C12,Shin ochanomizu,Chiyoda,holiday,20:00,2,0.2
C12,Shin ochanomizu,Chiyoda,holiday,20:30,2,0.2
C12,Shin ochanomizu,Chiyoda,holiday,21:00,2,0.2
C12,Shin ochanomizu,Chiyoda,holiday,21:30,2,0.2
C12,Shin ochanomizu,Chiyoda,holiday,22:00,2,0.2
C12,Shin ochanomizu,Chiyoda,holiday,22:30,2,0.2
C12,Shin ochanomizu,Chiyoda,holiday,23:00,2,0.2
C12,Shin ochanomizu,Chiyoda,holiday,23:30,2,0.2
C12,Shin ochanomizu,Chiyoda,holiday,24:00:00,1,0.0
C12,Shin ochanomizu,Chiyoda,weekday,05:00,2,0.2
C12,Shin ochanomizu,Chiyoda,weekday,05:30,2,0.2
C12,Shin ochanomizu,Chiyoda,weekday,06:00,2,0.2
C12,Shin ochanomizu,Chiyoda,weekday,06:30,2,0.2
C12,Shin ochanomizu,Chiyoda,weekday,07:00,3,0.4
C12,Shin ochanomizu,Chiyoda,weekday,07:30,3,0.4
C12,Shin ochanomizu,Chiyoda,weekday,08:00,4,0.6
C12,Shin ochanomizu,Chiyoda,weekday,08:30,3,0.4
C12,Shin ochanomizu,Chiyoda,weekday,09:00,3,0.4
C12,Shin ochanomizu,Chiyoda,weekday,09:30,2,0.2
C12,Shin ochanomizu,Chiyoda,weekday,10:00,2,0.2
C12,Shin ochanomizu,Chiyoda,weekday,10:30,2,0.2
C12,Shin ochanomizu,Chiyoda,weekday,11:00,2,0.2
C12,Shin ochanomizu,Chiyoda,weekday,11:30,2,0.2
C12,Shin ochanomizu,Chiyoda,weekday,12:00,2,0.2
C12,Shin ochanomizu,Chiyoda,weekday,12:30,2,0.2
C12,Shin ochanomizu,Chiyoda,weekday,13:00,2,0.2
C12,Shin ochanomizu,Chiyoda,weekday,13:30,1,0.0
C12,Shin ochanomizu,Chiyoda,weekday,14:00,1,0.0
C12,Shin ochanomizu,Chiyoda,weekday,14:30,1,0.0
C12,Shin ochanomizu,Chiyoda,weekday,15:00,2,0.2
C12,Shin ochanomizu,Chiyoda,weekday,15:30,2,0.2
C12,Shin ochanomizu,Chiyoda,weekday,16:00,2,0.2
C12,Shin ochanomizu,Chiyoda,weekday,16:30,2,0.2
C12,Shin ochanomizu,Chiyoda,weekday,17:00,2,0.2
C12,Shin ochanomizu,Chiyoda,weekday,17:30,2,0.2
C12,Shin ochanomizu,Chiyoda,weekday,18:00,3,0.4
C12,Shin ochanomizu,Chiyoda,weekday,18:30,3,0.4
C12,Shin ochanomizu,Chiyoda,weekday,19:00,3,0.4
C12,Shin ochanomizu,Chiyoda,weekday,19:30,3,0.4
C12,Shin ochanomizu,Chiyoda,weekday,20:00,3,0.4
C12,Shin ochanomizu,Chiyoda,weekday,20:30,2,0.2
C12,Shin ochanomizu,Chiyoda,weekday,21:00,2,0.2
C12,Shin ochanomizu,Chiyoda,weekday,21:30,2,0.2
C12,Shin ochanomizu,Chiyoda,weekday,22:00,2,0.2
C12,Shin ochanomizu,Chiyoda,weekday,22:30,2,0.2
C12,Shin ochanomizu,Chiyoda,weekday,23:00,2,0.2
C12,Shin ochanomizu,Chiyoda,weekday,23:30,2,0.2
C12,Shin ochanomizu,Chiyoda,weekday,24:00:00,1,0.0
C13,Yushima,Chiyoda,holiday,05:00,1,0.0
C13,Yushima,Chiyoda,holiday,05:30,1,0.0
C13,Yushima,Chiyoda,holiday,06:00,1,0.0
C13,Yushima,Chiyoda,holiday,06:30,1,0.0
C13,Yushima,Chiyoda,holiday,07:00,2,0.2
C13,Yushima,Chiyoda,holiday,07:30,2,0.2
C13,Yushima,Chiyoda,holiday,08:00,2,0.2
C13,Yushima,Chiyoda,holiday,08:30,2,0.2
C13,Yushima,Chiyoda,holiday,09:00,2,0.2
C13,Yushima,Chiyoda,holiday,09:30,2,0.2
C13,Yushima,Chiyoda,holiday,10:00,2,0.2
C13,Yushima,Chiyoda,holiday,10:30,2,0.2
C13,Yushima,Chiyoda,holiday,11:00,2,0.2
C13,Yushima,Chiyoda,holiday,11:30,2,0.2
C13,Yushima,Chiyoda,holiday,12:00,2,0.2
C13,Yushima,Chiyoda,holiday,12:30,2,0.2
C13,Yushima,Chiyoda,holiday,13:00,2,0.2
C13,Yushima,Chiyoda,holiday,13:30,2,0.2
C13,Yushima,Chiyoda,holiday,14:00,1,0.0
C13,Yushima,Chiyoda,holiday,14:30,1,0.0
C13,Yushima,Chiyoda,holiday,15:00,1,0.0
C13,Yushima,Chiyoda,holiday,15:30,2,0.2
C13,Yushima,Chiyoda,holiday,16:00,2,0.2
C13,Yushima,Chiyoda,holiday,16:30,2,0.2
C13,Yushima,Chiyoda,holiday,17:00,2,0.2
C13,Yushima,Chiyoda,holiday,17:30,2,0.2
C13,Yushima,Chiyoda,holiday,18:00,2,0.2
C13,Yushima,Chiyoda,holiday,18:30,2,0.2
C13,Yushima,Chiyoda,holiday,19:00,2,0.2
C13,Yushima,Chiyoda,holiday,19:30,2,0.2
C13,Yushima,Chiyoda,holiday,20:00,2,0.2
C13,Yushima,Chiyoda,holiday,20:30,2,0.2
C13,Yushima,Chiyoda,holiday,21:00,2,0.2
C13,Yushima,Chiyoda,holiday,21:30,2,0.2
C13,Yushima,Chiyoda,holiday,22:00,2,0.2
C13,Yushima,Chiyoda,holiday,22:30,2,0.2
C13,Yushima,Chiyoda,holiday,23:00,2,0.2
C13,Yushima,Chiyoda,holiday,23:30,2,0.2
C13,Yushima,Chiyoda,holiday,24:00:00,1,0.0
C13,Yushima,Chiyoda,weekday,05:00,2,0.2
C13,Yushima,Chiyoda,weekday,05:30,2,0.2
C13,Yushima,Chiyoda,weekday,06:00,2,0.2
C13,Yushima,Chiyoda,weekday,06:30,2,0.2
C13,Yushima,Chiyoda,weekday,07:00,3,0.4
C13,Yushima,Chiyoda,weekday,07:30,4,0.6
C13,Yushima,Chiyoda,weekday,08:00,5,0.8
C13,Yushima,Chiyoda,weekday,08:30,4,0.6
C13,Yushima,Chiyoda,weekday,09:00,3,0.4
C13,Yushima,Chiyoda,weekday,09:30,2,0.2
C13,Yushima,Chiyoda,weekday,10:00,2,0.2
C13,Yushima,Chiyoda,weekday,10:30,2,0.2
C13,Yushima,Chiyoda,weekday,11:00,2,0.2
C13,Yushima,Chiyoda,weekday,11:30,2,0.2
C13,Yushima,Chiyoda,weekday,12:00,2,0.2
C13,Yushima,Chiyoda,weekday,12:30,2,0.2
C13,Yushima,Chiyoda,weekday,13:00,2,0.2
C13,Yushima,Chiyoda,weekday,13:30,1,0.0
C13,Yushima,Chiyoda,weekday,14:00,1,0.0
C13,Yushima,Chiyoda,weekday,14:30,1,0.0
C13,Yushima,Chiyoda,weekday,15:00,2,0.2
C13,Yushima,Chiyoda,weekday,15:30,2,0.2
C13,Yushima,Chiyoda,weekday,16:00,2,0.2
C13,Yushima,Chiyoda,weekday,16:30,2,0.2
C13,Yushima,Chiyoda,weekday,17:00,2,0.2
C13,Yushima,Chiyoda,weekday,17:30,3,0.4
C13,Yushima,Chiyoda,weekday,18:00,3,0.4
C13,Yushima,Chiyoda,weekday,18:30,3,0.4
C13,Yushima,Chiyoda,weekday,19:00,3,0.4
C13,Yushima,Chiyoda,weekday,19:30,3,0.4
C13,Yushima,Chiyoda,weekday,20:00,3,0.4
C13,Yushima,Chiyoda,weekday,20:30,3,0.4
C13,Yushima,Chiyoda,weekday,21:00,2,0.2
C13,Yushima,Chiyoda,weekday,21:30,2,0.2
C13,Yushima,Chiyoda,weekday,22:00,2,0.2
C13,Yushima,Chiyoda,weekday,22:30,2,0.2
C13,Yushima,Chiyoda,weekday,23:00,2,0.2
C13,Yushima,Chiyoda,weekday,23:30,2,0.2
C13,Yushima,Chiyoda,weekday,24:00:00,1,0.0
C14,Nezu,Chiyoda,holiday,05:00,1,0.0
C14,Nezu,Chiyoda,holiday,05:30,1,0.0
C14,Nezu,Chiyoda,holiday,06:00,1,0.0
C14,Nezu,Chiyoda,holiday,06:30,2,0.2
C14,Nezu,Chiyoda,holiday,07:00,2,0.2
C14,Nezu,Chiyoda,holiday,07:30,2,0.2
C14,Nezu,Chiyoda,holiday,08:00,2,0.2
C14,Nezu,Chiyoda,holiday,08:30,2,0.2
C14,Nezu,Chiyoda,holiday,09:00,2,0.2
C14,Nezu,Chiyoda,holiday,09:30,2,0.2
C14,Nezu,Chiyoda,holiday,10:00,2,0.2
C14,Nezu,Chiyoda,holiday,10:30,2,0.2
C14,Nezu,Chiyoda,holiday,11:00,2,0.2
C14,Nezu,Chiyoda,holiday,11:30,2,0.2
C14,Nezu,Chiyoda,holiday,12:00,2,0.2
C14,Nezu,Chiyoda,holiday,12:30,2,0.2
C14,Nezu,Chiyoda,holiday,13:00,2,0.2
C14,Nezu,Chiyoda,holiday,13:30,2,0.2
C14,Nezu,Chiyoda,holiday,14:00,2,0.2
C14,Nezu,Chiyoda,holiday,14:30,1,0.0
C14,Nezu,Chiyoda,holiday,15:00,1,0.0
C14,Nezu,Chiyoda,holiday,15:30,2,0.2
C14,Nezu,Chiyoda,holiday,16:00,2,0.2
C14,Nezu,Chiyoda,holiday,16:30,2,0.2
C14,Nezu,Chiyoda,holiday,17:00,2,0.2
C14,Nezu,Chiyoda,holiday,17:30,2,0.2
C14,Nezu,Chiyoda,holiday,18:00,2,0.2
C14,Nezu,Chiyoda,holiday,18:30,2,0.2
C14,Nezu,Chiyoda,holiday,19:00,2,0.2
C14,Nezu,Chiyoda,holiday,19:30,2,0.2
C14,Nezu,Chiyoda,holiday,20:00,2,0.2
C14,Nezu,Chiyoda,holiday,20:30,2,0.2
C14,Nezu,Chiyoda,holiday,21:00,2,0.2
C14,Nezu,Chiyoda,holiday,21:30,2,0.2
C14,Nezu,Chiyoda,holiday,22:00,2,0.2
C14,Nezu,Chiyoda,holiday,22:30,2,0.2
C14,Nezu,Chiyoda,holiday,23:00,2,0.2
C14,Nezu,Chiyoda,holiday,23:30,2,0.2
C14,Nezu,Chiyoda,holiday,24:00:00,1,0.0
C14,Nezu,Chiyoda,weekday,05:00,2,0.2
C14,Nezu,Chiyoda,weekday,05:30,2,0.2
C14,Nezu,Chiyoda,weekday,06:00,2,0.2
C14,Nezu,Chiyoda,weekday,06:30,2,0.2
C14,Nezu,Chiyoda,weekday,07:00,3,0.4
C14,Nezu,Chiyoda,weekday,07:30,4,0.6
C14,Nezu,Chiyoda,weekday,08:00,5,0.8
C14,Nezu,Chiyoda,weekday,08:30,4,0.6
C14,Nezu,Chiyoda,weekday,09:00,3,0.4
C14,Nezu,Chiyoda,weekday,09:30,3,0.4
C14,Nezu,Chiyoda,weekday,10:00,2,0.2
C14,Nezu,Chiyoda,weekday,10:30,2,0.2
C14,Nezu,Chiyoda,weekday,11:00,2,0.2
C14,Nezu,Chiyoda,weekday,11:30,2,0.2
C14,Nezu,Chiyoda,weekday,12:00,2,0.2
C14,Nezu,Chiyoda,weekday,12:30,2,0.2
C14,Nezu,Chiyoda,weekday,13:00,2,0.2
C14,Nezu,Chiyoda,weekday,13:30,1,0.0
C14,Nezu,Chiyoda,weekday,14:00,1,0.0
C14,Nezu,Chiyoda,weekday,14:30,1,0.0
C14,Nezu,Chiyoda,weekday,15:00,2,0.2
C14,Nezu,Chiyoda,weekday,15:30,2,0.2
C14,Nezu,Chiyoda,weekday,16:00,2,0.2
C14,Nezu,Chiyoda,weekday,16:30,2,0.2
C14,Nezu,Chiyoda,weekday,17:00,2,0.2
C14,Nezu,Chiyoda,weekday,17:30,3,0.4
C14,Nezu,Chiyoda,weekday,18:00,3,0.4
C14,Nezu,Chiyoda,weekday,18:30,3,0.4
C14,Nezu,Chiyoda,weekday,19:00,3,0.4
C14,Nezu,Chiyoda,weekday,19:30,3,0.4
C14,Nezu,Chiyoda,weekday,20:00,3,0.4
C14,Nezu,Chiyoda,weekday,20:30,3,0.4
C14,Nezu,Chiyoda,weekday,21:00,2,0.2
C14,Nezu,Chiyoda,weekday,21:30,2,0.2
C14,Nezu,Chiyoda,weekday,22:00,2,0.2
C14,Nezu,Chiyoda,weekday,22:30,2,0.2
C14,Nezu,Chiyoda,weekday,23:00,2,0.2
C14,Nezu,Chiyoda,weekday,23:30,2,0.2
C14,Nezu,Chiyoda,weekday,24:00:00,1,0.0
C15,Sendagi,Chiyoda,holiday,05:00,1,0.0
C15,Sendagi,Chiyoda,holiday,05:30,1,0.0
C15,Sendagi,Chiyoda,holiday,06:00,1,0.0
C15,Sendagi,Chiyoda,holiday,06:30,2,0.2
C15,Sendagi,Chiyoda,holiday,07:00,2,0.2
C15,Sendagi,Chiyoda,holiday,07:30,2,0.2
C15,Sendagi,Chiyoda,holiday,08:00,2,0.2
C15,Sendagi,Chiyoda,holiday,08:30,2,0.2
C15,Sendagi,Chiyoda,holiday,09:00,2,0.2
C15,Sendagi,Chiyoda,holiday,09:30,2,0.2
C15,Sendagi,Chiyoda,holiday,10:00,2,0.2
C15,Sendagi,Chiyoda,holiday,10:30,2,0.2
C15,Sendagi,Chiyoda,holiday,11:00,2,0.2
C15,Sendagi,Chiyoda,holiday,11:30,2,0.2
C15,Sendagi,Chiyoda,holiday,12:00,2,0.2
C15,Sendagi,Chiyoda,holiday,12:30,2,0.2
C15,Sendagi,Chiyoda,holiday,13:00,2,0.2
C15,Sendagi,Chiyoda,holiday,13:30,2,0.2
C15,Sendagi,Chiyoda,holiday,14:00,1,0.0
C15,Sendagi,Chiyoda,holiday,14:30,1,0.0
C15,Sendagi,Chiyoda,holiday,15:00,1,0.0
C15,Sendagi,Chiyoda,holiday,15:30,2,0.2
C15,Sendagi,Chiyoda,holiday,16:00,2,0.2
C15,Sendagi,Chiyoda,holiday,16:30,2,0.2
C15,Sendagi,Chiyoda,holiday,17:00,2,0.2
C15,Sendagi,Chiyoda,holiday,17:30,2,0.2
C15,Sendagi,Chiyoda,holiday,18:00,2,0.2
C15,Sendagi,Chiyoda,holiday,18:30,2,0.2
C15,Sendagi,Chiyoda,holiday,19:00,2,0.2
C15,Sendagi,Chiyoda,holiday,19:30,2,0.2
C15,Sendagi,Chiyoda,holiday,20:00,2,0.2
C15,Sendagi,Chiyoda,holiday,20:30,2,0.2
C15,Sendagi,Chiyoda,holiday,21:00,2,0.2
C15,Sendagi,Chiyoda,holiday,21:30,2,0.2
C15,Sendagi,Chiyoda,holiday,22:00,2,0.2
C15,Sendagi,Chiyoda,holiday,22:30,2,0.2
C15,Sendagi,Chiyoda,holiday,23:00,2,0.2
C15,Sendagi,Chiyoda,holiday,23:30,2,0.2
C15,Sendagi,Chiyoda,holiday,24:00:00,1,0.0
C15,Sendagi,Chiyoda,weekday,05:00,2,0.2
C15,Sendagi,Chiyoda,weekday,05:30,2,0.2
C15,Sendagi,Chiyoda,weekday,06:00,2,0.2
C15,Sendagi,Chiyoda,weekday,06:30,2,0.2
C15,Sendagi,Chiyoda,weekday,07:00,3,0.4
C15,Sendagi,Chiyoda,weekday,07:30,4,0.6
C15,Sendagi,Chiyoda,weekday,08:00,5,0.8
C15,Sendagi,Chiyoda,weekday,08:30,4,0.6
C15,Sendagi,Chiyoda,weekday,09:00,3,0.4
C15,Sendagi,Chiyoda,weekday,09:30,3,0.4
C15,Sendagi,Chiyoda,weekday,10:00,2,0.2
C15,Sendagi,Chiyoda,weekday,10:30,2,0.2
C15,Sendagi,Chiyoda,weekday,11:00,2,0.2
C15,Sendagi,Chiyoda,weekday,11:30,2,0.2
C15,Sendagi,Chiyoda,weekday,12:00,2,0.2
C15,Sendagi,Chiyoda,weekday,12:30,2,0.2
C15,Sendagi,Chiyoda,weekday,13:00,2,0.2
C15,Sendagi,Chiyoda,weekday,13:30,1,0.0
C15,Sendagi,Chiyoda,weekday,14:00,1,0.0
C15,Sendagi,Chiyoda,weekday,14:30,1,0.0
C15,Sendagi,Chiyoda,weekday,15:00,2,0.2
C15,Sendagi,Chiyoda,weekday,15:30,2,0.2
C15,Sendagi,Chiyoda,weekday,16:00,2,0.2
C15,Sendagi,Chiyoda,weekday,16:30,2,0.2
C15,Sendagi,Chiyoda,weekday,17:00,2,0.2
C15,Sendagi,Chiyoda,weekday,17:30,3,0.4
C15,Sendagi,Chiyoda,weekday,18:00,3,0.4
C15,Sendagi,Chiyoda,weekday,18:30,3,0.4
C15,Sendagi,Chiyoda,weekday,19:00,3,0.4
C15,Sendagi,Chiyoda,weekday,19:30,3,0.4
C15,Sendagi,Chiyoda,weekday,20:00,3,0.4
C15,Sendagi,Chiyoda,weekday,20:30,3,0.4
C15,Sendagi,Chiyoda,weekday,21:00,2,0.2
C15,Sendagi,Chiyoda,weekday,21:30,2,0.2
C15,Sendagi,Chiyoda,weekday,22:00,2,0.2
C15,Sendagi,Chiyoda,weekday,22:30,2,0.2
C15,Sendagi,Chiyoda,weekday,23:00,2,0.2
C15,Sendagi,Chiyoda,weekday,23:30,2,0.2
C15,Sendagi,Chiyoda,weekday,24:00:00,1,0.0
C16,Nishi nippori,Chiyoda,holiday,05:00,1,0.0
C16,Nishi nippori,Chiyoda,holiday,05:30,1,0.0
C16,Nishi nippori,Chiyoda,holiday,06:00,1,0.0
C16,Nishi nippori,Chiyoda,holiday,06:30,2,0.2
C16,Nishi nippori,Chiyoda,holiday,07:00,2,0.2
C16,Nishi nippori,Chiyoda,holiday,07:30,2,0.2
C16,Nishi nippori,Chiyoda,holiday,08:00,2,0.2
C16,Nishi nippori,Chiyoda,holiday,08:30,2,0.2
C16,Nishi nippori,Chiyoda,holiday,09:00,2,0.2
C16,Nishi nippori,Chiyoda,holiday,09:30,2,0.2
C16,Nishi nippori,Chiyoda,holiday,10:00,2,0.2
C16,Nishi nippori,Chiyoda,holiday,10:30,2,0.2
C16,Nishi nippori,Chiyoda,holiday,11:00,2,0.2
C16,Nishi nippori,Chiyoda,holiday,11:30,2,0.2
C16,Nishi nippori,Chiyoda,holiday,12:00,2,0.2
C16,Nishi nippori,Chiyoda,holiday,12:30,2,0.2
C16,Nishi nippori,Chiyoda,holiday,13:00,2,0.2
C16,Nishi nippori,Chiyoda,holiday,13:30,2,0.2
C16,Nishi nippori,Chiyoda,holiday,14:00,2,0.2
C16,Nishi nippori,Chiyoda,holiday,14:30,1,0.0
C16,Nishi nippori,Chiyoda,holiday,15:00,2,0.2
C16,Nishi nippori,Chiyoda,holiday,15:30,2,0.2
C16,Nishi nippori,Chiyoda,holiday,16:00,2,0.2
C16,Nishi nippori,Chiyoda,holiday,16:30,2,0.2
C16,Nishi nippori,Chiyoda,holiday,17:00,2,0.2
C16,Nishi nippori,Chiyoda,holiday,17:30,2,0.2
C16,Nishi nippori,Chiyoda,holiday,18:00,2,0.2
C16,Nishi nippori,Chiyoda,holiday,18:30,2,0.2
C16,Nishi nippori,Chiyoda,holiday,19:00,2,0.2
C16,Nishi nippori,Chiyoda,holiday,19:30,2,0.2
C16,Nishi nippori,Chiyoda,holiday,20:00,2,0.2
C16,Nishi nippori,Chiyoda,holiday,20:30,2,0.2
C16,Nishi nippori,Chiyoda,holiday,21:00,2,0.2
C16,Nishi nippori,Chiyoda,holiday,21:30,2,0.2
C16,Nishi nippori,Chiyoda,holiday,22:00,2,0.2
C16,Nishi nippori,Chiyoda,holiday,22:30,2,0.2
C16,Nishi nippori,Chiyoda,holiday,23:00,2,0.2
C16,Nishi nippori,Chiyoda,holiday,23:30,2,0.2
C16,Nishi nippori,Chiyoda,holiday,24:00:00,1,0.0
C16,Nishi nippori,Chiyoda,weekday,05:00,2,0.2
C16,Nishi nippori,Chiyoda,weekday,05:30,2,0.2
C16,Nishi nippori,Chiyoda,weekday,06:00,2,0.2
C16,Nishi nippori,Chiyoda,weekday,06:30,3,0.4
C16,Nishi nippori,Chiyoda,weekday,07:00,3,0.4
C16,Nishi nippori,Chiyoda,weekday,07:30,4,0.6
C16,Nishi nippori,Chiyoda,weekday,08:00,4,0.6
C16,Nishi nippori,Chiyoda,weekday,08:30,3,0.4
C16,Nishi nippori,Chiyoda,weekday,09:00,3,0.4
C16,Nishi nippori,Chiyoda,weekday,09:30,2,0.2
C16,Nishi nippori,Chiyoda,weekday,10:00,2,0.2
C16,Nishi nippori,Chiyoda,weekday,10:30,2,0.2
C16,Nishi nippori,Chiyoda,weekday,11:00,2,0.2
C16,Nishi nippori,Chiyoda,weekday,11:30,2,0.2
C16,Nishi nippori,Chiyoda,weekday,12:00,2,0.2
C16,Nishi nippori,Chiyoda,weekday,12:30,2,0.2
C16,Nishi nippori,Chiyoda,weekday,13:00,2,0.2
C16,Nishi nippori,Chiyoda,weekday,13:30,1,0.0
C16,Nishi nippori,Chiyoda,weekday,14:00,1,0.0
C16,Nishi nippori,Chiyoda,weekday,14:30,1,0.0
C16,Nishi nippori,Chiyoda,weekday,15:00,2,0.2
C16,Nishi nippori,Chiyoda,weekday,15:30,2,0.2
C16,Nishi nippori,Chiyoda,weekday,16:00,2,0.2
C16,Nishi nippori,Chiyoda,weekday,16:30,2,0.2
C16,Nishi nippori,Chiyoda,weekday,17:00,3,0.4
C16,Nishi nippori,Chiyoda,weekday,17:30,4,0.6
C16,Nishi nippori,Chiyoda,weekday,18:00,4,0.6
C16,Nishi nippori,Chiyoda,weekday,18:30,4,0.6
C16,Nishi nippori,Chiyoda,weekday,19:00,3,0.4
C16,Nishi nippori,Chiyoda,weekday,19:30,4,0.6
C16,Nishi nippori,Chiyoda,weekday,20:00,4,0.6
C16,Nishi nippori,Chiyoda,weekday,20:30,3,0.4
C16,Nishi nippori,Chiyoda,weekday,21:00,3,0.4
C16,Nishi nippori,Chiyoda,weekday,21:30,3,0.4
C16,Nishi nippori,Chiyoda,weekday,22:00,3,0.4
C16,Nishi nippori,Chiyoda,weekday,22:30,3,0.4
C16,Nishi nippori,Chiyoda,weekday,23:00,2,0.2
C16,Nishi nippori,Chiyoda,weekday,23:30,2,0.2
C16,Nishi nippori,Chiyoda,weekday,24:00:00,2,0.2
C16,Nishi nippori,Chiyoda,weekday,24:30:00,2,0.2
C17,Machiya,Chiyoda,holiday,05:00,1,0.0
C17,Machiya,Chiyoda,holiday,05:30,1,0.0
C17,Machiya,Chiyoda,holiday,06:00,1,0.0
C17,Machiya,Chiyoda,holiday,06:30,2,0.2
C17,Machiya,Chiyoda,holiday,07:00,2,0.2
C17,Machiya,Chiyoda,holiday,07:30,2,0.2
C17,Machiya,Chiyoda,holiday,08:00,2,0.2
C17,Machiya,Chiyoda,holiday,08:30,2,0.2
C17,Machiya,Chiyoda,holiday,09:00,2,0.2
C17,Machiya,Chiyoda,holiday,09:30,2,0.2
C17,Machiya,Chiyoda,holiday,10:00,2,0.2
C17,Machiya,Chiyoda,holiday,10:30,2,0.2
C17,Machiya,Chiyoda,holiday,11:00,2,0.2
C17,Machiya,Chiyoda,holiday,11:30,2,0.2
C17,Machiya,Chiyoda,holiday,12:00,2,0.2
C17,Machiya,Chiyoda,holiday,12:30,2,0.2
C17,Machiya,Chiyoda,holiday,13:00,2,0.2
C17,Machiya,Chiyoda,holiday,13:30,2,0.2
C17,Machiya,Chiyoda,holiday,14:00,2,0.2
C17,Machiya,Chiyoda,holiday,14:30,2,0.2
C17,Machiya,Chiyoda,holiday,15:00,2,0.2
C17,Machiya,Chiyoda,holiday,15:30,2,0.2
C17,Machiya,Chiyoda,holiday,16:00,2,0.2
C17,Machiya,Chiyoda,holiday,16:30,2,0.2
C17,Machiya,Chiyoda,holiday,17:00,2,0.2
C17,Machiya,Chiyoda,holiday,17:30,2,0.2
C17,Machiya,Chiyoda,holiday,18:00,2,0.2
C17,Machiya,Chiyoda,holiday,18:30,2,0.2
C17,Machiya,Chiyoda,holiday,19:00,2,0.2
C17,Machiya,Chiyoda,holiday,19:30,2,0.2
C17,Machiya,Chiyoda,holiday,20:00,2,0.2
C17,Machiya,Chiyoda,holiday,20:30,2,0.2
C17,Machiya,Chiyoda,holiday,21:00,2,0.2
C17,Machiya,Chiyoda,holiday,21:30,2,0.2
C17,Machiya,Chiyoda,holiday,22:00,2,0.2
C17,Machiya,Chiyoda,holiday,22:30,2,0.2
C17,Machiya,Chiyoda,holiday,23:00,2,0.2
C17,Machiya,Chiyoda,holiday,23:30,2,0.2
C17,Machiya,Chiyoda,holiday,24:00:00,1,0.0
C17,Machiya,Chiyoda,weekday,05:00,2,0.2
C17,Machiya,Chiyoda,weekday,05:30,2,0.2
C17,Machiya,Chiyoda,weekday,06:00,2,0.2
C17,Machiya,Chiyoda,weekday,06:30,3,0.4
C17,Machiya,Chiyoda,weekday,07:00,3,0.4
C17,Machiya,Chiyoda,weekday,07:30,4,0.6
C17,Machiya,Chiyoda,weekday,08:00,5,0.8
C17,Machiya,Chiyoda,weekday,08:30,3,0.4
C17,Machiya,Chiyoda,weekday,09:00,3,0.4
C17,Machiya,Chiyoda,weekday,09:30,3,0.4
C17,Machiya,Chiyoda,weekday,10:00,2,0.2
C17,Machiya,Chiyoda,weekday,10:30,2,0.2
C17,Machiya,Chiyoda,weekday,11:00,2,0.2
C17,Machiya,Chiyoda,weekday,11:30,2,0.2
C17,Machiya,Chiyoda,weekday,12:00,2,0.2
C17,Machiya,Chiyoda,weekday,12:30,2,0.2
C17,Machiya,Chiyoda,weekday,13:00,2,0.2
C17,Machiya,Chiyoda,weekday,13:30,1,0.0
C17,Machiya,Chiyoda,weekday,14:00,1,0.0
C17,Machiya,Chiyoda,weekday,14:30,1,0.0
C17,Machiya,Chiyoda,weekday,15:00,2,0.2
C17,Machiya,Chiyoda,weekday,15:30,2,0.2
C17,Machiya,Chiyoda,weekday,16:00,2,0.2
C17,Machiya,Chiyoda,weekday,16:30,2,0.2
C17,Machiya,Chiyoda,weekday,17:00,3,0.4
C17,Machiya,Chiyoda,weekday,17:30,3,0.4
C17,Machiya,Chiyoda,weekday,18:00,3,0.4
C17,Machiya,Chiyoda,weekday,18:30,4,0.6
C17,Machiya,Chiyoda,weekday,19:00,3,0.4
C17,Machiya,Chiyoda,weekday,19:30,3,0.4
C17,Machiya,Chiyoda,weekday,20:00,3,0.4
C17,Machiya,Chiyoda,weekday,20:30,3,0.4
C17,Machiya,Chiyoda,weekday,21:00,3,0.4
C17,Machiya,Chiyoda,weekday,21:30,3,0.4
C17,Machiya,Chiyoda,weekday,22:00,3,0.4
C17,Machiya,Chiyoda,weekday,22:30,3,0.4
C17,Machiya,Chiyoda,weekday,23:00,2,0.2
C17,Machiya,Chiyoda,weekday,23:30,2,0.2
C17,Machiya,Chiyoda,weekday,24:00:00,2,0.2
C17,Machiya,Chiyoda,weekday,24:30:00,2,0.2
C18,Kitasenju,Chiyoda,holiday,04:30,1,0.0
C18,Kitasenju,Chiyoda,holiday,05:00,1,0.0
C18,Kitasenju,Chiyoda,holiday,05:30,1,0.0
C18,Kitasenju,Chiyoda,holiday,06:00,1,0.0
C18,Kitasenju,Chiyoda,holiday,06:30,2,0.2
C18,Kitasenju,Chiyoda,holiday,07:00,2,0.2
C18,Kitasenju,Chiyoda,holiday,07:30,2,0.2
C18,Kitasenju,Chiyoda,holiday,08:00,2,0.2
C18,Kitasenju,Chiyoda,holiday,08:30,2,0.2
C18,Kitasenju,Chiyoda,holiday,09:00,2,0.2
C18,Kitasenju,Chiyoda,holiday,09:30,2,0.2
C18,Kitasenju,Chiyoda,holiday,10:00,2,0.2
C18,Kitasenju,Chiyoda,holiday,10:30,2,0.2
C18,Kitasenju,Chiyoda,holiday,11:00,2,0.2
C18,Kitasenju,Chiyoda,holiday,11:30,2,0.2
C18,Kitasenju,Chiyoda,holiday,12:00,2,0.2
C18,Kitasenju,Chiyoda,holiday,12:30,2,0.2
C18,Kitasenju,Chiyoda,holiday,13:00,2,0.2
C18,Kitasenju,Chiyoda,holiday,13:30,2,0.2
C18,Kitasenju,Chiyoda,holiday,14:00,2,0.2
C18,Kitasenju,Chiyoda,holiday,14:30,2,0.2
C18,Kitasenju,Chiyoda,holiday,15:00,1,0.0
C18,Kitasenju,Chiyoda,holiday,15:30,2,0.2
C18,Kitasenju,Chiyoda,holiday,16:00,2,0.2
C18,Kitasenju,Chiyoda,holiday,16:30,2,0.2
C18,Kitasenju,Chiyoda,holiday,17:00,2,0.2
C18,Kitasenju,Chiyoda,holiday,17:30,2,0.2
C18,Kitasenju,Chiyoda,holiday,18:00,2,0.2
C18,Kitasenju,Chiyoda,holiday,18:30,2,0.2
C18,Kitasenju,Chiyoda,holiday,19:00,2,0.2
C18,Kitasenju,Chiyoda,holiday,19:30,2,0.2
C18,Kitasenju,Chiyoda,holiday,20:00,2,0.2
C18,Kitasenju,Chiyoda,holiday,20:30,2,0.2
C18,Kitasenju,Chiyoda,holiday,21:00,2,0.2
C18,Kitasenju,Chiyoda,holiday,21:30,2,0.2
C18,Kitasenju,Chiyoda,holiday,22:00,2,0.2
C18,Kitasenju,Chiyoda,holiday,22:30,2,0.2
C18,Kitasenju,Chiyoda,holiday,23:00,2,0.2
C18,Kitasenju,Chiyoda,holiday,23:30,2,0.2
C18,Kitasenju,Chiyoda,holiday,24:00:00,1,0.0
C18,Kitasenju,Chiyoda,weekday,04:30,1,0.0
C18,Kitasenju,Chiyoda,weekday,05:00,2,0.2
C18,Kitasenju,Chiyoda,weekday,05:30,2,0.2
C18,Kitasenju,Chiyoda,weekday,06:00,2,0.2
C18,Kitasenju,Chiyoda,weekday,06:30,3,0.4
C18,Kitasenju,Chiyoda,weekday,07:00,3,0.4
C18,Kitasenju,Chiyoda,weekday,07:30,4,0.6
C18,Kitasenju,Chiyoda,weekday,08:00,4,0.6
C18,Kitasenju,Chiyoda,weekday,08:30,3,0.4
C18,Kitasenju,Chiyoda,weekday,09:00,3,0.4
C18,Kitasenju,Chiyoda,weekday,09:30,2,0.2
C18,Kitasenju,Chiyoda,weekday,10:00,2,0.2
C18,Kitasenju,Chiyoda,weekday,10:30,2,0.2
C18,Kitasenju,Chiyoda,weekday,11:00,2,0.2
C18,Kitasenju,Chiyoda,weekday,11:30,2,0.2
C18,Kitasenju,Chiyoda,weekday,12:00,2,0.2
C18,Kitasenju,Chiyoda,weekday,12:30,2,0.2
C18,Kitasenju,Chiyoda,weekday,13:00,2,0.2
C18,Kitasenju,Chiyoda,weekday,13:30,1,0.0
C18,Kitasenju,Chiyoda,weekday,14:00,1,0.0
C18,Kitasenju,Chiyoda,weekday,14:30,1,0.0
C18,Kitasenju,Chiyoda,weekday,15:00,1,0.0
C18,Kitasenju,Chiyoda,weekday,15:30,2,0.2
C18,Kitasenju,Chiyoda,weekday,16:00,2,0.2
C18,Kitasenju,Chiyoda,weekday,16:30,2,0.2
C18,Kitasenju,Chiyoda,weekday,17:00,2,0.2
C18,Kitasenju,Chiyoda,weekday,17:30,3,0.4
C18,Kitasenju,Chiyoda,weekday,18:00,3,0.4
C18,Kitasenju,Chiyoda,weekday,18:30,3,0.4
C18,Kitasenju,Chiyoda,weekday,19:00,3,0.4
C18,Kitasenju,Chiyoda,weekday,19:30,3,0.4
C18,Kitasenju,Chiyoda,weekday,20:00,3,0.4
C18,Kitasenju,Chiyoda,weekday,20:30,3,0.4
C18,Kitasenju,Chiyoda,weekday,21:00,2,0.2
C18,Kitasenju,Chiyoda,weekday,21:30,2,0.2
C18,Kitasenju,Chiyoda,weekday,22:00,2,0.2
C18,Kitasenju,Chiyoda,weekday,22:30,2,0.2
C18,Kitasenju,Chiyoda,weekday,23:00,2,0.2
C18,Kitasenju,Chiyoda,weekday,23:30,2,0.2
C18,Kitasenju,Chiyoda,weekday,24:00:00,2,0.2
C18,Kitasenju,Chiyoda,weekday,24:30:00,2,0.2
C19,Ayase,Chiyoda,holiday,04:30,2,0.2
C19,Ayase,Chiyoda,holiday,05:00,1,0.0
C19,Ayase,Chiyoda,holiday,05:30,1,0.0
C19,Ayase,Chiyoda,holiday,06:00,1,0.0
C19,Ayase,Chiyoda,holiday,06:30,2,0.2
C19,Ayase,Chiyoda,holiday,07:00,2,0.2
C19,Ayase,Chiyoda,holiday,07:30,2,0.2
C19,Ayase,Chiyoda,holiday,08:00,2,0.2
C19,Ayase,Chiyoda,holiday,08:30,2,0.2
C19,Ayase,Chiyoda,holiday,09:00,2,0.2
C19,Ayase,Chiyoda,holiday,09:30,2,0.2
C19,Ayase,Chiyoda,holiday,10:00,2,0.2
C19,Ayase,Chiyoda,holiday,10:30,2,0.2
C19,Ayase,Chiyoda,holiday,11:00,2,0.2
C19,Ayase,Chiyoda,holiday,11:30,2,0.2
C19,Ayase,Chiyoda,holiday,12:00,2,0.2
C19,Ayase,Chiyoda,holiday,12:30,2,0.2
C19,Ayase,Chiyoda,holiday,13:00,2,0.2
C19,Ayase,Chiyoda,holiday,13:30,2,0.2
C19,Ayase,Chiyoda,holiday,14:00,2,0.2
C19,Ayase,Chiyoda,holiday,14:30,2,0.2
C19,Ayase,Chiyoda,holiday,15:00,1,0.0
C19,Ayase,Chiyoda,holiday,15:30,1,0.0
C19,Ayase,Chiyoda,holiday,16:00,1,0.0
C19,Ayase,Chiyoda,holiday,16:30,1,0.0
C19,Ayase,Chiyoda,holiday,17:00,1,0.0
C19,Ayase,Chiyoda,holiday,17:30,1,0.0
C19,Ayase,Chiyoda,holiday,18:00,1,0.0
C19,Ayase,Chiyoda,holiday,18:30,1,0.0
C19,Ayase,Chiyoda,holiday,19:00,1,0.0
C19,Ayase,Chiyoda,holiday,19:30,1,0.0
C19,Ayase,Chiyoda,holiday,20:00,1,0.0
C19,Ayase,Chiyoda,holiday,20:30,1,0.0
C19,Ayase,Chiyoda,holiday,21:00,1,0.0
C19,Ayase,Chiyoda,holiday,21:30,1,0.0
C19,Ayase,Chiyoda,holiday,22:00,1,0.0
C19,Ayase,Chiyoda,holiday,22:30,2,0.2
C19,Ayase,Chiyoda,holiday,23:00,2,0.2
C19,Ayase,Chiyoda,holiday,23:30,1,0.0
C19,Ayase,Chiyoda,holiday,24:00:00,1,0.0
C19,Ayase,Chiyoda,weekday,04:30,1,0.0
C19,Ayase,Chiyoda,weekday,05:00,2,0.2
C19,Ayase,Chiyoda,weekday,05:30,2,0.2
C19,Ayase,Chiyoda,weekday,06:00,2,0.2
C19,Ayase,Chiyoda,weekday,06:30,3,0.4
C19,Ayase,Chiyoda,weekday,07:00,3,0.4
C19,Ayase,Chiyoda,weekday,07:30,3,0.4
C19,Ayase,Chiyoda,weekday,08:00,4,0.6
C19,Ayase,Chiyoda,weekday,08:30,3,0.4
C19,Ayase,Chiyoda,weekday,09:00,2,0.2
C19,Ayase,Chiyoda,weekday,09:30,2,0.2
C19,Ayase,Chiyoda,weekday,10:00,2,0.2
C19,Ayase,Chiyoda,weekday,10:30,2,0.2
C19,Ayase,Chiyoda,weekday,11:00,2,0.2
C19,Ayase,Chiyoda,weekday,11:30,2,0.2
C19,Ayase,Chiyoda,weekday,12:00,2,0.2
C19,Ayase,Chiyoda,weekday,12:30,2,0.2
C19,Ayase,Chiyoda,weekday,13:00,1,0.0
C19,Ayase,Chiyoda,weekday,13:30,1,0.0
C19,Ayase,Chiyoda,weekday,14:00,1,0.0
C19,Ayase,Chiyoda,weekday,14:30,1,0.0
C19,Ayase,Chiyoda,weekday,15:00,1,0.0
C19,Ayase,Chiyoda,weekday,15:30,1,0.0
C19,Ayase,Chiyoda,weekday,16:00,1,0.0
C19,Ayase,Chiyoda,weekday,16:30,2,0.2
C19,Ayase,Chiyoda,weekday,17:00,2,0.2
C19,Ayase,Chiyoda,weekday,17:30,2,0.2
C19,Ayase,Chiyoda,weekday,18:00,2,0.2
C19,Ayase,Chiyoda,weekday,18:30,2,0.2
C19,Ayase,Chiyoda,weekday,19:00,2,0.2
C19,Ayase,Chiyoda,weekday,19:30,2,0.2
C19,Ayase,Chiyoda,weekday,20:00,2,0.2
C19,Ayase,Chiyoda,weekday,20:30,2,0.2
C19,Ayase,Chiyoda,weekday,21:00,1,0.0
C19,Ayase,Chiyoda,weekday,21:30,2,0.2
C19,Ayase,Chiyoda,weekday,22:00,2,0.2
C19,Ayase,Chiyoda,weekday,22:30,2,0.2
C19,Ayase,Chiyoda,weekday,23:00,2,0.2
C19,Ayase,Chiyoda,weekday,23:30,2,0.2
C19,Ayase,Chiyoda,weekday,24:00:00,2,0.2
C20,Kita ayase,Chiyoda,holiday,05:00,1,0.0
C20,Kita ayase,Chiyoda,holiday,07:00,1,0.0
C20,Kita ayase,Chiyoda,holiday,07:30,1,0.0
C20,Kita ayase,Chiyoda,holiday,08:30,1,0.0
C20,Kita ayase,Chiyoda,holiday,09:00,1,0.0
C20,Kita ayase,Chiyoda,holiday,09:30,1,0.0
C20,Kita ayase,Chiyoda,holiday,10:00,1,0.0
C20,Kita ayase,Chiyoda,holiday,10:30,1,0.0
C20,Kita ayase,Chiyoda,holiday,11:00,1,0.0
C20,Kita ayase,Chiyoda,holiday,11:30,1,0.0
C20,Kita ayase,Chiyoda,holiday,12:00,1,0.0
C20,Kita ayase,Chiyoda,holiday,12:30,1,0.0
C20,Kita ayase,Chiyoda,holiday,13:00,1,0.0
C20,Kita ayase,Chiyoda,holiday,13:30,1,0.0
C20,Kita ayase,Chiyoda,holiday,14:00,1,0.0
C20,Kita ayase,Chiyoda,holiday,14:30,1,0.0
C20,Kita ayase,Chiyoda,holiday,15:00,1,0.0
C20,Kita ayase,Chiyoda,holiday,15:30,1,0.0
C20,Kita ayase,Chiyoda,holiday,16:00,1,0.0
C20,Kita ayase,Chiyoda,holiday,16:30,1,0.0
C20,Kita ayase,Chiyoda,holiday,17:00,1,0.0
C20,Kita ayase,Chiyoda,holiday,17:30,1,0.0
C20,Kita ayase,Chiyoda,holiday,18:00,1,0.0
C20,Kita ayase,Chiyoda,holiday,18:30,1,0.0
C20,Kita ayase,Chiyoda,holiday,19:00,1,0.0
C20,Kita ayase,Chiyoda,holiday,19:30,1,0.0
C20,Kita ayase,Chiyoda,holiday,20:00,1,0.0
C20,Kita ayase,Chiyoda,holiday,20:30,1,0.0
C20,Kita ayase,Chiyoda,holiday,21:00,1,0.0
C20,Kita ayase,Chiyoda,holiday,21:30,1,0.0
C20,Kita ayase,Chiyoda,holiday,22:00,1,0.0
C20,Kita ayase,Chiyoda,weekday,05:00,1,0.0
C20,Kita ayase,Chiyoda,weekday,05:30,1,0.0
C20,Kita ayase,Chiyoda,weekday,06:00,1,0.0
C20,Kita ayase,Chiyoda,weekday,06:30,2,0.2
C20,Kita ayase,Chiyoda,weekday,07:00,2,0.2
C20,Kita ayase,Chiyoda,weekday,07:30,3,0.4
C20,Kita ayase,Chiyoda,weekday,08:00,3,0.4
C20,Kita ayase,Chiyoda,weekday,08:30,2,0.2
C20,Kita ayase,Chiyoda,weekday,09:00,2,0.2
C20,Kita ayase,Chiyoda,weekday,10:00,2,0.2
C20,Kita ayase,Chiyoda,weekday,10:30,1,0.0
C20,Kita ayase,Chiyoda,weekday,11:00,1,0.0
C20,Kita ayase,Chiyoda,weekday,11:30,1,0.0
C20,Kita ayase,Chiyoda,weekday,12:00,1,0.0
C20,Kita ayase,Chiyoda,weekday,12:30,1,0.0
C20,Kita ayase,Chiyoda,weekday,13:00,1,0.0
C20,Kita ayase,Chiyoda,weekday,13:30,1,0.0
C20,Kita ayase,Chiyoda,weekday,14:00,1,0.0
C20,Kita ayase,Chiyoda,weekday,14:30,1,0.0
C20,Kita ayase,Chiyoda,weekday,15:00,1,0.0
C20,Kita ayase,Chiyoda,weekday,15:30,1,0.0
C20,Kita ayase,Chiyoda,weekday,16:00,1,0.0
C20,Kita ayase,Chiyoda,weekday,16:30,1,0.0
C20,Kita ayase,Chiyoda,weekday,17:00,1,0.0
C20,Kita ayase,Chiyoda,weekday,17:30,1,0.0
C20,Kita ayase,Chiyoda,weekday,18:00,1,0.0
C20,Kita ayase,Chiyoda,weekday,18:30,1,0.0
C20,Kita ayase,Chiyoda,weekday,19:00,1,0.0
C20,Kita ayase,Chiyoda,weekday,21:00,1,0.0
C20,Kita ayase,Chiyoda,weekday,21:30,1,0.0
C20,Kita ayase,Chiyoda,weekday,22:00,1,0.0
C20,Kita ayase,Chiyoda,weekday,23:00,1,0.0
H01,Nakameguro,Hibiya,holiday,05:00,1,0.0
H01,Nakameguro,Hibiya,holiday,05:30,1,0.0
H01,Nakameguro,Hibiya,holiday,06:00,1,0.0
H01,Nakameguro,Hibiya,holiday,06:30,1,0.0
H01,Nakameguro,Hibiya,holiday,07:00,1,0.0
H01,Nakameguro,Hibiya,holiday,07:30,1,0.0
H01,Nakameguro,Hibiya,holiday,08:00,1,0.0
H01,Nakameguro,Hibiya,holiday,08:30,1,0.0
H01,Nakameguro,Hibiya,holiday,09:00,1,0.0
H01,Nakameguro,Hibiya,holiday,09:30,2,0.2
H01,Nakameguro,Hibiya,holiday,10:00,2,0.2
H01,Nakameguro,Hibiya,holiday,10:30,2,0.2
H01,Nakameguro,Hibiya,holiday,11:00,2,0.2
H01,Nakameguro,Hibiya,holiday,11:30,2,0.2
H01,Nakameguro,Hibiya,holiday,12:00,1,0.0
H01,Nakameguro,Hibiya,holiday,12:30,1,0.0
H01,Nakameguro,Hibiya,holiday,13:00,1,0.0
H01,Nakameguro,Hibiya,holiday,13:30,1,0.0
H01,Nakameguro,Hibiya,holiday,14:00,1,0.0
H01,Nakameguro,Hibiya,holiday,14:30,1,0.0
H01,Nakameguro,Hibiya,holiday,15:00,1,0.0
H01,Nakameguro,Hibiya,holiday,15:30,1,0.0
H01,Nakameguro,Hibiya,holiday,16:00,1,0.0
H01,Nakameguro,Hibiya,holiday,16:30,1,0.0
H01,Nakameguro,Hibiya,holiday,17:00,1,0.0
H01,Nakameguro,Hibiya,holiday,17:30,1,0.0
H01,Nakameguro,Hibiya,holiday,18:00,1,0.0
H01,Nakameguro,Hibiya,holiday,18:30,1,0.0
H01,Nakameguro,Hibiya,holiday,19:00,1,0.0
H01,Nakameguro,Hibiya,holiday,19:30,1,0.0
H01,Nakameguro,Hibiya,holiday,20:00,1,0.0
H01,Nakameguro,Hibiya,holiday,20:30,1,0.0
H01,Nakameguro,Hibiya,holiday,21:00,1,0.0
H01,Nakameguro,Hibiya,holiday,21:30,1,0.0
H01,Nakameguro,Hibiya,holiday,22:00,1,0.0
H01,Nakameguro,Hibiya,holiday,22:30,1,0.0
H01,Nakameguro,Hibiya,holiday,23:00,1,0.0
H01,Nakameguro,Hibiya,holiday,23:30,1,0.0
H01,Nakameguro,Hibiya,weekday,05:00,1,0.0
H01,Nakameguro,Hibiya,weekday,05:30,1,0.0
H01,Nakameguro,Hibiya,weekday,06:00,1,0.0
H01,Nakameguro,Hibiya,weekday,06:30,1,0.0
H01,Nakameguro,Hibiya,weekday,07:00,2,0.2
H01,Nakameguro,Hibiya,weekday,07:30,3,0.4
H01,Nakameguro,Hibiya,weekday,08:00,3,0.4
H01,Nakameguro,Hibiya,weekday,08:30,2,0.2
H01,Nakameguro,Hibiya,weekday,09:00,2,0.2
H01,Nakameguro,Hibiya,weekday,09:30,2,0.2
H01,Nakameguro,Hibiya,weekday,10:00,2,0.2
H01,Nakameguro,Hibiya,weekday,10:30,2,0.2
H01,Nakameguro,Hibiya,weekday,11:00,2,0.2
H01,Nakameguro,Hibiya,weekday,11:30,1,0.0
H01,Nakameguro,Hibiya,weekday,12:00,1,0.0
H01,Nakameguro,Hibiya,weekday,12:30,1,0.0
H01,Nakameguro,Hibiya,weekday,13:00,1,0.0
H01,Nakameguro,Hibiya,weekday,13:30,1,0.0
H01,Nakameguro,Hibiya,weekday,14:00,1,0.0
H01,Nakameguro,Hibiya,weekday,14:30,1,0.0
H01,Nakameguro,Hibiya,weekday,15:00,1,0.0
H01,Nakameguro,Hibiya,weekday,15:30,1,0.0
H01,Nakameguro,Hibiya,weekday,16:00,1,0.0
H01,Nakameguro,Hibiya,weekday,16:30,1,0.0
H01,Nakameguro,Hibiya,weekday,17:00,1,0.0
H01,Nakameguro,Hibiya,weekday,17:30,1,0.0
H01,Nakameguro,Hibiya,weekday,18:00,1,0.0
H01,Nakameguro,Hibiya,weekday,18:30,1,0.0
H01,Nakameguro,Hibiya,weekday,19:00,1,0.0
H01,Nakameguro,Hibiya,weekday,19:30,1,0.0
H01,Nakameguro,Hibiya,weekday,20:00,1,0.0
H01,Nakameguro,Hibiya,weekday,20:30,1,0.0
H01,Nakameguro,Hibiya,weekday,21:00,1,0.0
H01,Nakameguro,Hibiya,weekday,21:30,1,0.0
H01,Nakameguro,Hibiya,weekday,22:00,1,0.0
H01,Nakameguro,Hibiya,weekday,22:30,1,0.0
H01,Nakameguro,Hibiya,weekday,23:00,1,0.0
H01,Nakameguro,Hibiya,weekday,23:30,1,0.0
H02,Ebisu,Hibiya,holiday,05:00,1,0.0
H02,Ebisu,Hibiya,holiday,05:30,1,0.0
H02,Ebisu,Hibiya,holiday,06:00,1,0.0
H02,Ebisu,Hibiya,holiday,06:30,1,0.0
H02,Ebisu,Hibiya,holiday,07:00,1,0.0
H02,Ebisu,Hibiya,holiday,07:30,1,0.0
H02,Ebisu,Hibiya,holiday,08:00,1,0.0
H02,Ebisu,Hibiya,holiday,08:30,1,0.0
H02,Ebisu,Hibiya,holiday,09:00,1,0.0
H02,Ebisu,Hibiya,holiday,09:30,2,0.2
H02,Ebisu,Hibiya,holiday,10:00,2,0.2
H02,Ebisu,Hibiya,holiday,10:30,2,0.2
H02,Ebisu,Hibiya,holiday,11:00,2,0.2
H02,Ebisu,Hibiya,holiday,11:30,2,0.2
H02,Ebisu,Hibiya,holiday,12:00,2,0.2
H02,Ebisu,Hibiya,holiday,12:30,2,0.2
H02,Ebisu,Hibiya,holiday,13:00,1,0.0
H02,Ebisu,Hibiya,holiday,13:30,2,0.2
H02,Ebisu,Hibiya,holiday,14:00,1,0.0
H02,Ebisu,Hibiya,holiday,14:30,2,0.2
H02,Ebisu,Hibiya,holiday,15:00,2,0.2
H02,Ebisu,Hibiya,holiday,15:30,2,0.2
H02,Ebisu,Hibiya,holiday,16:00,2,0.2
H02,Ebisu,Hibiya,holiday,16:30,2,0.2
H02,Ebisu,Hibiya,holiday,17:00,2,0.2
H02,Ebisu,Hibiya,holiday,17:30,2,0.2
H02,Ebisu,Hibiya,holiday,18:00,2,0.2
H02,Ebisu,Hibiya,holiday,18:30,1,0.0
H02,Ebisu,Hibiya,holiday,19:00,2,0.2
H02,Ebisu,Hibiya,holiday,19:30,1,0.0
H02,Ebisu,Hibiya,holiday,20:00,2,0.2
H02,Ebisu,Hibiya,holiday,20:30,2,0.2
H02,Ebisu,Hibiya,holiday,21:00,1,0.0
H02,Ebisu,Hibiya,holiday,21:30,1,0.0
H02,Ebisu,Hibiya,holiday,22:00,1,0.0
H02,Ebisu,Hibiya,holiday,22:30,1,0.0
H02,Ebisu,Hibiya,holiday,23:00,1,0.0
H02,Ebisu,Hibiya,holiday,23:30,1,0.0
H02,Ebisu,Hibiya,holiday,24:00:00,1,0.0
H02,Ebisu,Hibiya,holiday,24:30:00,1,0.0
H02,Ebisu,Hibiya,weekday,05:00,1,0.0
H02,Ebisu,Hibiya,weekday,05:30,1,0.0
H02,Ebisu,Hibiya,weekday,06:00,1,0.0
H02,Ebisu,Hibiya,weekday,06:30,1,0.0
H02,Ebisu,Hibiya,weekday,07:00,2,0.2
H02,Ebisu,Hibiya,weekday,07:30,3,0.4
H02,Ebisu,Hibiya,weekday,08:00,3,0.4
H02,Ebisu,Hibiya,weekday,08:30,3,0.4
H02,Ebisu,Hibiya,weekday,09:00,2,0.2
H02,Ebisu,Hibiya,weekday,09:30,2,0.2
H02,Ebisu,Hibiya,weekday,10:00,2,0.2
H02,Ebisu,Hibiya,weekday,10:30,2,0.2
H02,Ebisu,Hibiya,weekday,11:00,2,0.2
H02,Ebisu,Hibiya,weekday,11:30,2,0.2
H02,Ebisu,Hibiya,weekday,12:00,2,0.2
H02,Ebisu,Hibiya,weekday,12:30,2,0.2
H02,Ebisu,Hibiya,weekday,13:00,2,0.2
H02,Ebisu,Hibiya,weekday,13:30,2,0.2
H02,Ebisu,Hibiya,weekday,14:00,1,0.0
H02,Ebisu,Hibiya,weekday,14:30,2,0.2
H02,Ebisu,Hibiya,weekday,15:00,2,0.2
H02,Ebisu,Hibiya,weekday,15:30,2,0.2
H02,Ebisu,Hibiya,weekday,16:00,2,0.2
H02,Ebisu,Hibiya,weekday,16:30,2,0.2
H02,Ebisu,Hibiya,weekday,17:00,2,0.2
H02,Ebisu,Hibiya,weekday,17:30,2,0.2
H02,Ebisu,Hibiya,weekday,18:00,2,0.2
H02,Ebisu,Hibiya,weekday,18:30,2,0.2
H02,Ebisu,Hibiya,weekday,19:00,2,0.2
H02,Ebisu,Hibiya,weekday,19:30,2,0.2
H02,Ebisu,Hibiya,weekday,20:00,2,0.2
H02,Ebisu,Hibiya,weekday,20:30,2,0.2
H02,Ebisu,Hibiya,weekday,21:00,2,0.2
H02,Ebisu,Hibiya,weekday,21:30,2,0.2
H02,Ebisu,Hibiya,weekday,22:00,2,0.2
H02,Ebisu,Hibiya,weekday,22:30,2,0.2
H02,Ebisu,Hibiya,weekday,23:00,2,0.2
H02,Ebisu,Hibiya,weekday,23:30,2,0.2
H02,Ebisu,Hibiya,weekday,24:00:00,1,0.0
H02,Ebisu,Hibiya,weekday,24:30:00,1,0.0
H03,Hiroo,Hibiya,holiday,05:00,1,0.0
H03,Hiroo,Hibiya,holiday,05:30,1,0.0
H03,Hiroo,Hibiya,holiday,06:00,1,0.0
H03,Hiroo,Hibiya,holiday,06:30,1,0.0
H03,Hiroo,Hibiya,holiday,07:00,1,0.0
H03,Hiroo,Hibiya,holiday,07:30,1,0.0
H03,Hiroo,Hibiya,holiday,08:00,1,0.0
H03,Hiroo,Hibiya,holiday,08:30,1,0.0
H03,Hiroo,Hibiya,holiday,09:00,1,0.0
H03,Hiroo,Hibiya,holiday,09:30,1,0.0
H03,Hiroo,Hibiya,holiday,10:00,2,0.2
H03,Hiroo,Hibiya,holiday,10:30,2,0.2
H03,Hiroo,Hibiya,holiday,11:00,2,0.2
H03,Hiroo,Hibiya,holiday,11:30,2,0.2
H03,Hiroo,Hibiya,holiday,12:00,2,0.2
H03,Hiroo,Hibiya,holiday,12:30,2,0.2
H03,Hiroo,Hibiya,holiday,13:00,2,0.2
H03,Hiroo,Hibiya,holiday,13:30,2,0.2
H03,Hiroo,Hibiya,holiday,14:00,2,0.2
H03,Hiroo,Hibiya,holiday,14:30,2,0.2
H03,Hiroo,Hibiya,holiday,15:00,2,0.2
H03,Hiroo,Hibiya,holiday,15:30,2,0.2
H03,Hiroo,Hibiya,holiday,16:00,2,0.2
H03,Hiroo,Hibiya,holiday,16:30,2,0.2
H03,Hiroo,Hibiya,holiday,17:00,2,0.2
H03,Hiroo,Hibiya,holiday,17:30,2,0.2
H03,Hiroo,Hibiya,holiday,18:00,2,0.2
H03,Hiroo,Hibiya,holiday,18:30,1,0.0
H03,Hiroo,Hibiya,holiday,19:00,2,0.2
H03,Hiroo,Hibiya,holiday,19:30,2,0.2
H03,Hiroo,Hibiya,holiday,20:00,2,0.2
H03,Hiroo,Hibiya,holiday,20:30,2,0.2
H03,Hiroo,Hibiya,holiday,21:00,2,0.2
H03,Hiroo,Hibiya,holiday,21:30,1,0.0
H03,Hiroo,Hibiya,holiday,22:00,1,0.0
H03,Hiroo,Hibiya,holiday,22:30,1,0.0
H03,Hiroo,Hibiya,holiday,23:00,1,0.0
H03,Hiroo,Hibiya,holiday,23:30,1,0.0
H03,Hiroo,Hibiya,holiday,24:00:00,1,0.0
H03,Hiroo,Hibiya,holiday,24:30:00,1,0.0
H03,Hiroo,Hibiya,weekday,05:00,1,0.0
H03,Hiroo,Hibiya,weekday,05:30,1,0.0
H03,Hiroo,Hibiya,weekday,06:00,1,0.0
H03,Hiroo,Hibiya,weekday,06:30,1,0.0
H03,Hiroo,Hibiya,weekday,07:00,2,0.2
H03,Hiroo,Hibiya,weekday,07:30,3,0.4
H03,Hiroo,Hibiya,weekday,08:00,3,0.4
H03,Hiroo,Hibiya,weekday,08:30,3,0.4
H03,Hiroo,Hibiya,weekday,09:00,2,0.2
H03,Hiroo,Hibiya,weekday,09:30,2,0.2
H03,Hiroo,Hibiya,weekday,10:00,2,0.2
H03,Hiroo,Hibiya,weekday,10:30,2,0.2
H03,Hiroo,Hibiya,weekday,11:00,2,0.2
H03,Hiroo,Hibiya,weekday,11:30,2,0.2
H03,Hiroo,Hibiya,weekday,12:00,2,0.2
H03,Hiroo,Hibiya,weekday,12:30,2,0.2
H03,Hiroo,Hibiya,weekday,13:00,2,0.2
H03,Hiroo,Hibiya,weekday,13:30,2,0.2
H03,Hiroo,Hibiya,weekday,14:00,2,0.2
H03,Hiroo,Hibiya,weekday,14:30,2,0.2
H03,Hiroo,Hibiya,weekday,15:00,2,0.2
H03,Hiroo,Hibiya,weekday,15:30,2,0.2
H03,Hiroo,Hibiya,weekday,16:00,2,0.2
H03,Hiroo,Hibiya,weekday,16:30,2,0.2
H03,Hiroo,Hibiya,weekday,17:00,2,0.2
H03,Hiroo,Hibiya,weekday,17:30,2,0.2
H03,Hiroo,Hibiya,weekday,18:00,2,0.2
H03,Hiroo,Hibiya,weekday,18:30,2,0.2
H03,Hiroo,Hibiya,weekday,19:00,2,0.2
H03,Hiroo,Hibiya,weekday,19:30,2,0.2
H03,Hiroo,Hibiya,weekday,20:00,2,0.2
H03,Hiroo,Hibiya,weekday,20:30,2,0.2
H03,Hiroo,Hibiya,weekday,21:00,2,0.2
H03,Hiroo,Hibiya,weekday,21:30,2,0.2
H03,Hiroo,Hibiya,weekday,22:00,2,0.2
H03,Hiroo,Hibiya,weekday,22:30,2,0.2
H03,Hiroo,Hibiya,weekday,23:00,2,0.2
H03,Hiroo,Hibiya,weekday,23:30,2,0.2
H03,Hiroo,Hibiya,weekday,24:00:00,2,0.2
H03,Hiroo,Hibiya,weekday,24:30:00,1,0.0
H04,Roppongi,Hibiya,holiday,05:00,1,0.0
H04,Roppongi,Hibiya,holiday,05:30,1,0.0
H04,Roppongi,Hibiya,holiday,06:00,1,0.0
H04,Roppongi,Hibiya,holiday,06:30,1,0.0
H04,Roppongi,Hibiya,holiday,07:00,1,0.0
H04,Roppongi,Hibiya,holiday,07:30,1,0.0
H04,Roppongi,Hibiya,holiday,08:00,1,0.0
H04,Roppongi,Hibiya,holiday,08:30,1,0.0
H04,Roppongi,Hibiya,holiday,09:00,1,0.0
H04,Roppongi,Hibiya,holiday,09:30,1,0.0
H04,Roppongi,Hibiya,holiday,10:00,1,0.0
H04,Roppongi,Hibiya,holiday,10:30,2,0.2
H04,Roppongi,Hibiya,holiday,11:00,2,0.2
H04,Roppongi,Hibiya,holiday,11:30,2,0.2
H04,Roppongi,Hibiya,holiday,12:00,2,0.2
H04,Roppongi,Hibiya,holiday,12:30,2,0.2
H04,Roppongi,Hibiya,holiday,13:00,2,0.2
H04,Roppongi,Hibiya,holiday,13:30,2,0.2
H04,Roppongi,Hibiya,holiday,14:00,2,0.2
H04,Roppongi,Hibiya,holiday,14:30,2,0.2
H04,Roppongi,Hibiya,holiday,15:00,2,0.2
H04,Roppongi,Hibiya,holiday,15:30,2,0.2
H04,Roppongi,Hibiya,holiday,16:00,2,0.2
H04,Roppongi,Hibiya,holiday,16:30,2,0.2
H04,Roppongi,Hibiya,holiday,17:00,2,0.2
H04,Roppongi,Hibiya,holiday,17:30,2,0.2
H04,Roppongi,Hibiya,holiday,18:00,2,0.2
H04,Roppongi,Hibiya,holiday,18:30,1,0.0
H04,Roppongi,Hibiya,holiday,19:00,2,0.2
H04,Roppongi,Hibiya,holiday,19:30,1,0.0
H04,Roppongi,Hibiya,holiday,20:00,2,0.2
H04,Roppongi,Hibiya,holiday,20:30,2,0.2
H04,Roppongi,Hibiya,holiday,21:00,2,0.2
H04,Roppongi,Hibiya,holiday,21:30,1,0.0
H04,Roppongi,Hibiya,holiday,22:00,1,0.0
H04,Roppongi,Hibiya,holiday,22:30,1,0.0
H04,Roppongi,Hibiya,holiday,23:00,1,0.0
H04,Roppongi,Hibiya,holiday,23:30,2,0.2
H04,Roppongi,Hibiya,holiday,24:00:00,1,0.0
H04,Roppongi,Hibiya,weekday,05:00,1,0.0
H04,Roppongi,Hibiya,weekday,05:30,1,0.0
H04,Roppongi,Hibiya,weekday,06:00,1,0.0
H04,Roppongi,Hibiya,weekday,06:30,1,0.0
H04,Roppongi,Hibiya,weekday,07:00,2,0.2
H04,Roppongi,Hibiya,weekday,07:30,2,0.2
H04,Roppongi,Hibiya,weekday,08:00,3,0.4
H04,Roppongi,Hibiya,weekday,08:30,3,0.4
H04,Roppongi,Hibiya,weekday,09:00,2,0.2
H04,Roppongi,Hibiya,weekday,09:30,2,0.2
H04,Roppongi,Hibiya,weekday,10:00,2,0.2
H04,Roppongi,Hibiya,weekday,10:30,2,0.2
H04,Roppongi,Hibiya,weekday,11:00,2,0.2
H04,Roppongi,Hibiya,weekday,11:30,2,0.2
H04,Roppongi,Hibiya,weekday,12:00,2,0.2
H04,Roppongi,Hibiya,weekday,12:30,2,0.2
H04,Roppongi,Hibiya,weekday,13:00,2,0.2
H04,Roppongi,Hibiya,weekday,13:30,2,0.2
H04,Roppongi,Hibiya,weekday,14:00,2,0.2
H04,Roppongi,Hibiya,weekday,14:30,2,0.2
H04,Roppongi,Hibiya,weekday,15:00,2,0.2
H04,Roppongi,Hibiya,weekday,15:30,2,0.2
H04,Roppongi,Hibiya,weekday,16:00,2,0.2
H04,Roppongi,Hibiya,weekday,16:30,2,0.2
H04,Roppongi,Hibiya,weekday,17:00,2,0.2
H04,Roppongi,Hibiya,weekday,17:30,2,0.2
H04,Roppongi,Hibiya,weekday,18:00,2,0.2
H04,Roppongi,Hibiya,weekday,18:30,2,0.2
H04,Roppongi,Hibiya,weekday,19:00,2,0.2
H04,Roppongi,Hibiya,weekday,19:30,2,0.2
H04,Roppongi,Hibiya,weekday,20:00,2,0.2
H04,Roppongi,Hibiya,weekday,20:30,2,0.2
H04,Roppongi,Hibiya,weekday,21:00,2,0.2
H04,Roppongi,Hibiya,weekday,21:30,2,0.2
H04,Roppongi,Hibiya,weekday,22:00,2,0.2
H04,Roppongi,Hibiya,weekday,22:30,2,0.2
H04,Roppongi,Hibiya,weekday,23:00,2,0.2
H04,Roppongi,Hibiya,weekday,23:30,2,0.2
H04,Roppongi,Hibiya,weekday,24:00:00,1,0.0
H05,Kamiyacho,Hibiya,holiday,05:00,1,0.0
H05,Kamiyacho,Hibiya,holiday,05:30,1,0.0
H05,Kamiyacho,Hibiya,holiday,06:00,1,0.0
H05,Kamiyacho,Hibiya,holiday,06:30,1,0.0
H05,Kamiyacho,Hibiya,holiday,07:00,1,0.0
H05,Kamiyacho,Hibiya,holiday,07:30,1,0.0
H05,Kamiyacho,Hibiya,holiday,08:00,1,0.0
H05,Kamiyacho,Hibiya,holiday,08:30,1,0.0
H05,Kamiyacho,Hibiya,holiday,09:00,1,0.0
H05,Kamiyacho,Hibiya,holiday,09:30,2,0.2
H05,Kamiyacho,Hibiya,holiday,10:00,2,0.2
H05,Kamiyacho,Hibiya,holiday,10:30,2,0.2
H05,Kamiyacho,Hibiya,holiday,11:00,2,0.2
H05,Kamiyacho,Hibiya,holiday,11:30,2,0.2
H05,Kamiyacho,Hibiya,holiday,12:00,2,0.2
H05,Kamiyacho,Hibiya,holiday,12:30,2,0.2
H05,Kamiyacho,Hibiya,holiday,13:00,2,0.2
H05,Kamiyacho,Hibiya,holiday,13:30,2,0.2
H05,Kamiyacho,Hibiya,holiday,14:00,2,0.2
H05,Kamiyacho,Hibiya,holiday,14:30,2,0.2
H05,Kamiyacho,Hibiya,holiday,15:00,2,0.2
H05,Kamiyacho,Hibiya,holiday,15:30,2,0.2
H05,Kamiyacho,Hibiya,holiday,16:00,2,0.2
H05,Kamiyacho,Hibiya,holiday,16:30,2,0.2
H05,Kamiyacho,Hibiya,holiday,17:00,2,0.2
H05,Kamiyacho,Hibiya,holiday,17:30,2,0.2
H05,Kamiyacho,Hibiya,holiday,18:00,2,0.2
H05,Kamiyacho,Hibiya,holiday,18:30,1,0.0
H05,Kamiyacho,Hibiya,holiday,19:00,1,0.0
H05,Kamiyacho,Hibiya,holiday,19:30,1,0.0
H05,Kamiyacho,Hibiya,holiday,20:00,2,0.2
H05,Kamiyacho,Hibiya,holiday,20:30,2,0.2
H05,Kamiyacho,Hibiya,holiday,21:00,1,0.0
H05,Kamiyacho,Hibiya,holiday,21:30,1,0.0
H05,Kamiyacho,Hibiya,holiday,22:00,1,0.0
H05,Kamiyacho,Hibiya,holiday,22:30,1,0.0
H05,Kamiyacho,Hibiya,holiday,23:00,1,0.0
H05,Kamiyacho,Hibiya,holiday,23:30,2,0.2
H05,Kamiyacho,Hibiya,holiday,24:00:00,1,0.0
H05,Kamiyacho,Hibiya,weekday,05:00,1,0.0
H05,Kamiyacho,Hibiya,weekday,05:30,1,0.0
H05,Kamiyacho,Hibiya,weekday,06:00,1,0.0
H05,Kamiyacho,Hibiya,weekday,06:30,1,0.0
H05,Kamiyacho,Hibiya,weekday,07:00,2,0.2
H05,Kamiyacho,Hibiya,weekday,07:30,2,0.2
H05,Kamiyacho,Hibiya,weekday,08:00,3,0.4
H05,Kamiyacho,Hibiya,weekday,08:30,3,0.4
H05,Kamiyacho,Hibiya,weekday,09:00,2,0.2
H05,Kamiyacho,Hibiya,weekday,09:30,2,0.2
H05,Kamiyacho,Hibiya,weekday,10:00,2,0.2
H05,Kamiyacho,Hibiya,weekday,10:30,2,0.2
H05,Kamiyacho,Hibiya,weekday,11:00,2,0.2
H05,Kamiyacho,Hibiya,weekday,11:30,2,0.2
H05,Kamiyacho,Hibiya,weekday,12:00,2,0.2
H05,Kamiyacho,Hibiya,weekday,12:30,2,0.2
H05,Kamiyacho,Hibiya,weekday,13:00,2,0.2
H05,Kamiyacho,Hibiya,weekday,13:30,2,0.2
H05,Kamiyacho,Hibiya,weekday,14:00,2,0.2
H05,Kamiyacho,Hibiya,weekday,14:30,2,0.2
H05,Kamiyacho,Hibiya,weekday,15:00,2,0.2
H05,Kamiyacho,Hibiya,weekday,15:30,2,0.2
H05,Kamiyacho,Hibiya,weekday,16:00,2,0.2
H05,Kamiyacho,Hibiya,weekday,16:30,2,0.2
H05,Kamiyacho,Hibiya,weekday,17:00,2,0.2
H05,Kamiyacho,Hibiya,weekday,17:30,2,0.2
H05,Kamiyacho,Hibiya,weekday,18:00,2,0.2
H05,Kamiyacho,Hibiya,weekday,18:30,2,0.2
H05,Kamiyacho,Hibiya,weekday,19:00,2,0.2
H05,Kamiyacho,Hibiya,weekday,19:30,2,0.2
H05,Kamiyacho,Hibiya,weekday,20:00,2,0.2
H05,Kamiyacho,Hibiya,weekday,20:30,2,0.2
H05,Kamiyacho,Hibiya,weekday,21:00,2,0.2
H05,Kamiyacho,Hibiya,weekday,21:30,2,0.2
H05,Kamiyacho,Hibiya,weekday,22:00,2,0.2
H05,Kamiyacho,Hibiya,weekday,22:30,1,0.0
H05,Kamiyacho,Hibiya,weekday,23:00,1,0.0
H05,Kamiyacho,Hibiya,weekday,23:30,2,0.2
H05,Kamiyacho,Hibiya,weekday,24:00:00,1,0.0
H06,Toranomonhills,Hibiya,holiday,05:00,1,0.0
H06,Toranomonhills,Hibiya,holiday,05:30,1,0.0
H06,Toranomonhills,Hibiya,holiday,06:00,1,0.0
H06,Toranomonhills,Hibiya,holiday,06:30,1,0.0
H06,Toranomonhills,Hibiya,holiday,07:00,1,0.0
H06,Toranomonhills,Hibiya,holiday,07:30,1,0.0
H06,Toranomonhills,Hibiya,holiday,08:00,1,0.0
H06,Toranomonhills,Hibiya,holiday,08:30,2,0.2
H06,Toranomonhills,Hibiya,holiday,09:00,2,0.2
H06,Toranomonhills,Hibiya,holiday,09:30,2,0.2
H06,Toranomonhills,Hibiya,holiday,10:00,2,0.2
H06,Toranomonhills,Hibiya,holiday,10:30,2,0.2
H06,Toranomonhills,Hibiya,holiday,11:00,2,0.2
H06,Toranomonhills,Hibiya,holiday,11:30,2,0.2
H06,Toranomonhills,Hibiya,holiday,12:00,2,0.2
H06,Toranomonhills,Hibiya,holiday,12:30,2,0.2
H06,Toranomonhills,Hibiya,holiday,13:00,2,0.2
H06,Toranomonhills,Hibiya,holiday,13:30,2,0.2
H06,Toranomonhills,Hibiya,holiday,14:00,2,0.2
H06,Toranomonhills,Hibiya,holiday,14:30,2,0.2
H06,Toranomonhills,Hibiya,holiday,15:00,2,0.2
H06,Toranomonhills,Hibiya,holiday,15:30,2,0.2
H06,Toranomonhills,Hibiya,holiday,16:00,2,0.2
H06,Toranomonhills,Hibiya,holiday,16:30,2,0.2
H06,Toranomonhills,Hibiya,holiday,17:00,2,0.2
H06,Toranomonhills,Hibiya,holiday,17:30,2,0.2
H06,Toranomonhills,Hibiya,holiday,18:00,2,0.2
H06,Toranomonhills,Hibiya,holiday,18:30,2,0.2
H06,Toranomonhills,Hibiya,holiday,19:00,2,0.2
H06,Toranomonhills,Hibiya,holiday,19:30,1,0.0
H06,Toranomonhills,Hibiya,holiday,20:00,2,0.2
H06,Toranomonhills,Hibiya,holiday,20:30,2,0.2
H06,Toranomonhills,Hibiya,holiday,21:00,1,0.0
H06,Toranomonhills,Hibiya,holiday,21:30,1,0.0
H06,Toranomonhills,Hibiya,holiday,22:00,1,0.0
H06,Toranomonhills,Hibiya,holiday,22:30,1,0.0
H06,Toranomonhills,Hibiya,holiday,23:00,1,0.0
H06,Toranomonhills,Hibiya,holiday,23:30,1,0.0
H06,Toranomonhills,Hibiya,holiday,24:00:00,1,0.0
H06,Toranomonhills,Hibiya,weekday,05:00,1,0.0
H06,Toranomonhills,Hibiya,weekday,05:30,1,0.0
H06,Toranomonhills,Hibiya,weekday,06:00,1,0.0
H06,Toranomonhills,Hibiya,weekday,06:30,1,0.0
H06,Toranomonhills,Hibiya,weekday,07:00,2,0.2
H06,Toranomonhills,Hibiya,weekday,07:30,2,0.2
H06,Toranomonhills,Hibiya,weekday,08:00,3,0.4
H06,Toranomonhills,Hibiya,weekday,08:30,3,0.4
H06,Toranomonhills,Hibiya,weekday,09:00,3,0.4
H06,Toranomonhills,Hibiya,weekday,09:30,2,0.2
H06,Toranomonhills,Hibiya,weekday,10:00,2,0.2
H06,Toranomonhills,Hibiya,weekday,10:30,2,0.2
H06,Toranomonhills,Hibiya,weekday,11:00,2,0.2
H06,Toranomonhills,Hibiya,weekday,11:30,2,0.2
H06,Toranomonhills,Hibiya,weekday,12:00,2,0.2
H06,Toranomonhills,Hibiya,weekday,12:30,2,0.2
H06,Toranomonhills,Hibiya,weekday,13:00,2,0.2
H06,Toranomonhills,Hibiya,weekday,13:30,2,0.2
H06,Toranomonhills,Hibiya,weekday,14:00,2,0.2
H06,Toranomonhills,Hibiya,weekday,14:30,2,0.2
H06,Toranomonhills,Hibiya,weekday,15:00,2,0.2
H06,Toranomonhills,Hibiya,weekday,15:30,2,0.2
H06,Toranomonhills,Hibiya,weekday,16:00,2,0.2
H06,Toranomonhills,Hibiya,weekday,16:30,2,0.2
H06,Toranomonhills,Hibiya,weekday,17:00,2,0.2
H06,Toranomonhills,Hibiya,weekday,17:30,2,0.2
H06,Toranomonhills,Hibiya,weekday,18:00,2,0.2
H06,Toranomonhills,Hibiya,weekday,18:30,2,0.2
H06,Toranomonhills,Hibiya,weekday,19:00,2,0.2
H06,Toranomonhills,Hibiya,weekday,19:30,2,0.2
H06,Toranomonhills,Hibiya,weekday,20:00,2,0.2
H06,Toranomonhills,Hibiya,weekday,20:30,2,0.2
H06,Toranomonhills,Hibiya,weekday,21:00,2,0.2
H06,Toranomonhills,Hibiya,weekday,21:30,2,0.2
H06,Toranomonhills,Hibiya,weekday,22:00,2,0.2
H06,Toranomonhills,Hibiya,weekday,22:30,1,0.0
H06,Toranomonhills,Hibiya,weekday,23:00,1,0.0
H06,Toranomonhills,Hibiya,weekday,23:30,1,0.0
H06,Toranomonhills,Hibiya,weekday,24:00:00,1,0.0
H07,Kasumigaseki,Hibiya,holiday,05:00,1,0.0
H07,Kasumigaseki,Hibiya,holiday,05:30,1,0.0
H07,Kasumigaseki,Hibiya,holiday,06:00,1,0.0
H07,Kasumigaseki,Hibiya,holiday,06:30,1,0.0
H07,Kasumigaseki,Hibiya,holiday,07:00,1,0.0
H07,Kasumigaseki,Hibiya,holiday,07:30,1,0.0
H07,Kasumigaseki,Hibiya,holiday,08:00,1,0.0
H07,Kasumigaseki,Hibiya,holiday,08:30,2,0.2
H07,Kasumigaseki,Hibiya,holiday,09:00,2,0.2
H07,Kasumigaseki,Hibiya,holiday,09:30,2,0.2
H07,Kasumigaseki,Hibiya,holiday,10:00,2,0.2
H07,Kasumigaseki,Hibiya,holiday,10:30,2,0.2
H07,Kasumigaseki,Hibiya,holiday,11:00,2,0.2
H07,Kasumigaseki,Hibiya,holiday,11:30,2,0.2
H07,Kasumigaseki,Hibiya,holiday,12:00,2,0.2
H07,Kasumigaseki,Hibiya,holiday,12:30,2,0.2
H07,Kasumigaseki,Hibiya,holiday,13:00,2,0.2
H07,Kasumigaseki,Hibiya,holiday,13:30,2,0.2
H07,Kasumigaseki,Hibiya,holiday,14:00,2,0.2
H07,Kasumigaseki,Hibiya,holiday,14:30,2,0.2
H07,Kasumigaseki,Hibiya,holiday,15:00,2,0.2
H07,Kasumigaseki,Hibiya,holiday,15:30,2,0.2
H07,Kasumigaseki,Hibiya,holiday,16:00,2,0.2
H07,Kasumigaseki,Hibiya,holiday,16:30,2,0.2
H07,Kasumigaseki,Hibiya,holiday,17:00,2,0.2
H07,Kasumigaseki,Hibiya,holiday,17:30,2,0.2
H07,Kasumigaseki,Hibiya,holiday,18:00,2,0.2
H07,Kasumigaseki,Hibiya,holiday,18:30,2,0.2
H07,Kasumigaseki,Hibiya,holiday,19:00,2,0.2
H07,Kasumigaseki,Hibiya,holiday,19:30,1,0.0
H07,Kasumigaseki,Hibiya,holiday,20:00,1,0.0
H07,Kasumigaseki,Hibiya,holiday,20:30,1,0.0
H07,Kasumigaseki,Hibiya,holiday,21:00,1,0.0
H07,Kasumigaseki,Hibiya,holiday,21:30,1,0.0
H07,Kasumigaseki,Hibiya,holiday,22:00,1,0.0
H07,Kasumigaseki,Hibiya,holiday,22:30,1,0.0
H07,Kasumigaseki,Hibiya,holiday,23:00,1,0.0
H07,Kasumigaseki,Hibiya,holiday,23:30,1,0.0
H07,Kasumigaseki,Hibiya,holiday,24:00:00,2,0.2
H07,Kasumigaseki,Hibiya,weekday,05:00,1,0.0
H07,Kasumigaseki,Hibiya,weekday,05:30,1,0.0
H07,Kasumigaseki,Hibiya,weekday,06:00,1,0.0
H07,Kasumigaseki,Hibiya,weekday,06:30,2,0.2
H07,Kasumigaseki,Hibiya,weekday,07:00,2,0.2
H07,Kasumigaseki,Hibiya,weekday,07:30,2,0.2
H07,Kasumigaseki,Hibiya,weekday,08:00,3,0.4
H07,Kasumigaseki,Hibiya,weekday,08:30,3,0.4
H07,Kasumigaseki,Hibiya,weekday,09:00,3,0.4
H07,Kasumigaseki,Hibiya,weekday,09:30,2,0.2
H07,Kasumigaseki,Hibiya,weekday,10:00,2,0.2
H07,Kasumigaseki,Hibiya,weekday,10:30,2,0.2
H07,Kasumigaseki,Hibiya,weekday,11:00,2,0.2
H07,Kasumigaseki,Hibiya,weekday,11:30,2,0.2
H07,Kasumigaseki,Hibiya,weekday,12:00,2,0.2
H07,Kasumigaseki,Hibiya,weekday,12:30,2,0.2
H07,Kasumigaseki,Hibiya,weekday,13:00,2,0.2
H07,Kasumigaseki,Hibiya,weekday,13:30,2,0.2
H07,Kasumigaseki,Hibiya,weekday,14:00,2,0.2
H07,Kasumigaseki,Hibiya,weekday,14:30,2,0.2
H07,Kasumigaseki,Hibiya,weekday,15:00,2,0.2
H07,Kasumigaseki,Hibiya,weekday,15:30,2,0.2
H07,Kasumigaseki,Hibiya,weekday,16:00,2,0.2
H07,Kasumigaseki,Hibiya,weekday,16:30,2,0.2
H07,Kasumigaseki,Hibiya,weekday,17:00,2,0.2
H07,Kasumigaseki,Hibiya,weekday,17:30,2,0.2
H07,Kasumigaseki,Hibiya,weekday,18:00,2,0.2
H07,Kasumigaseki,Hibiya,weekday,18:30,2,0.2
H07,Kasumigaseki,Hibiya,weekday,19:00,2,0.2
H07,Kasumigaseki,Hibiya,weekday,19:30,2,0.2
H07,Kasumigaseki,Hibiya,weekday,20:00,2,0.2
H07,Kasumigaseki,Hibiya,weekday,20:30,2,0.2
H07,Kasumigaseki,Hibiya,weekday,21:00,2,0.2
H07,Kasumigaseki,Hibiya,weekday,21:30,2,0.2
H07,Kasumigaseki,Hibiya,weekday,22:00,1,0.0
H07,Kasumigaseki,Hibiya,weekday,22:30,1,0.0
H07,Kasumigaseki,Hibiya,weekday,23:00,1,0.0
H07,Kasumigaseki,Hibiya,weekday,23:30,2,0.2
H07,Kasumigaseki,Hibiya,weekday,24:00:00,2,0.2
H08,Hibiya,Hibiya,holiday,05:00,1,0.0
H08,Hibiya,Hibiya,holiday,05:30,1,0.0
H08,Hibiya,Hibiya,holiday,06:00,1,0.0
H08,Hibiya,Hibiya,holiday,06:30,1,0.0
H08,Hibiya,Hibiya,holiday,07:00,1,0.0
H08,Hibiya,Hibiya,holiday,07:30,1,0.0
H08,Hibiya,Hibiya,holiday,08:00,1,0.0
H08,Hibiya,Hibiya,holiday,08:30,1,0.0
H08,Hibiya,Hibiya,holiday,09:00,2,0.2
H08,Hibiya,Hibiya,holiday,09:30,2,0.2
H08,Hibiya,Hibiya,holiday,10:00,2,0.2
H08,Hibiya,Hibiya,holiday,10:30,2,0.2
H08,Hibiya,Hibiya,holiday,11:00,2,0.2
H08,Hibiya,Hibiya,holiday,11:30,2,0.2
H08,Hibiya,Hibiya,holiday,12:00,2,0.2
H08,Hibiya,Hibiya,holiday,12:30,2,0.2
H08,Hibiya,Hibiya,holiday,13:00,2,0.2
H08,Hibiya,Hibiya,holiday,13:30,2,0.2
H08,Hibiya,Hibiya,holiday,14:00,2,0.2
H08,Hibiya,Hibiya,holiday,14:30,2,0.2
H08,Hibiya,Hibiya,holiday,15:00,2,0.2
H08,Hibiya,Hibiya,holiday,15:30,2,0.2
H08,Hibiya,Hibiya,holiday,16:00,2,0.2
H08,Hibiya,Hibiya,holiday,16:30,2,0.2
H08,Hibiya,Hibiya,holiday,17:00,2,0.2
H08,Hibiya,Hibiya,holiday,17:30,2,0.2
H08,Hibiya,Hibiya,holiday,18:00,2,0.2
H08,Hibiya,Hibiya,holiday,18:30,1,0.0
H08,Hibiya,Hibiya,holiday,19:00,1,0.0
H08,Hibiya,Hibiya,holiday,19:30,1,0.0
H08,Hibiya,Hibiya,holiday,20:00,1,0.0
H08,Hibiya,Hibiya,holiday,20:30,1,0.0
H08,Hibiya,Hibiya,holiday,21:00,1,0.0
H08,Hibiya,Hibiya,holiday,21:30,1,0.0
H08,Hibiya,Hibiya,holiday,22:00,1,0.0
H08,Hibiya,Hibiya,holiday,22:30,1,0.0
H08,Hibiya,Hibiya,holiday,23:00,1,0.0
H08,Hibiya,Hibiya,holiday,23:30,1,0.0
H08,Hibiya,Hibiya,holiday,24:00:00,1,0.0
H08,Hibiya,Hibiya,weekday,05:00,1,0.0
H08,Hibiya,Hibiya,weekday,05:30,1,0.0
H08,Hibiya,Hibiya,weekday,06:00,1,0.0
H08,Hibiya,Hibiya,weekday,06:30,1,0.0
H08,Hibiya,Hibiya,weekday,07:00,2,0.2
H08,Hibiya,Hibiya,weekday,07:30,2,0.2
H08,Hibiya,Hibiya,weekday,08:00,3,0.4
H08,Hibiya,Hibiya,weekday,08:30,3,0.4
H08,Hibiya,Hibiya,weekday,09:00,3,0.4
H08,Hibiya,Hibiya,weekday,09:30,2,0.2
H08,Hibiya,Hibiya,weekday,10:00,2,0.2
H08,Hibiya,Hibiya,weekday,10:30,2,0.2
H08,Hibiya,Hibiya,weekday,11:00,2,0.2
H08,Hibiya,Hibiya,weekday,11:30,2,0.2
H08,Hibiya,Hibiya,weekday,12:00,2,0.2
H08,Hibiya,Hibiya,weekday,12:30,2,0.2
H08,Hibiya,Hibiya,weekday,13:00,2,0.2
H08,Hibiya,Hibiya,weekday,13:30,2,0.2
H08,Hibiya,Hibiya,weekday,14:00,2,0.2
H08,Hibiya,Hibiya,weekday,14:30,2,0.2
H08,Hibiya,Hibiya,weekday,15:00,2,0.2
H08,Hibiya,Hibiya,weekday,15:30,2,0.2
H08,Hibiya,Hibiya,weekday,16:00,2,0.2
H08,Hibiya,Hibiya,weekday,16:30,2,0.2
H08,Hibiya,Hibiya,weekday,17:00,2,0.2
H08,Hibiya,Hibiya,weekday,17:30,2,0.2
H08,Hibiya,Hibiya,weekday,18:00,2,0.2
H08,Hibiya,Hibiya,weekday,18:30,2,0.2
H08,Hibiya,Hibiya,weekday,19:00,2,0.2
H08,Hibiya,Hibiya,weekday,19:30,2,0.2
H08,Hibiya,Hibiya,weekday,20:00,2,0.2
H08,Hibiya,Hibiya,weekday,20:30,2,0.2
H08,Hibiya,Hibiya,weekday,21:00,2,0.2
H08,Hibiya,Hibiya,weekday,21:30,2,0.2
H08,Hibiya,Hibiya,weekday,22:00,2,0.2
H08,Hibiya,Hibiya,weekday,22:30,2,0.2
H08,Hibiya,Hibiya,weekday,23:00,2,0.2
H08,Hibiya,Hibiya,weekday,23:30,2,0.2
H08,Hibiya,Hibiya,weekday,24:00:00,2,0.2
H09,Ginza,Hibiya,holiday,05:00,1,0.0
H09,Ginza,Hibiya,holiday,05:30,1,0.0
H09,Ginza,Hibiya,holiday,06:00,1,0.0
H09,Ginza,Hibiya,holiday,06:30,1,0.0
H09,Ginza,Hibiya,holiday,07:00,1,0.0
H09,Ginza,Hibiya,holiday,07:30,1,0.0
H09,Ginza,Hibiya,holiday,08:00,1,0.0
H09,Ginza,Hibiya,holiday,08:30,2,0.2
H09,Ginza,Hibiya,holiday,09:00,2,0.2
H09,Ginza,Hibiya,holiday,09:30,2,0.2
H09,Ginza,Hibiya,holiday,10:00,2,0.2
H09,Ginza,Hibiya,holiday,10:30,2,0.2
H09,Ginza,Hibiya,holiday,11:00,2,0.2
H09,Ginza,Hibiya,holiday,11:30,2,0.2
H09,Ginza,Hibiya,holiday,12:00,2,0.2
H09,Ginza,Hibiya,holiday,12:30,2,0.2
H09,Ginza,Hibiya,holiday,13:00,2,0.2
H09,Ginza,Hibiya,holiday,13:30,2,0.2
H09,Ginza,Hibiya,holiday,14:00,2,0.2
H09,Ginza,Hibiya,holiday,14:30,2,0.2
H09,Ginza,Hibiya,holiday,15:00,2,0.2
H09,Ginza,Hibiya,holiday,15:30,2,0.2
H09,Ginza,Hibiya,holiday,16:00,2,0.2
H09,Ginza,Hibiya,holiday,16:30,2,0.2
H09,Ginza,Hibiya,holiday,17:00,2,0.2
H09,Ginza,Hibiya,holiday,17:30,2,0.2
H09,Ginza,Hibiya,holiday,18:00,2,0.2
H09,Ginza,Hibiya,holiday,18:30,2,0.2
H09,Ginza,Hibiya,holiday,19:00,2,0.2
H09,Ginza,Hibiya,holiday,19:30,2,0.2
H09,Ginza,Hibiya,holiday,20:00,2,0.2
H09,Ginza,Hibiya,holiday,20:30,2,0.2
H09,Ginza,Hibiya,holiday,21:00,2,0.2
H09,Ginza,Hibiya,holiday,21:30,2,0.2
H09,Ginza,Hibiya,holiday,22:00,2,0.2
H09,Ginza,Hibiya,holiday,22:30,2,0.2
H09,Ginza,Hibiya,holiday,23:00,2,0.2
H09,Ginza,Hibiya,holiday,23:30,1,0.0
H09,Ginza,Hibiya,holiday,24:00:00,1,0.0
H09,Ginza,Hibiya,weekday,05:00,1,0.0
H09,Ginza,Hibiya,weekday,05:30,1,0.0
H09,Ginza,Hibiya,weekday,06:00,1,0.0
H09,Ginza,Hibiya,weekday,06:30,2,0.2
H09,Ginza,Hibiya,weekday,07:00,2,0.2
H09,Ginza,Hibiya,weekday,07:30,2,0.2
H09,Ginza,Hibiya,weekday,08:00,3,0.4
H09,Ginza,Hibiya,weekday,08:30,3,0.4
H09,Ginza,Hibiya,weekday,09:00,2,0.2
H09,Ginza,Hibiya,weekday,09:30,2,0.2
H09,Ginza,Hibiya,weekday,10:00,2,0.2
H09,Ginza,Hibiya,weekday,10:30,2,0.2
H09,Ginza,Hibiya,weekday,11:00,2,0.2
H09,Ginza,Hibiya,weekday,11:30,2,0.2
H09,Ginza,Hibiya,weekday,12:00,2,0.2
H09,Ginza,Hibiya,weekday,12:30,2,0.2
H09,Ginza,Hibiya,weekday,13:00,2,0.2
H09,Ginza,Hibiya,weekday,13:30,2,0.2
H09,Ginza,Hibiya,weekday,14:00,2,0.2
H09,Ginza,Hibiya,weekday,14:30,2,0.2
H09,Ginza,Hibiya,weekday,15:00,2,0.2
H09,Ginza,Hibiya,weekday,15:30,2,0.2
H09,Ginza,Hibiya,weekday,16:00,2,0.2
H09,Ginza,Hibiya,weekday,16:30,2,0.2
H09,Ginza,Hibiya,weekday,17:00,2,0.2
H09,Ginza,Hibiya,weekday,17:30,2,0.2
H09,Ginza,Hibiya,weekday,18:00,2,0.2
H09,Ginza,Hibiya,weekday,18:30,2,0.2
H09,Ginza,Hibiya,weekday,19:00,2,0.2
H09,Ginza,Hibiya,weekday,19:30,2,0.2
H09,Ginza,Hibiya,weekday,20:00,2,0.2
H09,Ginza,Hibiya,weekday,20:30,2,0.2
H09,Ginza,Hibiya,weekday,21:00,2,0.2
H09,Ginza,Hibiya,weekday,21:30,2,0.2
H09,Ginza,Hibiya,weekday,22:00,2,0.2
H09,Ginza,Hibiya,weekday,22:30,2,0.2
H09,Ginza,Hibiya,weekday,23:00,2,0.2
H09,Ginza,Hibiya,weekday,23:30,2,0.2
H09,Ginza,Hibiya,weekday,24:00:00,2,0.2
H10,Higashiginza,Hibiya,holiday,05:00,1,0.0
H10,Higashiginza,Hibiya,holiday,05:30,1,0.0
H10,Higashiginza,Hibiya,holiday,06:00,1,0.0
H10,Higashiginza,Hibiya,holiday,06:30,1,0.0
H10,Higashiginza,Hibiya,holiday,07:00,1,0.0
H10,Higashiginza,Hibiya,holiday,07:30,1,0.0
H10,Higashiginza,Hibiya,holiday,08:00,2,0.2
H10,Higashiginza,Hibiya,holiday,08:30,2,0.2
H10,Higashiginza,Hibiya,holiday,09:00,2,0.2
H10,Higashiginza,Hibiya,holiday,09:30,2,0.2
H10,Higashiginza,Hibiya,holiday,10:00,2,0.2
H10,Higashiginza,Hibiya,holiday,10:30,2,0.2
H10,Higashiginza,Hibiya,holiday,11:00,2,0.2
H10,Higashiginza,Hibiya,holiday,11:30,2,0.2
H10,Higashiginza,Hibiya,holiday,12:00,2,0.2
H10,Higashiginza,Hibiya,holiday,12:30,2,0.2
H10,Higashiginza,Hibiya,holiday,13:00,2,0.2
H10,Higashiginza,Hibiya,holiday,13:30,2,0.2
H10,Higashiginza,Hibiya,holiday,14:00,2,0.2
H10,Higashiginza,Hibiya,holiday,14:30,2,0.2
H10,Higashiginza,Hibiya,holiday,15:00,2,0.2
H10,Higashiginza,Hibiya,holiday,15:30,2,0.2
H10,Higashiginza,Hibiya,holiday,16:00,2,0.2
H10,Higashiginza,Hibiya,holiday,16:30,2,0.2
H10,Higashiginza,Hibiya,holiday,17:00,2,0.2
H10,Higashiginza,Hibiya,holiday,17:30,2,0.2
H10,Higashiginza,Hibiya,holiday,18:00,2,0.2
H10,Higashiginza,Hibiya,holiday,18:30,2,0.2
H10,Higashiginza,Hibiya,holiday,19:00,2,0.2
H10,Higashiginza,Hibiya,holiday,19:30,2,0.2
H10,Higashiginza,Hibiya,holiday,20:00,2,0.2
H10,Higashiginza,Hibiya,holiday,20:30,2,0.2
H10,Higashiginza,Hibiya,holiday,21:00,2,0.2
H10,Higashiginza,Hibiya,holiday,21:30,2,0.2
H10,Higashiginza,Hibiya,holiday,22:00,2,0.2
H10,Higashiginza,Hibiya,holiday,22:30,2,0.2
H10,Higashiginza,Hibiya,holiday,23:00,1,0.0
H10,Higashiginza,Hibiya,holiday,23:30,2,0.2
H10,Higashiginza,Hibiya,holiday,24:00:00,1,0.0
H10,Higashiginza,Hibiya,weekday,05:00,1,0.0
H10,Higashiginza,Hibiya,weekday,05:30,1,0.0
H10,Higashiginza,Hibiya,weekday,06:00,1,0.0
H10,Higashiginza,Hibiya,weekday,06:30,2,0.2
H10,Higashiginza,Hibiya,weekday,07:00,2,0.2
H10,Higashiginza,Hibiya,weekday,07:30,2,0.2
H10,Higashiginza,Hibiya,weekday,08:00,3,0.4
H10,Higashiginza,Hibiya,weekday,08:30,3,0.4
H10,Higashiginza,Hibiya,weekday,09:00,2,0.2
H10,Higashiginza,Hibiya,weekday,09:30,3,0.4
H10,Higashiginza,Hibiya,weekday,10:00,2,0.2
H10,Higashiginza,Hibiya,weekday,10:30,2,0.2
H10,Higashiginza,Hibiya,weekday,11:00,2,0.2
H10,Higashiginza,Hibiya,weekday,11:30,2,0.2
H10,Higashiginza,Hibiya,weekday,12:00,2,0.2
H10,Higashiginza,Hibiya,weekday,12:30,2,0.2
H10,Higashiginza,Hibiya,weekday,13:00,2,0.2
H10,Higashiginza,Hibiya,weekday,13:30,2,0.2
H10,Higashiginza,Hibiya,weekday,14:00,2,0.2
H10,Higashiginza,Hibiya,weekday,14:30,2,0.2
H10,Higashiginza,Hibiya,weekday,15:00,2,0.2
H10,Higashiginza,Hibiya,weekday,15:30,2,0.2
H10,Higashiginza,Hibiya,weekday,16:00,2,0.2
H10,Higashiginza,Hibiya,weekday,16:30,2,0.2
H10,Higashiginza,Hibiya,weekday,17:00,2,0.2
H10,Higashiginza,Hibiya,weekday,17:30,2,0.2
H10,Higashiginza,Hibiya,weekday,18:00,2,0.2
H10,Higashiginza,Hibiya,weekday,18:30,2,0.2
H10,Higashiginza,Hibiya,weekday,19:00,2,0.2
H10,Higashiginza,Hibiya,weekday,19:30,2,0.2
H10,Higashiginza,Hibiya,weekday,20:00,2,0.2
H10,Higashiginza,Hibiya,weekday,20:30,2,0.2
H10,Higashiginza,Hibiya,weekday,21:00,2,0.2
H10,Higashiginza,Hibiya,weekday,21:30,2,0.2
H10,Higashiginza,Hibiya,weekday,22:00,2,0.2
H10,Higashiginza,Hibiya,weekday,22:30,2,0.2
H10,Higashiginza,Hibiya,weekday,23:00,2,0.2
H10,Higashiginza,Hibiya,weekday,23:30,2,0.2
H10,Higashiginza,Hibiya,weekday,24:00:00,2,0.2
H11,Tsukiji,Hibiya,holiday,05:00,1,0.0
H11,Tsukiji,Hibiya,holiday,05:30,1,0.0
H11,Tsukiji,Hibiya,holiday,06:00,1,0.0
H11,Tsukiji,Hibiya,holiday,06:30,1,0.0
H11,Tsukiji,Hibiya,holiday,07:00,1,0.0
H11,Tsukiji,Hibiya,holiday,07:30,1,0.0
H11,Tsukiji,Hibiya,holiday,08:00,2,0.2
H11,Tsukiji,Hibiya,holiday,08:30,2,0.2
H11,Tsukiji,Hibiya,holiday,09:00,2,0.2
H11,Tsukiji,Hibiya,holiday,09:30,2,0.2
H11,Tsukiji,Hibiya,holiday,10:00,2,0.2
H11,Tsukiji,Hibiya,holiday,10:30,2,0.2
H11,Tsukiji,Hibiya,holiday,11:00,2,0.2
H11,Tsukiji,Hibiya,holiday,11:30,2,0.2
H11,Tsukiji,Hibiya,holiday,12:00,2,0.2
H11,Tsukiji,Hibiya,holiday,12:30,2,0.2
H11,Tsukiji,Hibiya,holiday,13:00,2,0.2
H11,Tsukiji,Hibiya,holiday,13:30,2,0.2
H11,Tsukiji,Hibiya,holiday,14:00,2,0.2
H11,Tsukiji,Hibiya,holiday,14:30,2,0.2
H11,Tsukiji,Hibiya,holiday,15:00,2,0.2
H11,Tsukiji,Hibiya,holiday,15:30,2,0.2
H11,Tsukiji,Hibiya,holiday,16:00,2,0.2
H11,Tsukiji,Hibiya,holiday,16:30,2,0.2
H11,Tsukiji,Hibiya,holiday,17:00,2,0.2
H11,Tsukiji,Hibiya,holiday,17:30,2,0.2
H11,Tsukiji,Hibiya,holiday,18:00,2,0.2
H11,Tsukiji,Hibiya,holiday,18:30,2,0.2
H11,Tsukiji,Hibiya,holiday,19:00,2,0.2
H11,Tsukiji,Hibiya,holiday,19:30,2,0.2
H11,Tsukiji,Hibiya,holiday,20:00,2,0.2
H11,Tsukiji,Hibiya,holiday,20:30,2,0.2
H11,Tsukiji,Hibiya,holiday,21:00,2,0.2
H11,Tsukiji,Hibiya,holiday,21:30,2,0.2
H11,Tsukiji,Hibiya,holiday,22:00,2,0.2
H11,Tsukiji,Hibiya,holiday,22:30,2,0.2
H11,Tsukiji,Hibiya,holiday,23:00,2,0.2
H11,Tsukiji,Hibiya,holiday,23:30,2,0.2
H11,Tsukiji,Hibiya,holiday,24:00:00,1,0.0
H11,Tsukiji,Hibiya,weekday,05:00,1,0.0
H11,Tsukiji,Hibiya,weekday,05:30,1,0.0
H11,Tsukiji,Hibiya,weekday,06:00,1,0.0
H11,Tsukiji,Hibiya,weekday,06:30,2,0.2
H11,Tsukiji,Hibiya,weekday,07:00,2,0.2
H11,Tsukiji,Hibiya,weekday,07:30,2,0.2
H11,Tsukiji,Hibiya,weekday,08:00,3,0.4
H11,Tsukiji,Hibiya,weekday,08:30,3,0.4
H11,Tsukiji,Hibiya,weekday,09:00,3,0.4
H11,Tsukiji,Hibiya,weekday,09:30,3,0.4
H11,Tsukiji,Hibiya,weekday,10:00,2,0.2
H11,Tsukiji,Hibiya,weekday,10:30,2,0.2
H11,Tsukiji,Hibiya,weekday,11:00,2,0.2
H11,Tsukiji,Hibiya,weekday,11:30,2,0.2
H11,Tsukiji,Hibiya,weekday,12:00,2,0.2
H11,Tsukiji,Hibiya,weekday,12:30,2,0.2
H11,Tsukiji,Hibiya,weekday,13:00,2,0.2
H11,Tsukiji,Hibiya,weekday,13:30,2,0.2
H11,Tsukiji,Hibiya,weekday,14:00,2,0.2
H11,Tsukiji,Hibiya,weekday,14:30,2,0.2
H11,Tsukiji,Hibiya,weekday,15:00,2,0.2
H11,Tsukiji,Hibiya,weekday,15:30,2,0.2
H11,Tsukiji,Hibiya,weekday,16:00,2,0.2
H11,Tsukiji,Hibiya,weekday,16:30,2,0.2
H11,Tsukiji,Hibiya,weekday,17:00,2,0.2
H11,Tsukiji,Hibiya,weekday,17:30,2,0.2
H11,Tsukiji,Hibiya,weekday,18:00,2,0.2
H11,Tsukiji,Hibiya,weekday,18:30,2,0.2
H11,Tsukiji,Hibiya,weekday,19:00,2,0.2
H11,Tsukiji,Hibiya,weekday,19:30,2,0.2
H11,Tsukiji,Hibiya,weekday,20:00,2,0.2
H11,Tsukiji,Hibiya,weekday,20:30,2,0.2
H11,Tsukiji,Hibiya,weekday,21:00,2,0.2
H11,Tsukiji,Hibiya,weekday,21:30,2,0.2
H11,Tsukiji,Hibiya,weekday,22:00,2,0.2
H11,Tsukiji,Hibiya,weekday,22:30,2,0.2
H11,Tsukiji,Hibiya,weekday,23:00,2,0.2
H11,Tsukiji,Hibiya,weekday,23:30,2,0.2
H11,Tsukiji,Hibiya,weekday,24:00:00,2,0.2
H12,Hatchobori,Hibiya,holiday,05:00,1,0.0
H12,Hatchobori,Hibiya,holiday,05:30,1,0.0
H12,Hatchobori,Hibiya,holiday,06:00,1,0.0
H12,Hatchobori,Hibiya,holiday,06:30,1,0.0
H12,Hatchobori,Hibiya,holiday,07:00,2,0.2
H12,Hatchobori,Hibiya,holiday,07:30,2,0.2
H12,Hatchobori,Hibiya,holiday,08:00,2,0.2
H12,Hatchobori,Hibiya,holiday,08:30,2,0.2
H12,Hatchobori,Hibiya,holiday,09:00,2,0.2
H12,Hatchobori,Hibiya,holiday,09:30,2,0.2
H12,Hatchobori,Hibiya,holiday,10:00,2,0.2
H12,Hatchobori,Hibiya,holiday,10:30,2,0.2
H12,Hatchobori,Hibiya,holiday,11:00,2,0.2
H12,Hatchobori,Hibiya,holiday,11:30,2,0.2
H12,Hatchobori,Hibiya,holiday,12:00,2,0.2
H12,Hatchobori,Hibiya,holiday,12:30,2,0.2
H12,Hatchobori,Hibiya,holiday,13:00,2,0.2
H12,Hatchobori,Hibiya,holiday,13:30,2,0.2
H12,Hatchobori,Hibiya,holiday,14:00,2,0.2
H12,Hatchobori,Hibiya,holiday,14:30,2,0.2
H12,Hatchobori,Hibiya,holiday,15:00,2,0.2
H12,Hatchobori,Hibiya,holiday,15:30,2,0.2
H12,Hatchobori,Hibiya,holiday,16:00,2,0.2
H12,Hatchobori,Hibiya,holiday,16:30,2,0.2
H12,Hatchobori,Hibiya,holiday,17:00,2,0.2
H12,Hatchobori,Hibiya,holiday,17:30,2,0.2
H12,Hatchobori,Hibiya,holiday,18:00,2,0.2
H12,Hatchobori,Hibiya,holiday,18:30,2,0.2
H12,Hatchobori,Hibiya,holiday,19:00,2,0.2
H12,Hatchobori,Hibiya,holiday,19:30,2,0.2
H12,Hatchobori,Hibiya,holiday,20:00,2,0.2
H12,Hatchobori,Hibiya,holiday,20:30,2,0.2
H12,Hatchobori,Hibiya,holiday,21:00,2,0.2
H12,Hatchobori,Hibiya,holiday,21:30,2,0.2
H12,Hatchobori,Hibiya,holiday,22:00,2,0.2
H12,Hatchobori,Hibiya,holiday,22:30,2,0.2
H12,Hatchobori,Hibiya,holiday,23:00,2,0.2
H12,Hatchobori,Hibiya,holiday,23:30,2,0.2
H12,Hatchobori,Hibiya,holiday,24:00:00,1,0.0
H12,Hatchobori,Hibiya,weekday,05:00,2,0.2
H12,Hatchobori,Hibiya,weekday,05:30,2,0.2
H12,Hatchobori,Hibiya,weekday,06:00,1,0.0
H12,Hatchobori,Hibiya,weekday,06:30,2,0.2
H12,Hatchobori,Hibiya,weekday,07:00,2,0.2
H12,Hatchobori,Hibiya,weekday,07:30,3,0.4
H12,Hatchobori,Hibiya,weekday,08:00,3,0.4
H12,Hatchobori,Hibiya,weekday,08:30,3,0.4
H12,Hatchobori,Hibiya,weekday,09:00,3,0.4
H12,Hatchobori,Hibiya,weekday,09:30,3,0.4
H12,Hatchobori,Hibiya,weekday,10:00,2,0.2
H12,Hatchobori,Hibiya,weekday,10:30,2,0.2
H12,Hatchobori,Hibiya,weekday,11:00,2,0.2
H12,Hatchobori,Hibiya,weekday,11:30,2,0.2
H12,Hatchobori,Hibiya,weekday,12:00,2,0.2
H12,Hatchobori,Hibiya,weekday,12:30,2,0.2
H12,Hatchobori,Hibiya,weekday,13:00,2,0.2
H12,Hatchobori,Hibiya,weekday,13:30,2,0.2
H12,Hatchobori,Hibiya,weekday,14:00,2,0.2
H12,Hatchobori,Hibiya,weekday,14:30,2,0.2
H12,Hatchobori,Hibiya,weekday,15:00,2,0.2
H12,Hatchobori,Hibiya,weekday,15:30,2,0.2
H12,Hatchobori,Hibiya,weekday,16:00,2,0.2
H12,Hatchobori,Hibiya,weekday,16:30,2,0.2
H12,Hatchobori,Hibiya,weekday,17:00,2,0.2
H12,Hatchobori,Hibiya,weekday,17:30,2,0.2
H12,Hatchobori,Hibiya,weekday,18:00,2,0.2
H12,Hatchobori,Hibiya,weekday,18:30,3,0.4
H12,Hatchobori,Hibiya,weekday,19:00,2,0.2
H12,Hatchobori,Hibiya,weekday,19:30,2,0.2
H12,Hatchobori,Hibiya,weekday,20:00,2,0.2
H12,Hatchobori,Hibiya,weekday,20:30,2,0.2
H12,Hatchobori,Hibiya,weekday,21:00,2,0.2
H12,Hatchobori,Hibiya,weekday,21:30,2,0.2
H12,Hatchobori,Hibiya,weekday,22:00,2,0.2
H12,Hatchobori,Hibiya,weekday,22:30,2,0.2
H12,Hatchobori,Hibiya,weekday,23:00,2,0.2
H12,Hatchobori,Hibiya,weekday,23:30,2,0.2
H12,Hatchobori,Hibiya,weekday,24:00:00,2,0.2
H13,Kayabacho,Hibiya,holiday,05:00,1,0.0
H13,Kayabacho,Hibiya,holiday,05:30,1,0.0
H13,Kayabacho,Hibiya,holiday,06:00,1,0.0
H13,Kayabacho,Hibiya,holiday,06:30,1,0.0
H13,Kayabacho,Hibiya,holiday,07:00,2,0.2
H13,Kayabacho,Hibiya,holiday,07:30,2,0.2
H13,Kayabacho,Hibiya,holiday,08:00,2,0.2
H13,Kayabacho,Hibiya,holiday,08:30,2,0.2
H13,Kayabacho,Hibiya,holiday,09:00,2,0.2
H13,Kayabacho,Hibiya,holiday,09:30,2,0.2
H13,Kayabacho,Hibiya,holiday,10:00,2,0.2
H13,Kayabacho,Hibiya,holiday,10:30,2,0.2
H13,Kayabacho,Hibiya,holiday,11:00,2,0.2
H13,Kayabacho,Hibiya,holiday,11:30,2,0.2
H13,Kayabacho,Hibiya,holiday,12:00,2,0.2
H13,Kayabacho,Hibiya,holiday,12:30,2,0.2
H13,Kayabacho,Hibiya,holiday,13:00,2,0.2
H13,Kayabacho,Hibiya,holiday,13:30,2,0.2
H13,Kayabacho,Hibiya,holiday,14:00,2,0.2
H13,Kayabacho,Hibiya,holiday,14:30,2,0.2
H13,Kayabacho,Hibiya,holiday,15:00,2,0.2
H13,Kayabacho,Hibiya,holiday,15:30,2,0.2
H13,Kayabacho,Hibiya,holiday,16:00,2,0.2
H13,Kayabacho,Hibiya,holiday,16:30,2,0.2
H13,Kayabacho,Hibiya,holiday,17:00,2,0.2
H13,Kayabacho,Hibiya,holiday,17:30,2,0.2
H13,Kayabacho,Hibiya,holiday,18:00,2,0.2
H13,Kayabacho,Hibiya,holiday,18:30,2,0.2
H13,Kayabacho,Hibiya,holiday,19:00,2,0.2
H13,Kayabacho,Hibiya,holiday,19:30,2,0.2
H13,Kayabacho,Hibiya,holiday,20:00,2,0.2
H13,Kayabacho,Hibiya,holiday,20:30,2,0.2
H13,Kayabacho,Hibiya,holiday,21:00,2,0.2
H13,Kayabacho,Hibiya,holiday,21:30,2,0.2
H13,Kayabacho,Hibiya,holiday,22:00,2,0.2
H13,Kayabacho,Hibiya,holiday,22:30,2,0.2
H13,Kayabacho,Hibiya,holiday,23:00,2,0.2
H13,Kayabacho,Hibiya,holiday,23:30,2,0.2
H13,Kayabacho,Hibiya,holiday,24:00:00,2,0.2
H13,Kayabacho,Hibiya,weekday,05:00,2,0.2
H13,Kayabacho,Hibiya,weekday,05:30,2,0.2
H13,Kayabacho,Hibiya,weekday,06:00,2,0.2
H13,Kayabacho,Hibiya,weekday,06:30,2,0.2
H13,Kayabacho,Hibiya,weekday,07:00,2,0.2
H13,Kayabacho,Hibiya,weekday,07:30,3,0.4
H13,Kayabacho,Hibiya,weekday,08:00,4,0.6
H13,Kayabacho,Hibiya,weekday,08:30,3,0.4
H13,Kayabacho,Hibiya,weekday,09:00,3,0.4
H13,Kayabacho,Hibiya,weekday,09:30,3,0.4
H13,Kayabacho,Hibiya,weekday,10:00,2,0.2
H13,Kayabacho,Hibiya,weekday,10:30,2,0.2
H13,Kayabacho,Hibiya,weekday,11:00,2,0.2
H13,Kayabacho,Hibiya,weekday,11:30,2,0.2
H13,Kayabacho,Hibiya,weekday,12:00,2,0.2
H13,Kayabacho,Hibiya,weekday,12:30,2,0.2
H13,Kayabacho,Hibiya,weekday,13:00,2,0.2
H13,Kayabacho,Hibiya,weekday,13:30,2,0.2
H13,Kayabacho,Hibiya,weekday,14:00,2,0.2
H13,Kayabacho,Hibiya,weekday,14:30,2,0.2
H13,Kayabacho,Hibiya,weekday,15:00,2,0.2
H13,Kayabacho,Hibiya,weekday,15:30,2,0.2
H13,Kayabacho,Hibiya,weekday,16:00,2,0.2
H13,Kayabacho,Hibiya,weekday,16:30,2,0.2
H13,Kayabacho,Hibiya,weekday,17:00,2,0.2
H13,Kayabacho,Hibiya,weekday,17:30,2,0.2
H13,Kayabacho,Hibiya,weekday,18:00,3,0.4
H13,Kayabacho,Hibiya,weekday,18:30,3,0.4
H13,Kayabacho,Hibiya,weekday,19:00,2,0.2
H13,Kayabacho,Hibiya,weekday,19:30,2,0.2
H13,Kayabacho,Hibiya,weekday,20:00,2,0.2
H13,Kayabacho,Hibiya,weekday,20:30,2,0.2
H13,Kayabacho,Hibiya,weekday,21:00,2,0.2
H13,Kayabacho,Hibiya,weekday,21:30,2,0.2
H13,Kayabacho,Hibiya,weekday,22:00,2,0.2
H13,Kayabacho,Hibiya,weekday,22:30,2,0.2
H13,Kayabacho,Hibiya,weekday,23:00,2,0.2
H13,Kayabacho,Hibiya,weekday,23:30,2,0.2
H13,Kayabacho,Hibiya,weekday,24:00:00,2,0.2
H14,Ningyocho,Hibiya,holiday,05:00,1,0.0
H14,Ningyocho,Hibiya,holiday,05:30,2,0.2
H14,Ningyocho,Hibiya,holiday,06:00,1,0.0
H14,Ningyocho,Hibiya,holiday,06:30,1,0.0
H14,Ningyocho,Hibiya,holiday,07:00,1,0.0
H14,Ningyocho,Hibiya,holiday,07:30,2,0.2
H14,Ningyocho,Hibiya,holiday,08:00,2,0.2
H14,Ningyocho,Hibiya,holiday,08:30,2,0.2
H14,Ningyocho,Hibiya,holiday,09:00,2,0.2
H14,Ningyocho,Hibiya,holiday,09:30,2,0.2
H14,Ningyocho,Hibiya,holiday,10:00,2,0.2
H14,Ningyocho,Hibiya,holiday,10:30,2,0.2
H14,Ningyocho,Hibiya,holiday,11:00,2,0.2
H14,Ningyocho,Hibiya,holiday,11:30,2,0.2
H14,Ningyocho,Hibiya,holiday,12:00,2,0.2
H14,Ningyocho,Hibiya,holiday,12:30,2,0.2
H14,Ningyocho,Hibiya,holiday,13:00,2,0.2
H14,Ningyocho,Hibiya,holiday,13:30,2,0.2
H14,Ningyocho,Hibiya,holiday,14:00,2,0.2
H14,Ningyocho,Hibiya,holiday,14:30,2,0.2
H14,Ningyocho,Hibiya,holiday,15:00,2,0.2
H14,Ningyocho,Hibiya,holiday,15:30,2,0.2
H14,Ningyocho,Hibiya,holiday,16:00,2,0.2
H14,Ningyocho,Hibiya,holiday,16:30,2,0.2
H14,Ningyocho,Hibiya,holiday,17:00,2,0.2
H14,Ningyocho,Hibiya,holiday,17:30,2,0.2
H14,Ningyocho,Hibiya,holiday,18:00,2,0.2
H14,Ningyocho,Hibiya,holiday,18:30,2,0.2
H14,Ningyocho,Hibiya,holiday,19:00,2,0.2
H14,Ningyocho,Hibiya,holiday,19:30,2,0.2
H14,Ningyocho,Hibiya,holiday,20:00,2,0.2
H14,Ningyocho,Hibiya,holiday,20:30,2,0.2
H14,Ningyocho,Hibiya,holiday,21:00,2,0.2
H14,Ningyocho,Hibiya,holiday,21:30,2,0.2
H14,Ningyocho,Hibiya,holiday,22:00,2,0.2
H14,Ningyocho,Hibiya,holiday,22:30,2,0.2
H14,Ningyocho,Hibiya,holiday,23:00,2,0.2
H14,Ningyocho,Hibiya,holiday,23:30,2,0.2
H14,Ningyocho,Hibiya,holiday,24:00:00,2,0.2
H14,Ningyocho,Hibiya,weekday,05:00,1,0.0
H14,Ningyocho,Hibiya,weekday,05:30,2,0.2
H14,Ningyocho,Hibiya,weekday,06:00,2,0.2
H14,Ningyocho,Hibiya,weekday,06:30,2,0.2
H14,Ningyocho,Hibiya,weekday,07:00,2,0.2
H14,Ningyocho,Hibiya,weekday,07:30,3,0.4
H14,Ningyocho,Hibiya,weekday,08:00,4,0.6
H14,Ningyocho,Hibiya,weekday,08:30,3,0.4
H14,Ningyocho,Hibiya,weekday,09:00,2,0.2
H14,Ningyocho,Hibiya,weekday,09:30,2,0.2
H14,Ningyocho,Hibiya,weekday,10:00,2,0.2
H14,Ningyocho,Hibiya,weekday,10:30,2,0.2
H14,Ningyocho,Hibiya,weekday,11:00,2,0.2
H14,Ningyocho,Hibiya,weekday,11:30,2,0.2
H14,Ningyocho,Hibiya,weekday,12:00,2,0.2
H14,Ningyocho,Hibiya,weekday,12:30,2,0.2
H14,Ningyocho,Hibiya,weekday,13:00,2,0.2
H14,Ningyocho,Hibiya,weekday,13:30,2,0.2
H14,Ningyocho,Hibiya,weekday,14:00,2,0.2
H14,Ningyocho,Hibiya,weekday,14:30,2,0.2
H14,Ningyocho,Hibiya,weekday,15:00,2,0.2
H14,Ningyocho,Hibiya,weekday,15:30,2,0.2
H14,Ningyocho,Hibiya,weekday,16:00,2,0.2
H14,Ningyocho,Hibiya,weekday,16:30,2,0.2
H14,Ningyocho,Hibiya,weekday,17:00,2,0.2
H14,Ningyocho,Hibiya,weekday,17:30,2,0.2
H14,Ningyocho,Hibiya,weekday,18:00,3,0.4
H14,Ningyocho,Hibiya,weekday,18:30,3,0.4
H14,Ningyocho,Hibiya,weekday,19:00,3,0.4
H14,Ningyocho,Hibiya,weekday,19:30,2,0.2
H14,Ningyocho,Hibiya,weekday,20:00,3,0.4
H14,Ningyocho,Hibiya,weekday,20:30,2,0.2
H14,Ningyocho,Hibiya,weekday,21:00,2,0.2
H14,Ningyocho,Hibiya,weekday,21:30,2,0.2
H14,Ningyocho,Hibiya,weekday,22:00,2,0.2
H14,Ningyocho,Hibiya,weekday,22:30,2,0.2
H14,Ningyocho,Hibiya,weekday,23:00,2,0.2
H14,Ningyocho,Hibiya,weekday,23:30,2,0.2
H14,Ningyocho,Hibiya,weekday,24:00:00,2,0.2
H15,Kodemmacho,Hibiya,holiday,05:00,1,0.0
H15,Kodemmacho,Hibiya,holiday,05:30,2,0.2
H15,Kodemmacho,Hibiya,holiday,06:00,1,0.0
H15,Kodemmacho,Hibiya,holiday,06:30,1,0.0
H15,Kodemmacho,Hibiya,holiday,07:00,2,0.2
H15,Kodemmacho,Hibiya,holiday,07:30,2,0.2
H15,Kodemmacho,Hibiya,holiday,08:00,2,0.2
H15,Kodemmacho,Hibiya,holiday,08:30,2,0.2
H15,Kodemmacho,Hibiya,holiday,09:00,2,0.2
H15,Kodemmacho,Hibiya,holiday,09:30,2,0.2
H15,Kodemmacho,Hibiya,holiday,10:00,2,0.2
H15,Kodemmacho,Hibiya,holiday,10:30,2,0.2
H15,Kodemmacho,Hibiya,holiday,11:00,2,0.2
H15,Kodemmacho,Hibiya,holiday,11:30,2,0.2
H15,Kodemmacho,Hibiya,holiday,12:00,2,0.2
H15,Kodemmacho,Hibiya,holiday,12:30,2,0.2
H15,Kodemmacho,Hibiya,holiday,13:00,2,0.2
H15,Kodemmacho,Hibiya,holiday,13:30,2,0.2
H15,Kodemmacho,Hibiya,holiday,14:00,2,0.2
H15,Kodemmacho,Hibiya,holiday,14:30,2,0.2
H15,Kodemmacho,Hibiya,holiday,15:00,2,0.2
H15,Kodemmacho,Hibiya,holiday,15:30,2,0.2
H15,Kodemmacho,Hibiya,holiday,16:00,2,0.2
H15,Kodemmacho,Hibiya,holiday,16:30,2,0.2
H15,Kodemmacho,Hibiya,holiday,17:00,2,0.2
H15,Kodemmacho,Hibiya,holiday,17:30,2,0.2
H15,Kodemmacho,Hibiya,holiday,18:00,2,0.2
H15,Kodemmacho,Hibiya,holiday,18:30,2,0.2
H15,Kodemmacho,Hibiya,holiday,19:00,2,0.2
H15,Kodemmacho,Hibiya,holiday,19:30,2,0.2
H15,Kodemmacho,Hibiya,holiday,20:00,2,0.2
H15,Kodemmacho,Hibiya,holiday,20:30,2,0.2
H15,Kodemmacho,Hibiya,holiday,21:00,2,0.2
H15,Kodemmacho,Hibiya,holiday,21:30,2,0.2
H15,Kodemmacho,Hibiya,holiday,22:00,2,0.2
H15,Kodemmacho,Hibiya,holiday,22:30,2,0.2
H15,Kodemmacho,Hibiya,holiday,23:00,2,0.2
H15,Kodemmacho,Hibiya,holiday,23:30,2,0.2
H15,Kodemmacho,Hibiya,holiday,24:00:00,2,0.2
H15,Kodemmacho,Hibiya,weekday,05:00,2,0.2
H15,Kodemmacho,Hibiya,weekday,05:30,2,0.2
H15,Kodemmacho,Hibiya,weekday,06:00,2,0.2
H15,Kodemmacho,Hibiya,weekday,06:30,2,0.2
H15,Kodemmacho,Hibiya,weekday,07:00,2,0.2
H15,Kodemmacho,Hibiya,weekday,07:30,3,0.4
H15,Kodemmacho,Hibiya,weekday,08:00,4,0.6
H15,Kodemmacho,Hibiya,weekday,08:30,3,0.4
H15,Kodemmacho,Hibiya,weekday,09:00,3,0.4
H15,Kodemmacho,Hibiya,weekday,09:30,3,0.4
H15,Kodemmacho,Hibiya,weekday,10:00,2,0.2
H15,Kodemmacho,Hibiya,weekday,10:30,2,0.2
H15,Kodemmacho,Hibiya,weekday,11:00,2,0.2
H15,Kodemmacho,Hibiya,weekday,11:30,2,0.2
H15,Kodemmacho,Hibiya,weekday,12:00,2,0.2
H15,Kodemmacho,Hibiya,weekday,12:30,2,0.2
H15,Kodemmacho,Hibiya,weekday,13:00,2,0.2
H15,Kodemmacho,Hibiya,weekday,13:30,2,0.2
H15,Kodemmacho,Hibiya,weekday,14:00,2,0.2
H15,Kodemmacho,Hibiya,weekday,14:30,2,0.2
H15,Kodemmacho,Hibiya,weekday,15:00,2,0.2
H15,Kodemmacho,Hibiya,weekday,15:30,2,0.2
H15,Kodemmacho,Hibiya,weekday,16:00,2,0.2
H15,Kodemmacho,Hibiya,weekday,16:30,2,0.2
H15,Kodemmacho,Hibiya,weekday,17:00,2,0.2
H15,Kodemmacho,Hibiya,weekday,17:30,3,0.4
H15,Kodemmacho,Hibiya,weekday,18:00,3,0.4
H15,Kodemmacho,Hibiya,weekday,18:30,3,0.4
H15,Kodemmacho,Hibiya,weekday,19:00,3,0.4
H15,Kodemmacho,Hibiya,weekday,19:30,3,0.4
H15,Kodemmacho,Hibiya,weekday,20:00,3,0.4
H15,Kodemmacho,Hibiya,weekday,20:30,2,0.2
H15,Kodemmacho,Hibiya,weekday,21:00,2,0.2
H15,Kodemmacho,Hibiya,weekday,21:30,2,0.2
H15,Kodemmacho,Hibiya,weekday,22:00,2,0.2
H15,Kodemmacho,Hibiya,weekday,22:30,2,0.2
H15,Kodemmacho,Hibiya,weekday,23:00,2,0.2
H15,Kodemmacho,Hibiya,weekday,23:30,2,0.2
H15,Kodemmacho,Hibiya,weekday,24:00:00,2,0.2
H16,Akihabara,Hibiya,holiday,05:00,1,0.0
H16,Akihabara,Hibiya,holiday,05:30,2,0.2
H16,Akihabara,Hibiya,holiday,06:00,1,0.0
H16,Akihabara,Hibiya,holiday,06:30,1,0.0
H16,Akihabara,Hibiya,holiday,07:00,2,0.2
H16,Akihabara,Hibiya,holiday,07:30,2,0.2
H16,Akihabara,Hibiya,holiday,08:00,2,0.2
H16,Akihabara,Hibiya,holiday,08:30,2,0.2
H16,Akihabara,Hibiya,holiday,09:00,2,0.2
H16,Akihabara,Hibiya,holiday,09:30,2,0.2
H16,Akihabara,Hibiya,holiday,10:00,2,0.2
H16,Akihabara,Hibiya,holiday,10:30,2,0.2
H16,Akihabara,Hibiya,holiday,11:00,2,0.2
H16,Akihabara,Hibiya,holiday,11:30,2,0.2
H16,Akihabara,Hibiya,holiday,12:00,2,0.2
H16,Akihabara,Hibiya,holiday,12:30,2,0.2
H16,Akihabara,Hibiya,holiday,13:00,2,0.2
H16,Akihabara,Hibiya,holiday,13:30,2,0.2
H16,Akihabara,Hibiya,holiday,14:00,2,0.2
H16,Akihabara,Hibiya,holiday,14:30,2,0.2
H16,Akihabara,Hibiya,holiday,15:00,2,0.2
H16,Akihabara,Hibiya,holiday,15:30,2,0.2
H16,Akihabara,Hibiya,holiday,16:00,2,0.2
H16,Akihabara,Hibiya,holiday,16:30,2,0.2
H16,Akihabara,Hibiya,holiday,17:00,2,0.2
H16,Akihabara,Hibiya,holiday,17:30,2,0.2
H16,Akihabara,Hibiya,holiday,18:00,2,0.2
H16,Akihabara,Hibiya,holiday,18:30,2,0.2
H16,Akihabara,Hibiya,holiday,19:00,2,0.2
H16,Akihabara,Hibiya,holiday,19:30,2,0.2
H16,Akihabara,Hibiya,holiday,20:00,2,0.2
H16,Akihabara,Hibiya,holiday,20:30,2,0.2
H16,Akihabara,Hibiya,holiday,21:00,2,0.2
H16,Akihabara,Hibiya,holiday,21:30,2,0.2
H16,Akihabara,Hibiya,holiday,22:00,2,0.2
H16,Akihabara,Hibiya,holiday,22:30,2,0.2
H16,Akihabara,Hibiya,holiday,23:00,2,0.2
H16,Akihabara,Hibiya,holiday,23:30,2,0.2
H16,Akihabara,Hibiya,holiday,24:00:00,2,0.2
H16,Akihabara,Hibiya,weekday,05:00,2,0.2
H16,Akihabara,Hibiya,weekday,05:30,2,0.2
H16,Akihabara,Hibiya,weekday,06:00,2,0.2
H16,Akihabara,Hibiya,weekday,06:30,2,0.2
H16,Akihabara,Hibiya,weekday,07:00,2,0.2
H16,Akihabara,Hibiya,weekday,07:30,4,0.6
H16,Akihabara,Hibiya,weekday,08:00,4,0.6
H16,Akihabara,Hibiya,weekday,08:30,3,0.4
H16,Akihabara,Hibiya,weekday,09:00,3,0.4
H16,Akihabara,Hibiya,weekday,09:30,3,0.4
H16,Akihabara,Hibiya,weekday,10:00,2,0.2
H16,Akihabara,Hibiya,weekday,10:30,2,0.2
H16,Akihabara,Hibiya,weekday,11:00,2,0.2
H16,Akihabara,Hibiya,weekday,11:30,2,0.2
H16,Akihabara,Hibiya,weekday,12:00,2,0.2
H16,Akihabara,Hibiya,weekday,12:30,2,0.2
H16,Akihabara,Hibiya,weekday,13:00,2,0.2
H16,Akihabara,Hibiya,weekday,13:30,2,0.2
H16,Akihabara,Hibiya,weekday,14:00,2,0.2
H16,Akihabara,Hibiya,weekday,14:30,2,0.2
H16,Akihabara,Hibiya,weekday,15:00,2,0.2
H16,Akihabara,Hibiya,weekday,15:30,2,0.2
H16,Akihabara,Hibiya,weekday,16:00,2,0.2
H16,Akihabara,Hibiya,weekday,16:30,3,0.4
H16,Akihabara,Hibiya,weekday,17:00,3,0.4
H16,Akihabara,Hibiya,weekday,17:30,3,0.4
H16,Akihabara,Hibiya,weekday,18:00,3,0.4
H16,Akihabara,Hibiya,weekday,18:30,3,0.4
H16,Akihabara,Hibiya,weekday,19:00,3,0.4
H16,Akihabara,Hibiya,weekday,19:30,3,0.4
H16,Akihabara,Hibiya,weekday,20:00,3,0.4
H16,Akihabara,Hibiya,weekday,20:30,2,0.2
H16,Akihabara,Hibiya,weekday,21:00,2,0.2
H16,Akihabara,Hibiya,weekday,21:30,2,0.2
H16,Akihabara,Hibiya,weekday,22:00,2,0.2
H16,Akihabara,Hibiya,weekday,22:30,2,0.2
H16,Akihabara,Hibiya,weekday,23:00,2,0.2
H16,Akihabara,Hibiya,weekday,23:30,2,0.2
H16,Akihabara,Hibiya,weekday,24:00:00,2,0.2
H17,Nakaokachimachi,Hibiya,holiday,05:00,1,0.0
H17,Nakaokachimachi,Hibiya,holiday,05:30,2,0.2
H17,Nakaokachimachi,Hibiya,holiday,06:00,1,0.0
H17,Nakaokachimachi,Hibiya,holiday,06:30,1,0.0
H17,Nakaokachimachi,Hibiya,holiday,07:00,2,0.2
H17,Nakaokachimachi,Hibiya,holiday,07:30,2,0.2
H17,Nakaokachimachi,Hibiya,holiday,08:00,2,0.2
H17,Nakaokachimachi,Hibiya,holiday,08:30,2,0.2
H17,Nakaokachimachi,Hibiya,holiday,09:00,2,0.2
H17,Nakaokachimachi,Hibiya,holiday,09:30,2,0.2
H17,Nakaokachimachi,Hibiya,holiday,10:00,2,0.2
H17,Nakaokachimachi,Hibiya,holiday,10:30,2,0.2
H17,Nakaokachimachi,Hibiya,holiday,11:00,2,0.2
H17,Nakaokachimachi,Hibiya,holiday,11:30,2,0.2
H17,Nakaokachimachi,Hibiya,holiday,12:00,2,0.2
H17,Nakaokachimachi,Hibiya,holiday,12:30,2,0.2
H17,Nakaokachimachi,Hibiya,holiday,13:00,2,0.2
H17,Nakaokachimachi,Hibiya,holiday,13:30,2,0.2
H17,Nakaokachimachi,Hibiya,holiday,14:00,2,0.2
H17,Nakaokachimachi,Hibiya,holiday,14:30,2,0.2
H17,Nakaokachimachi,Hibiya,holiday,15:00,2,0.2
H17,Nakaokachimachi,Hibiya,holiday,15:30,2,0.2
H17,Nakaokachimachi,Hibiya,holiday,16:00,2,0.2
H17,Nakaokachimachi,Hibiya,holiday,16:30,2,0.2
H17,Nakaokachimachi,Hibiya,holiday,17:00,2,0.2
H17,Nakaokachimachi,Hibiya,holiday,17:30,2,0.2
H17,Nakaokachimachi,Hibiya,holiday,18:00,2,0.2
H17,Nakaokachimachi,Hibiya,holiday,18:30,2,0.2
H17,Nakaokachimachi,Hibiya,holiday,19:00,2,0.2
H17,Nakaokachimachi,Hibiya,holiday,19:30,2,0.2
H17,Nakaokachimachi,Hibiya,holiday,20:00,2,0.2
H17,Nakaokachimachi,Hibiya,holiday,20:30,2,0.2
H17,Nakaokachimachi,Hibiya,holiday,21:00,2,0.2
H17,Nakaokachimachi,Hibiya,holiday,21:30,2,0.2
H17,Nakaokachimachi,Hibiya,holiday,22:00,2,0.2
H17,Nakaokachimachi,Hibiya,holiday,22:30,2,0.2
H17,Nakaokachimachi,Hibiya,holiday,23:00,2,0.2
H17,Nakaokachimachi,Hibiya,holiday,23:30,2,0.2
H17,Nakaokachimachi,Hibiya,holiday,24:00:00,2,0.2
H17,Nakaokachimachi,Hibiya,weekday,05:00,2,0.2
H17,Nakaokachimachi,Hibiya,weekday,05:30,2,0.2
H17,Nakaokachimachi,Hibiya,weekday,06:00,2,0.2
H17,Nakaokachimachi,Hibiya,weekday,06:30,2,0.2
H17,Nakaokachimachi,Hibiya,weekday,07:00,3,0.4
H17,Nakaokachimachi,Hibiya,weekday,07:30,4,0.6
H17,Nakaokachimachi,Hibiya,weekday,08:00,5,0.8
H17,Nakaokachimachi,Hibiya,weekday,08:30,4,0.6
H17,Nakaokachimachi,Hibiya,weekday,09:00,3,0.4
H17,Nakaokachimachi,Hibiya,weekday,09:30,3,0.4
H17,Nakaokachimachi,Hibiya,weekday,10:00,2,0.2
H17,Nakaokachimachi,Hibiya,weekday,10:30,2,0.2
H17,Nakaokachimachi,Hibiya,weekday,11:00,2,0.2
H17,Nakaokachimachi,Hibiya,weekday,11:30,2,0.2
H17,Nakaokachimachi,Hibiya,weekday,12:00,2,0.2
H17,Nakaokachimachi,Hibiya,weekday,12:30,2,0.2
H17,Nakaokachimachi,Hibiya,weekday,13:00,2,0.2
H17,Nakaokachimachi,Hibiya,weekday,13:30,2,0.2
H17,Nakaokachimachi,Hibiya,weekday,14:00,2,0.2
H17,Nakaokachimachi,Hibiya,weekday,14:30,2,0.2
H17,Nakaokachimachi,Hibiya,weekday,15:00,2,0.2
H17,Nakaokachimachi,Hibiya,weekday,15:30,2,0.2
H17,Nakaokachimachi,Hibiya,weekday,16:00,2,0.2
H17,Nakaokachimachi,Hibiya,weekday,16:30,3,0.4
H17,Nakaokachimachi,Hibiya,weekday,17:00,3,0.4
H17,Nakaokachimachi,Hibiya,weekday,17:30,3,0.4
H17,Nakaokachimachi,Hibiya,weekday,18:00,3,0.4
H17,Nakaokachimachi,Hibiya,weekday,18:30,4,0.6
H17,Nakaokachimachi,Hibiya,weekday,19:00,3,0.4
H17,Nakaokachimachi,Hibiya,weekday,19:30,3,0.4
H17,Nakaokachimachi,Hibiya,weekday,20:00,3,0.4
H17,Nakaokachimachi,Hibiya,weekday,20:30,3,0.4
H17,Nakaokachimachi,Hibiya,weekday,21:00,2,0.2
H17,Nakaokachimachi,Hibiya,weekday,21:30,2,0.2
H17,Nakaokachimachi,Hibiya,weekday,22:00,2,0.2
H17,Nakaokachimachi,Hibiya,weekday,22:30,2,0.2
H17,Nakaokachimachi,Hibiya,weekday,23:00,2,0.2
H17,Nakaokachimachi,Hibiya,weekday,23:30,2,0.2
H17,Nakaokachimachi,Hibiya,weekday,24:00:00,2,0.2
H18,Ueno,Hibiya,holiday,05:00,1,0.0
H18,Ueno,Hibiya,holiday,05:30,2,0.2
H18,Ueno,Hibiya,holiday,06:00,1,0.0
H18,Ueno,Hibiya,holiday,06:30,2,0.2
H18,Ueno,Hibiya,holiday,07:00,2,0.2
H18,Ueno,Hibiya,holiday,07:30,2,0.2
H18,Ueno,Hibiya,holiday,08:00,2,0.2
H18,Ueno,Hibiya,holiday,08:30,2,0.2
H18,Ueno,Hibiya,holiday,09:00,2,0.2
H18,Ueno,Hibiya,holiday,09:30,2,0.2
H18,Ueno,Hibiya,holiday,10:00,2,0.2
H18,Ueno,Hibiya,holiday,10:30,3,0.4
H18,Ueno,Hibiya,holiday,11:00,2,0.2
H18,Ueno,Hibiya,holiday,11:30,2,0.2
H18,Ueno,Hibiya,holiday,12:00,2,0.2
H18,Ueno,Hibiya,holiday,12:30,2,0.2
H18,Ueno,Hibiya,holiday,13:00,2,0.2
H18,Ueno,Hibiya,holiday,13:30,2,0.2
H18,Ueno,Hibiya,holiday,14:00,2,0.2
H18,Ueno,Hibiya,holiday,14:30,2,0.2
H18,Ueno,Hibiya,holiday,15:00,2,0.2
H18,Ueno,Hibiya,holiday,15:30,2,0.2
H18,Ueno,Hibiya,holiday,16:00,2,0.2
H18,Ueno,Hibiya,holiday,16:30,2,0.2
H18,Ueno,Hibiya,holiday,17:00,2,0.2
H18,Ueno,Hibiya,holiday,17:30,2,0.2
H18,Ueno,Hibiya,holiday,18:00,2,0.2
H18,Ueno,Hibiya,holiday,18:30,2,0.2
H18,Ueno,Hibiya,holiday,19:00,2,0.2
H18,Ueno,Hibiya,holiday,19:30,2,0.2
H18,Ueno,Hibiya,holiday,20:00,2,0.2
H18,Ueno,Hibiya,holiday,20:30,2,0.2
H18,Ueno,Hibiya,holiday,21:00,2,0.2
H18,Ueno,Hibiya,holiday,21:30,2,0.2
H18,Ueno,Hibiya,holiday,22:00,2,0.2
H18,Ueno,Hibiya,holiday,22:30,2,0.2
H18,Ueno,Hibiya,holiday,23:00,2,0.2
H18,Ueno,Hibiya,holiday,23:30,2,0.2
H18,Ueno,Hibiya,holiday,24:00:00,2,0.2
H18,Ueno,Hibiya,weekday,05:00,2,0.2
H18,Ueno,Hibiya,weekday,05:30,2,0.2
H18,Ueno,Hibiya,weekday,06:00,2,0.2
H18,Ueno,Hibiya,weekday,06:30,2,0.2
H18,Ueno,Hibiya,weekday,07:00,3,0.4
H18,Ueno,Hibiya,weekday,07:30,4,0.6
H18,Ueno,Hibiya,weekday,08:00,5,0.8
H18,Ueno,Hibiya,weekday,08:30,4,0.6
H18,Ueno,Hibiya,weekday,09:00,3,0.4
H18,Ueno,Hibiya,weekday,09:30,3,0.4
H18,Ueno,Hibiya,weekday,10:00,2,0.2
H18,Ueno,Hibiya,weekday,10:30,2,0.2
H18,Ueno,Hibiya,weekday,11:00,2,0.2
H18,Ueno,Hibiya,weekday,11:30,2,0.2
H18,Ueno,Hibiya,weekday,12:00,2,0.2
H18,Ueno,Hibiya,weekday,12:30,2,0.2
H18,Ueno,Hibiya,weekday,13:00,2,0.2
H18,Ueno,Hibiya,weekday,13:30,2,0.2
H18,Ueno,Hibiya,weekday,14:00,2,0.2
H18,Ueno,Hibiya,weekday,14:30,2,0.2
H18,Ueno,Hibiya,weekday,15:00,2,0.2
H18,Ueno,Hibiya,weekday,15:30,2,0.2
H18,Ueno,Hibiya,weekday,16:00,2,0.2
H18,Ueno,Hibiya,weekday,16:30,3,0.4
H18,Ueno,Hibiya,weekday,17:00,3,0.4
H18,Ueno,Hibiya,weekday,17:30,3,0.4
H18,Ueno,Hibiya,weekday,18:00,4,0.6
H18,Ueno,Hibiya,weekday,18:30,4,0.6
H18,Ueno,Hibiya,weekday,19:00,4,0.6
H18,Ueno,Hibiya,weekday,19:30,3,0.4
H18,Ueno,Hibiya,weekday,20:00,4,0.6
H18,Ueno,Hibiya,weekday,20:30,3,0.4
H18,Ueno,Hibiya,weekday,21:00,3,0.4
H18,Ueno,Hibiya,weekday,21:30,2,0.2
H18,Ueno,Hibiya,weekday,22:00,2,0.2
H18,Ueno,Hibiya,weekday,22:30,2,0.2
H18,Ueno,Hibiya,weekday,23:00,2,0.2
H18,Ueno,Hibiya,weekday,23:30,2,0.2
H18,Ueno,Hibiya,weekday,24:00:00,2,0.2
H19,Iriya,Hibiya,holiday,05:00,1,0.0
H19,Iriya,Hibiya,holiday,05:30,2,0.2
H19,Iriya,Hibiya,holiday,06:00,2,0.2
H19,Iriya,Hibiya,holiday,06:30,2,0.2
H19,Iriya,Hibiya,holiday,07:00,2,0.2
H19,Iriya,Hibiya,holiday,07:30,2,0.2
H19,Iriya,Hibiya,holiday,08:00,2,0.2
H19,Iriya,Hibiya,holiday,08:30,2,0.2
H19,Iriya,Hibiya,holiday,09:00,2,0.2
H19,Iriya,Hibiya,holiday,09:30,3,0.4
H19,Iriya,Hibiya,holiday,10:00,2,0.2
H19,Iriya,Hibiya,holiday,10:30,3,0.4
H19,Iriya,Hibiya,holiday,11:00,2,0.2
H19,Iriya,Hibiya,holiday,11:30,2,0.2
H19,Iriya,Hibiya,holiday,12:00,2,0.2
H19,Iriya,Hibiya,holiday,12:30,2,0.2
H19,Iriya,Hibiya,holiday,13:00,2,0.2
H19,Iriya,Hibiya,holiday,13:30,2,0.2
H19,Iriya,Hibiya,holiday,14:00,2,0.2
H19,Iriya,Hibiya,holiday,14:30,2,0.2
H19,Iriya,Hibiya,holiday,15:00,2,0.2
H19,Iriya,Hibiya,holiday,15:30,2,0.2
H19,Iriya,Hibiya,holiday,16:00,2,0.2
H19,Iriya,Hibiya,holiday,16:30,2,0.2
H19,Iriya,Hibiya,holiday,17:00,2,0.2
H19,Iriya,Hibiya,holiday,17:30,2,0.2
H19,Iriya,Hibiya,holiday,18:00,2,0.2
H19,Iriya,Hibiya,holiday,18:30,2,0.2
H19,Iriya,Hibiya,holiday,19:00,2,0.2
H19,Iriya,Hibiya,holiday,19:30,2,0.2
H19,Iriya,Hibiya,holiday,20:00,2,0.2
H19,Iriya,Hibiya,holiday,20:30,2,0.2
H19,Iriya,Hibiya,holiday,21:00,2,0.2
H19,Iriya,Hibiya,holiday,21:30,2,0.2
H19,Iriya,Hibiya,holiday,22:00,2,0.2
H19,Iriya,Hibiya,holiday,22:30,2,0.2
H19,Iriya,Hibiya,holiday,23:00,2,0.2
H19,Iriya,Hibiya,holiday,23:30,2,0.2
H19,Iriya,Hibiya,holiday,24:00:00,2,0.2
H19,Iriya,Hibiya,weekday,05:00,2,0.2
H19,Iriya,Hibiya,weekday,05:30,2,0.2
H19,Iriya,Hibiya,weekday,06:00,2,0.2
H19,Iriya,Hibiya,weekday,06:30,3,0.4
H19,Iriya,Hibiya,weekday,07:00,3,0.4
H19,Iriya,Hibiya,weekday,07:30,5,0.8
H19,Iriya,Hibiya,weekday,08:00,6,1.0
H19,Iriya,Hibiya,weekday,08:30,4,0.6
H19,Iriya,Hibiya,weekday,09:00,3,0.4
H19,Iriya,Hibiya,weekday,09:30,3,0.4
H19,Iriya,Hibiya,weekday,10:00,2,0.2
H19,Iriya,Hibiya,weekday,10:30,2,0.2
H19,Iriya,Hibiya,weekday,11:00,2,0.2
H19,Iriya,Hibiya,weekday,11:30,2,0.2
H19,Iriya,Hibiya,weekday,12:00,2,0.2
H19,Iriya,Hibiya,weekday,12:30,2,0.2
H19,Iriya,Hibiya,weekday,13:00,2,0.2
H19,Iriya,Hibiya,weekday,13:30,2,0.2
H19,Iriya,Hibiya,weekday,14:00,2,0.2
H19,Iriya,Hibiya,weekday,14:30,2,0.2
H19,Iriya,Hibiya,weekday,15:00,2,0.2
H19,Iriya,Hibiya,weekday,15:30,2,0.2
H19,Iriya,Hibiya,weekday,16:00,2,0.2
H19,Iriya,Hibiya,weekday,16:30,3,0.4
H19,Iriya,Hibiya,weekday,17:00,3,0.4
H19,Iriya,Hibiya,weekday,17:30,3,0.4
H19,Iriya,Hibiya,weekday,18:00,3,0.4
H19,Iriya,Hibiya,weekday,18:30,4,0.6
H19,Iriya,Hibiya,weekday,19:00,4,0.6
H19,Iriya,Hibiya,weekday,19:30,3,0.4
H19,Iriya,Hibiya,weekday,20:00,3,0.4
H19,Iriya,Hibiya,weekday,20:30,3,0.4
H19,Iriya,Hibiya,weekday,21:00,3,0.4
H19,Iriya,Hibiya,weekday,21:30,2,0.2
H19,Iriya,Hibiya,weekday,22:00,2,0.2
H19,Iriya,Hibiya,weekday,22:30,2,0.2
H19,Iriya,Hibiya,weekday,23:00,2,0.2
H19,Iriya,Hibiya,weekday,23:30,2,0.2
H19,Iriya,Hibiya,weekday,24:00:00,2,0.2
H20,Minowa,Hibiya,holiday,05:00,1,0.0
H20,Minowa,Hibiya,holiday,05:30,2,0.2
H20,Minowa,Hibiya,holiday,06:00,2,0.2
H20,Minowa,Hibiya,holiday,06:30,2,0.2
H20,Minowa,Hibiya,holiday,07:00,2,0.2
H20,Minowa,Hibiya,holiday,07:30,2,0.2
H20,Minowa,Hibiya,holiday,08:00,2,0.2
H20,Minowa,Hibiya,holiday,08:30,2,0.2
H20,Minowa,Hibiya,holiday,09:00,2,0.2
H20,Minowa,Hibiya,holiday,09:30,3,0.4
H20,Minowa,Hibiya,holiday,10:00,2,0.2
H20,Minowa,Hibiya,holiday,10:30,3,0.4
H20,Minowa,Hibiya,holiday,11:00,2,0.2
H20,Minowa,Hibiya,holiday,11:30,2,0.2
H20,Minowa,Hibiya,holiday,12:00,2,0.2
H20,Minowa,Hibiya,holiday,12:30,2,0.2
H20,Minowa,Hibiya,holiday,13:00,2,0.2
H20,Minowa,Hibiya,holiday,13:30,2,0.2
H20,Minowa,Hibiya,holiday,14:00,2,0.2
H20,Minowa,Hibiya,holiday,14:30,2,0.2
H20,Minowa,Hibiya,holiday,15:00,2,0.2
H20,Minowa,Hibiya,holiday,15:30,2,0.2
H20,Minowa,Hibiya,holiday,16:00,2,0.2
H20,Minowa,Hibiya,holiday,16:30,2,0.2
H20,Minowa,Hibiya,holiday,17:00,2,0.2
H20,Minowa,Hibiya,holiday,17:30,2,0.2
H20,Minowa,Hibiya,holiday,18:00,2,0.2
H20,Minowa,Hibiya,holiday,18:30,2,0.2
H20,Minowa,Hibiya,holiday,19:00,2,0.2
H20,Minowa,Hibiya,holiday,19:30,2,0.2
H20,Minowa,Hibiya,holiday,20:00,2,0.2
H20,Minowa,Hibiya,holiday,20:30,2,0.2
H20,Minowa,Hibiya,holiday,21:00,2,0.2
H20,Minowa,Hibiya,holiday,21:30,2,0.2
H20,Minowa,Hibiya,holiday,22:00,2,0.2
H20,Minowa,Hibiya,holiday,22:30,2,0.2
H20,Minowa,Hibiya,holiday,23:00,2,0.2
H20,Minowa,Hibiya,holiday,23:30,2,0.2
H20,Minowa,Hibiya,holiday,24:00:00,2,0.2
H20,Minowa,Hibiya,weekday,05:00,2,0.2
H20,Minowa,Hibiya,weekday,05:30,2,0.2
H20,Minowa,Hibiya,weekday,06:00,2,0.2
H20,Minowa,Hibiya,weekday,06:30,3,0.4
H20,Minowa,Hibiya,weekday,07:00,3,0.4
H20,Minowa,Hibiya,weekday,07:30,5,0.8
H20,Minowa,Hibiya,weekday,08:00,6,1.0
H20,Minowa,Hibiya,weekday,08:30,4,0.6
H20,Minowa,Hibiya,weekday,09:00,3,0.4
H20,Minowa,Hibiya,weekday,09:30,3,0.4
H20,Minowa,Hibiya,weekday,10:00,2,0.2
H20,Minowa,Hibiya,weekday,10:30,2,0.2
H20,Minowa,Hibiya,weekday,11:00,2,0.2
H20,Minowa,Hibiya,weekday,11:30,2,0.2
H20,Minowa,Hibiya,weekday,12:00,2,0.2
H20,Minowa,Hibiya,weekday,12:30,2,0.2
H20,Minowa,Hibiya,weekday,13:00,2,0.2
H20,Minowa,Hibiya,weekday,13:30,2,0.2
H20,Minowa,Hibiya,weekday,14:00,2,0.2
H20,Minowa,Hibiya,weekday,14:30,2,0.2
H20,Minowa,Hibiya,weekday,15:00,2,0.2
H20,Minowa,Hibiya,weekday,15:30,2,0.2
H20,Minowa,Hibiya,weekday,16:00,2,0.2
H20,Minowa,Hibiya,weekday,16:30,3,0.4
H20,Minowa,Hibiya,weekday,17:00,3,0.4
H20,Minowa,Hibiya,weekday,17:30,3,0.4
H20,Minowa,Hibiya,weekday,18:00,3,0.4
H20,Minowa,Hibiya,weekday,18:30,4,0.6
H20,Minowa,Hibiya,weekday,19:00,3,0.4
H20,Minowa,Hibiya,weekday,19:30,3,0.4
H20,Minowa,Hibiya,weekday,20:00,3,0.4
H20,Minowa,Hibiya,weekday,20:30,3,0.4
H20,Minowa,Hibiya,weekday,21:00,2,0.2
H20,Minowa,Hibiya,weekday,21:30,2,0.2
H20,Minowa,Hibiya,weekday,22:00,2,0.2
H20,Minowa,Hibiya,weekday,22:30,2,0.2
H20,Minowa,Hibiya,weekday,23:00,2,0.2
H20,Minowa,Hibiya,weekday,23:30,2,0.2
H20,Minowa,Hibiya,weekday,24:00:00,2,0.2
H21,Minamisenju,Hibiya,holiday,05:00,1,0.0
H21,Minamisenju,Hibiya,holiday,05:30,2,0.2
H21,Minamisenju,Hibiya,holiday,06:00,2,0.2
H21,Minamisenju,Hibiya,holiday,06:30,2,0.2
H21,Minamisenju,Hibiya,holiday,07:00,2,0.2
H21,Minamisenju,Hibiya,holiday,07:30,2,0.2
H21,Minamisenju,Hibiya,holiday,08:00,2,0.2
H21,Minamisenju,Hibiya,holiday,08:30,2,0.2
H21,Minamisenju,Hibiya,holiday,09:00,2,0.2
H21,Minamisenju,Hibiya,holiday,09:30,2,0.2
H21,Minamisenju,Hibiya,holiday,10:00,2,0.2
H21,Minamisenju,Hibiya,holiday,10:30,3,0.4
H21,Minamisenju,Hibiya,holiday,11:00,2,0.2
H21,Minamisenju,Hibiya,holiday,11:30,2,0.2
H21,Minamisenju,Hibiya,holiday,12:00,2,0.2
H21,Minamisenju,Hibiya,holiday,12:30,2,0.2
H21,Minamisenju,Hibiya,holiday,13:00,2,0.2
H21,Minamisenju,Hibiya,holiday,13:30,2,0.2
H21,Minamisenju,Hibiya,holiday,14:00,2,0.2
H21,Minamisenju,Hibiya,holiday,14:30,2,0.2
H21,Minamisenju,Hibiya,holiday,15:00,2,0.2
H21,Minamisenju,Hibiya,holiday,15:30,2,0.2
H21,Minamisenju,Hibiya,holiday,16:00,2,0.2
H21,Minamisenju,Hibiya,holiday,16:30,2,0.2
H21,Minamisenju,Hibiya,holiday,17:00,2,0.2
H21,Minamisenju,Hibiya,holiday,17:30,2,0.2
H21,Minamisenju,Hibiya,holiday,18:00,2,0.2
H21,Minamisenju,Hibiya,holiday,18:30,2,0.2
H21,Minamisenju,Hibiya,holiday,19:00,2,0.2
H21,Minamisenju,Hibiya,holiday,19:30,2,0.2
H21,Minamisenju,Hibiya,holiday,20:00,2,0.2
H21,Minamisenju,Hibiya,holiday,20:30,2,0.2
H21,Minamisenju,Hibiya,holiday,21:00,2,0.2
H21,Minamisenju,Hibiya,holiday,21:30,2,0.2
H21,Minamisenju,Hibiya,holiday,22:00,2,0.2
H21,Minamisenju,Hibiya,holiday,22:30,2,0.2
H21,Minamisenju,Hibiya,holiday,23:00,2,0.2
H21,Minamisenju,Hibiya,holiday,23:30,2,0.2
H21,Minamisenju,Hibiya,holiday,24:00:00,2,0.2
H21,Minamisenju,Hibiya,weekday,05:00,2,0.2
H21,Minamisenju,Hibiya,weekday,05:30,2,0.2
H21,Minamisenju,Hibiya,weekday,06:00,2,0.2
H21,Minamisenju,Hibiya,weekday,06:30,2,0.2
H21,Minamisenju,Hibiya,weekday,07:00,3,0.4
H21,Minamisenju,Hibiya,weekday,07:30,5,0.8
H21,Minamisenju,Hibiya,weekday,08:00,5,0.8
H21,Minamisenju,Hibiya,weekday,08:30,3,0.4
H21,Minamisenju,Hibiya,weekday,09:00,3,0.4
H21,Minamisenju,Hibiya,weekday,09:30,3,0.4
H21,Minamisenju,Hibiya,weekday,10:00,2,0.2
H21,Minamisenju,Hibiya,weekday,10:30,2,0.2
H21,Minamisenju,Hibiya,weekday,11:00,2,0.2
H21,Minamisenju,Hibiya,weekday,11:30,2,0.2
H21,Minamisenju,Hibiya,weekday,12:00,2,0.2
H21,Minamisenju,Hibiya,weekday,12:30,2,0.2
H21,Minamisenju,Hibiya,weekday,13:00,2,0.2
H21,Minamisenju,Hibiya,weekday,13:30,2,0.2
H21,Minamisenju,Hibiya,weekday,14:00,2,0.2
H21,Minamisenju,Hibiya,weekday,14:30,2,0.2
H21,Minamisenju,Hibiya,weekday,15:00,2,0.2
H21,Minamisenju,Hibiya,weekday,15:30,2,0.2
H21,Minamisenju,Hibiya,weekday,16:00,2,0.2
H21,Minamisenju,Hibiya,weekday,16:30,2,0.2
H21,Minamisenju,Hibiya,weekday,17:00,2,0.2
H21,Minamisenju,Hibiya,weekday,17:30,3,0.4
H21,Minamisenju,Hibiya,weekday,18:00,3,0.4
H21,Minamisenju,Hibiya,weekday,18:30,3,0.4
H21,Minamisenju,Hibiya,weekday,19:00,3,0.4
H21,Minamisenju,Hibiya,weekday,19:30,3,0.4
H21,Minamisenju,Hibiya,weekday,20:00,3,0.4
H21,Minamisenju,Hibiya,weekday,20:30,3,0.4
H21,Minamisenju,Hibiya,weekday,21:00,2,0.2
H21,Minamisenju,Hibiya,weekday,21:30,2,0.2
H21,Minamisenju,Hibiya,weekday,22:00,2,0.2
H21,Minamisenju,Hibiya,weekday,22:30,2,0.2
H21,Minamisenju,Hibiya,weekday,23:00,2,0.2
H21,Minamisenju,Hibiya,weekday,23:30,2,0.2
H21,Minamisenju,Hibiya,weekday,24:00:00,1,0.0
H22,Kitasenju,Hibiya,holiday,05:00,1,0.0
H22,Kitasenju,Hibiya,holiday,05:30,2,0.2
H22,Kitasenju,Hibiya,holiday,06:00,2,0.2
H22,Kitasenju,Hibiya,holiday,06:30,2,0.2
H22,Kitasenju,Hibiya,holiday,07:00,2,0.2
H22,Kitasenju,Hibiya,holiday,07:30,2,0.2
H22,Kitasenju,Hibiya,holiday,08:00,2,0.2
H22,Kitasenju,Hibiya,holiday,08:30,2,0.2
H22,Kitasenju,Hibiya,holiday,09:00,2,0.2
H22,Kitasenju,Hibiya,holiday,09:30,2,0.2
H22,Kitasenju,Hibiya,holiday,10:00,2,0.2
H22,Kitasenju,Hibiya,holiday,10:30,2,0.2
H22,Kitasenju,Hibiya,holiday,11:00,2,0.2
H22,Kitasenju,Hibiya,holiday,11:30,2,0.2
H22,Kitasenju,Hibiya,holiday,12:00,2,0.2
H22,Kitasenju,Hibiya,holiday,12:30,2,0.2
H22,Kitasenju,Hibiya,holiday,13:00,2,0.2
H22,Kitasenju,Hibiya,holiday,13:30,2,0.2
H22,Kitasenju,Hibiya,holiday,14:00,2,0.2
H22,Kitasenju,Hibiya,holiday,14:30,2,0.2
H22,Kitasenju,Hibiya,holiday,15:00,2,0.2
H22,Kitasenju,Hibiya,holiday,15:30,2,0.2
H22,Kitasenju,Hibiya,holiday,16:00,2,0.2
H22,Kitasenju,Hibiya,holiday,16:30,2,0.2
H22,Kitasenju,Hibiya,holiday,17:00,2,0.2
H22,Kitasenju,Hibiya,holiday,17:30,1,0.0
H22,Kitasenju,Hibiya,holiday,18:00,1,0.0
H22,Kitasenju,Hibiya,holiday,18:30,1,0.0
H22,Kitasenju,Hibiya,holiday,19:00,1,0.0
H22,Kitasenju,Hibiya,holiday,19:30,1,0.0
H22,Kitasenju,Hibiya,holiday,20:00,1,0.0
H22,Kitasenju,Hibiya,holiday,20:30,1,0.0
H22,Kitasenju,Hibiya,holiday,21:00,1,0.0
H22,Kitasenju,Hibiya,holiday,21:30,1,0.0
H22,Kitasenju,Hibiya,holiday,22:00,1,0.0
H22,Kitasenju,Hibiya,holiday,22:30,1,0.0
H22,Kitasenju,Hibiya,holiday,23:00,1,0.0
H22,Kitasenju,Hibiya,holiday,23:30,1,0.0
H22,Kitasenju,Hibiya,holiday,24:00:00,1,0.0
H22,Kitasenju,Hibiya,weekday,05:00,2,0.2
H22,Kitasenju,Hibiya,weekday,05:30,2,0.2
H22,Kitasenju,Hibiya,weekday,06:00,2,0.2
H22,Kitasenju,Hibiya,weekday,06:30,2,0.2
H22,Kitasenju,Hibiya,weekday,07:00,4,0.6
H22,Kitasenju,Hibiya,weekday,07:30,5,0.8
H22,Kitasenju,Hibiya,weekday,08:00,5,0.8
H22,Kitasenju,Hibiya,weekday,08:30,3,0.4
H22,Kitasenju,Hibiya,weekday,09:00,3,0.4
H22,Kitasenju,Hibiya,weekday,09:30,2,0.2
H22,Kitasenju,Hibiya,weekday,10:00,2,0.2
H22,Kitasenju,Hibiya,weekday,10:30,2,0.2
H22,Kitasenju,Hibiya,weekday,11:00,2,0.2
H22,Kitasenju,Hibiya,weekday,11:30,2,0.2
H22,Kitasenju,Hibiya,weekday,12:00,2,0.2
H22,Kitasenju,Hibiya,weekday,12:30,2,0.2
H22,Kitasenju,Hibiya,weekday,13:00,2,0.2
H22,Kitasenju,Hibiya,weekday,13:30,1,0.0
H22,Kitasenju,Hibiya,weekday,14:00,1,0.0
H22,Kitasenju,Hibiya,weekday,14:30,1,0.0
H22,Kitasenju,Hibiya,weekday,15:00,1,0.0
H22,Kitasenju,Hibiya,weekday,15:30,1,0.0
H22,Kitasenju,Hibiya,weekday,16:00,1,0.0
H22,Kitasenju,Hibiya,weekday,16:30,1,0.0
H22,Kitasenju,Hibiya,weekday,17:00,1,0.0
H22,Kitasenju,Hibiya,weekday,17:30,1,0.0
H22,Kitasenju,Hibiya,weekday,18:00,1,0.0
H22,Kitasenju,Hibiya,weekday,18:30,1,0.0
H22,Kitasenju,Hibiya,weekday,19:00,1,0.0
H22,Kitasenju,Hibiya,weekday,19:30,1,0.0
H22,Kitasenju,Hibiya,weekday,20:00,1,0.0
H22,Kitasenju,Hibiya,weekday,20:30,1,0.0
H22,Kitasenju,Hibiya,weekday,21:00,1,0.0
H22,Kitasenju,Hibiya,weekday,21:30,1,0.0
H22,Kitasenju,Hibiya,weekday,22:00,1,0.0
H22,Kitasenju,Hibiya,weekday,22:30,1,0.0
H22,Kitasenju,Hibiya,weekday,23:00,1,0.0
H22,Kitasenju,Hibiya,weekday,23:30,1,0.0
T01,Nakano,Tozai,holiday,05:00,1,0.0
T01,Nakano,Tozai,holiday,05:30,1,0.0
T01,Nakano,Tozai,holiday,06:00,1,0.0
T01,Nakano,Tozai,holiday,06:30,1,0.0
T01,Nakano,Tozai,holiday,07:00,1,0.0
T01,Nakano,Tozai,holiday,07:30,1,0.0
T01,Nakano,Tozai,holiday,08:00,1,0.0
T01,Nakano,Tozai,holiday,08:30,1,0.0
T01,Nakano,Tozai,holiday,09:00,1,0.0
T01,Nakano,Tozai,holiday,09:30,2,0.2
T01,Nakano,Tozai,holiday,10:00,2,0.2
T01,Nakano,Tozai,holiday,10:30,2,0.2
T01,Nakano,Tozai,holiday,11:00,1,0.0
T01,Nakano,Tozai,holiday,11:30,1,0.0
T01,Nakano,Tozai,holiday,12:00,2,0.2
T01,Nakano,Tozai,holiday,12:30,2,0.2
T01,Nakano,Tozai,holiday,13:00,1,0.0
T01,Nakano,Tozai,holiday,13:30,1,0.0
T01,Nakano,Tozai,holiday,14:00,1,0.0
T01,Nakano,Tozai,holiday,14:30,1,0.0
T01,Nakano,Tozai,holiday,15:00,1,0.0
T01,Nakano,Tozai,holiday,15:30,1,0.0
T01,Nakano,Tozai,holiday,16:00,1,0.0
T01,Nakano,Tozai,holiday,16:30,1,0.0
T01,Nakano,Tozai,holiday,17:00,1,0.0
T01,Nakano,Tozai,holiday,17:30,1,0.0
T01,Nakano,Tozai,holiday,18:00,1,0.0
T01,Nakano,Tozai,holiday,18:30,1,0.0
T01,Nakano,Tozai,holiday,19:00,1,0.0
T01,Nakano,Tozai,holiday,19:30,1,0.0
T01,Nakano,Tozai,holiday,20:00,1,0.0
T01,Nakano,Tozai,holiday,20:30,1,0.0
T01,Nakano,Tozai,holiday,21:00,1,0.0
T01,Nakano,Tozai,holiday,21:30,1,0.0
T01,Nakano,Tozai,holiday,22:00,1,0.0
T01,Nakano,Tozai,holiday,22:30,1,0.0
T01,Nakano,Tozai,holiday,23:00,1,0.0
T01,Nakano,Tozai,holiday,23:30,1,0.0
T01,Nakano,Tozai,weekday,05:00,1,0.0
T01,Nakano,Tozai,weekday,05:30,1,0.0
T01,Nakano,Tozai,weekday,06:00,2,0.2
T01,Nakano,Tozai,weekday,06:30,2,0.2
T01,Nakano,Tozai,weekday,07:00,2,0.2
T01,Nakano,Tozai,weekday,07:30,2,0.2
T01,Nakano,Tozai,weekday,08:00,2,0.2
T01,Nakano,Tozai,weekday,08:30,2,0.2
T01,Nakano,Tozai,weekday,09:00,2,0.2
T01,Nakano,Tozai,weekday,09:30,2,0.2
T01,Nakano,Tozai,weekday,10:00,2,0.2
T01,Nakano,Tozai,weekday,10:30,2,0.2
T01,Nakano,Tozai,weekday,11:00,2,0.2
T01,Nakano,Tozai,weekday,11:30,1,0.0
T01,Nakano,Tozai,weekday,12:00,2,0.2
T01,Nakano,Tozai,weekday,12:30,2,0.2
T01,Nakano,Tozai,weekday,13:00,1,0.0
T01,Nakano,Tozai,weekday,13:30,1,0.0
T01,Nakano,Tozai,weekday,14:00,1,0.0
T01,Nakano,Tozai,weekday,14:30,2,0.2
T01,Nakano,Tozai,weekday,15:00,1,0.0
T01,Nakano,Tozai,weekday,15:30,1,0.0
T01,Nakano,Tozai,weekday,16:00,2,0.2
T01,Nakano,Tozai,weekday,16:30,1,0.0
T01,Nakano,Tozai,weekday,17:00,2,0.2
T01,Nakano,Tozai,weekday,17:30,1,0.0
T01,Nakano,Tozai,weekday,18:00,1,0.0
T01,Nakano,Tozai,weekday,18:30,2,0.2
T01,Nakano,Tozai,weekday,19:00,1,0.0
T01,Nakano,Tozai,weekday,19:30,1,0.0
T01,Nakano,Tozai,weekday,20:00,1,0.0
T01,Nakano,Tozai,weekday,20:30,1,0.0
T01,Nakano,Tozai,weekday,21:00,1,0.0
T01,Nakano,Tozai,weekday,21:30,1,0.0
T01,Nakano,Tozai,weekday,22:00,1,0.0
T01,Nakano,Tozai,weekday,22:30,1,0.0
T01,Nakano,Tozai,weekday,23:00,1,0.0
T01,Nakano,Tozai,weekday,23:30,1,0.0
T02,Ochiai,Tozai,holiday,05:00,1,0.0
T02,Ochiai,Tozai,holiday,05:30,1,0.0
T02,Ochiai,Tozai,holiday,06:00,2,0.2
T02,Ochiai,Tozai,holiday,06:30,2,0.2
T02,Ochiai,Tozai,holiday,07:00,1,0.0
T02,Ochiai,Tozai,holiday,07:30,2,0.2
T02,Ochiai,Tozai,holiday,08:00,2,0.2
T02,Ochiai,Tozai,holiday,08:30,1,0.0
T02,Ochiai,Tozai,holiday,09:00,2,0.2
T02,Ochiai,Tozai,holiday,09:30,2,0.2
T02,Ochiai,Tozai,holiday,10:00,2,0.2
T02,Ochiai,Tozai,holiday,10:30,2,0.2
T02,Ochiai,Tozai,holiday,11:00,2,0.2
T02,Ochiai,Tozai,holiday,11:30,2,0.2
T02,Ochiai,Tozai,holiday,12:00,2,0.2
T02,Ochiai,Tozai,holiday,12:30,2,0.2
T02,Ochiai,Tozai,holiday,13:00,2,0.2
T02,Ochiai,Tozai,holiday,13:30,2,0.2
T02,Ochiai,Tozai,holiday,14:00,2,0.2
T02,Ochiai,Tozai,holiday,14:30,1,0.0
T02,Ochiai,Tozai,holiday,15:00,1,0.0
T02,Ochiai,Tozai,holiday,15:30,1,0.0
T02,Ochiai,Tozai,holiday,16:00,2,0.2
T02,Ochiai,Tozai,holiday,16:30,2,0.2
T02,Ochiai,Tozai,holiday,17:00,2,0.2
T02,Ochiai,Tozai,holiday,17:30,2,0.2
T02,Ochiai,Tozai,holiday,18:00,2,0.2
T02,Ochiai,Tozai,holiday,18:30,2,0.2
T02,Ochiai,Tozai,holiday,19:00,1,0.0
T02,Ochiai,Tozai,holiday,19:30,1,0.0
T02,Ochiai,Tozai,holiday,20:00,2,0.2
T02,Ochiai,Tozai,holiday,20:30,1,0.0
T02,Ochiai,Tozai,holiday,21:00,2,0.2
T02,Ochiai,Tozai,holiday,21:30,1,0.0
T02,Ochiai,Tozai,holiday,22:00,1,0.0
T02,Ochiai,Tozai,holiday,22:30,2,0.2
T02,Ochiai,Tozai,holiday,23:00,1,0.0
T02,Ochiai,Tozai,holiday,23:30,2,0.2
T02,Ochiai,Tozai,holiday,24:00:00,2,0.2
T02,Ochiai,Tozai,holiday,24:30:00,2,0.2
T02,Ochiai,Tozai,weekday,05:00,2,0.2
T02,Ochiai,Tozai,weekday,05:30,1,0.0
T02,Ochiai,Tozai,weekday,06:00,2,0.2
T02,Ochiai,Tozai,weekday,06:30,2,0.2
T02,Ochiai,Tozai,weekday,07:00,2,0.2
T02,Ochiai,Tozai,weekday,07:30,2,0.2
T02,Ochiai,Tozai,weekday,08:00,2,0.2
T02,Ochiai,Tozai,weekday,08:30,2,0.2
T02,Ochiai,Tozai,weekday,09:00,2,0.2
T02,Ochiai,Tozai,weekday,09:30,2,0.2
T02,Ochiai,Tozai,weekday,10:00,2,0.2
T02,Ochiai,Tozai,weekday,10:30,2,0.2
T02,Ochiai,Tozai,weekday,11:00,2,0.2
T02,Ochiai,Tozai,weekday,11:30,2,0.2
T02,Ochiai,Tozai,weekday,12:00,2,0.2
T02,Ochiai,Tozai,weekday,12:30,2,0.2
T02,Ochiai,Tozai,weekday,13:00,2,0.2
T02,Ochiai,Tozai,weekday,13:30,1,0.0
T02,Ochiai,Tozai,weekday,14:00,2,0.2
T02,Ochiai,Tozai,weekday,14:30,2,0.2
T02,Ochiai,Tozai,weekday,15:00,2,0.2
T02,Ochiai,Tozai,weekday,15:30,2,0.2
T02,Ochiai,Tozai,weekday,16:00,2,0.2
T02,Ochiai,Tozai,weekday,16:30,2,0.2
T02,Ochiai,Tozai,weekday,17:00,2,0.2
T02,Ochiai,Tozai,weekday,17:30,2,0.2
T02,Ochiai,Tozai,weekday,18:00,2,0.2
T02,Ochiai,Tozai,weekday,18:30,2,0.2
T02,Ochiai,Tozai,weekday,19:00,2,0.2
T02,Ochiai,Tozai,weekday,19:30,2,0.2
T02,Ochiai,Tozai,weekday,20:00,2,0.2
T02,Ochiai,Tozai,weekday,20:30,2,0.2
T02,Ochiai,Tozai,weekday,21:00,2,0.2
T02,Ochiai,Tozai,weekday,21:30,2,0.2
T02,Ochiai,Tozai,weekday,22:00,2,0.2
T02,Ochiai,Tozai,weekday,22:30,2,0.2
T02,Ochiai,Tozai,weekday,23:00,2,0.2
T02,Ochiai,Tozai,weekday,23:30,2,0.2
T02,Ochiai,Tozai,weekday,24:00:00,2,0.2
T02,Ochiai,Tozai,weekday,24:30:00,2,0.2
T03,Takadanobaba,Tozai,holiday,05:00,1,0.0
T03,Takadanobaba,Tozai,holiday,05:30,1,0.0
T03,Takadanobaba,Tozai,holiday,06:00,1,0.0
T03,Takadanobaba,Tozai,holiday,06:30,2,0.2
T03,Takadanobaba,Tozai,holiday,07:00,2,0.2
T03,Takadanobaba,Tozai,holiday,07:30,2,0.2
T03,Takadanobaba,Tozai,holiday,08:00,2,0.2
T03,Takadanobaba,Tozai,holiday,08:30,2,0.2
T03,Takadanobaba,Tozai,holiday,09:00,2,0.2
T03,Takadanobaba,Tozai,holiday,09:30,2,0.2
T03,Takadanobaba,Tozai,holiday,10:00,2,0.2
T03,Takadanobaba,Tozai,holiday,10:30,2,0.2
T03,Takadanobaba,Tozai,holiday,11:00,2,0.2
T03,Takadanobaba,Tozai,holiday,11:30,2,0.2
T03,Takadanobaba,Tozai,holiday,12:00,2,0.2
T03,Takadanobaba,Tozai,holiday,12:30,2,0.2
T03,Takadanobaba,Tozai,holiday,13:00,2,0.2
T03,Takadanobaba,Tozai,holiday,13:30,2,0.2
T03,Takadanobaba,Tozai,holiday,14:00,2,0.2
T03,Takadanobaba,Tozai,holiday,14:30,2,0.2
T03,Takadanobaba,Tozai,holiday,15:00,2,0.2
T03,Takadanobaba,Tozai,holiday,15:30,2,0.2
T03,Takadanobaba,Tozai,holiday,16:00,2,0.2
T03,Takadanobaba,Tozai,holiday,16:30,2,0.2
T03,Takadanobaba,Tozai,holiday,17:00,2,0.2
T03,Takadanobaba,Tozai,holiday,17:30,2,0.2
T03,Takadanobaba,Tozai,holiday,18:00,2,0.2
T03,Takadanobaba,Tozai,holiday,18:30,2,0.2
T03,Takadanobaba,Tozai,holiday,19:00,2,0.2
T03,Takadanobaba,Tozai,holiday,19:30,2,0.2
T03,Takadanobaba,Tozai,holiday,20:00,2,0.2
T03,Takadanobaba,Tozai,holiday,20:30,2,0.2
T03,Takadanobaba,Tozai,holiday,21:00,2,0.2
T03,Takadanobaba,Tozai,holiday,21:30,2,0.2
T03,Takadanobaba,Tozai,holiday,22:00,2,0.2
T03,Takadanobaba,Tozai,holiday,22:30,2,0.2
T03,Takadanobaba,Tozai,holiday,23:00,2,0.2
T03,Takadanobaba,Tozai,holiday,23:30,2,0.2
T03,Takadanobaba,Tozai,holiday,24:00:00,1,0.0
T03,Takadanobaba,Tozai,weekday,05:00,2,0.2
T03,Takadanobaba,Tozai,weekday,05:30,2,0.2
T03,Takadanobaba,Tozai,weekday,06:00,2,0.2
T03,Takadanobaba,Tozai,weekday,06:30,2,0.2
T03,Takadanobaba,Tozai,weekday,07:00,2,0.2
T03,Takadanobaba,Tozai,weekday,07:30,3,0.4
T03,Takadanobaba,Tozai,weekday,08:00,4,0.6
T03,Takadanobaba,Tozai,weekday,08:30,3,0.4
T03,Takadanobaba,Tozai,weekday,09:00,2,0.2
T03,Takadanobaba,Tozai,weekday,09:30,2,0.2
T03,Takadanobaba,Tozai,weekday,10:00,2,0.2
T03,Takadanobaba,Tozai,weekday,10:30,2,0.2
T03,Takadanobaba,Tozai,weekday,11:00,2,0.2
T03,Takadanobaba,Tozai,weekday,11:30,2,0.2
T03,Takadanobaba,Tozai,weekday,12:00,2,0.2
T03,Takadanobaba,Tozai,weekday,12:30,2,0.2
T03,Takadanobaba,Tozai,weekday,13:00,2,0.2
T03,Takadanobaba,Tozai,weekday,13:30,2,0.2
T03,Takadanobaba,Tozai,weekday,14:00,2,0.2
T03,Takadanobaba,Tozai,weekday,14:30,2,0.2
T03,Takadanobaba,Tozai,weekday,15:00,2,0.2
T03,Takadanobaba,Tozai,weekday,15:30,2,0.2
T03,Takadanobaba,Tozai,weekday,16:00,2,0.2
T03,Takadanobaba,Tozai,weekday,16:30,2,0.2
T03,Takadanobaba,Tozai,weekday,17:00,2,0.2
T03,Takadanobaba,Tozai,weekday,17:30,2,0.2
T03,Takadanobaba,Tozai,weekday,18:00,2,0.2
T03,Takadanobaba,Tozai,weekday,18:30,2,0.2
T03,Takadanobaba,Tozai,weekday,19:00,2,0.2
T03,Takadanobaba,Tozai,weekday,19:30,2,0.2
T03,Takadanobaba,Tozai,weekday,20:00,2,0.2
T03,Takadanobaba,Tozai,weekday,20:30,2,0.2
T03,Takadanobaba,Tozai,weekday,21:00,2,0.2
T03,Takadanobaba,Tozai,weekday,21:30,2,0.2
T03,Takadanobaba,Tozai,weekday,22:00,2,0.2
T03,Takadanobaba,Tozai,weekday,22:30,2,0.2
T03,Takadanobaba,Tozai,weekday,23:00,2,0.2
T03,Takadanobaba,Tozai,weekday,23:30,2,0.2
T03,Takadanobaba,Tozai,weekday,24:00:00,1,0.0
T04,Waseda,Tozai,holiday,05:00,1,0.0
T04,Waseda,Tozai,holiday,05:30,2,0.2
T04,Waseda,Tozai,holiday,06:00,2,0.2
T04,Waseda,Tozai,holiday,06:30,2,0.2
T04,Waseda,Tozai,holiday,07:00,2,0.2
T04,Waseda,Tozai,holiday,07:30,2,0.2
T04,Waseda,Tozai,holiday,08:00,2,0.2
T04,Waseda,Tozai,holiday,08:30,2,0.2
T04,Waseda,Tozai,holiday,09:00,2,0.2
T04,Waseda,Tozai,holiday,09:30,2,0.2
T04,Waseda,Tozai,holiday,10:00,2,0.2
T04,Waseda,Tozai,holiday,10:30,2,0.2
T04,Waseda,Tozai,holiday,11:00,2,0.2
T04,Waseda,Tozai,holiday,11:30,2,0.2
T04,Waseda,Tozai,holiday,12:00,2,0.2
T04,Waseda,Tozai,holiday,12:30,2,0.2
T04,Waseda,Tozai,holiday,13:00,2,0.2
T04,Waseda,Tozai,holiday,13:30,2,0.2
T04,Waseda,Tozai,holiday,14:00,2,0.2
T04,Waseda,Tozai,holiday,14:30,2,0.2
T04,Waseda,Tozai,holiday,15:00,2,0.2
T04,Waseda,Tozai,holiday,15:30,2,0.2
T04,Waseda,Tozai,holiday,16:00,2,0.2
T04,Waseda,Tozai,holiday,16:30,2,0.2
T04,Waseda,Tozai,holiday,17:00,2,0.2
T04,Waseda,Tozai,holiday,17:30,2,0.2
T04,Waseda,Tozai,holiday,18:00,2,0.2
T04,Waseda,Tozai,holiday,18:30,2,0.2
T04,Waseda,Tozai,holiday,19:00,2,0.2
T04,Waseda,Tozai,holiday,19:30,2,0.2
T04,Waseda,Tozai,holiday,20:00,2,0.2
T04,Waseda,Tozai,holiday,20:30,2,0.2
T04,Waseda,Tozai,holiday,21:00,2,0.2
T04,Waseda,Tozai,holiday,21:30,2,0.2
T04,Waseda,Tozai,holiday,22:00,2,0.2
T04,Waseda,Tozai,holiday,22:30,2,0.2
T04,Waseda,Tozai,holiday,23:00,2,0.2
T04,Waseda,Tozai,holiday,23:30,2,0.2
T04,Waseda,Tozai,holiday,24:00:00,2,0.2
T04,Waseda,Tozai,weekday,05:00,2,0.2
T04,Waseda,Tozai,weekday,05:30,2,0.2
T04,Waseda,Tozai,weekday,06:00,2,0.2
T04,Waseda,Tozai,weekday,06:30,2,0.2
T04,Waseda,Tozai,weekday,07:00,2,0.2
T04,Waseda,Tozai,weekday,07:30,3,0.4
T04,Waseda,Tozai,weekday,08:00,3,0.4
T04,Waseda,Tozai,weekday,08:30,2,0.2
T04,Waseda,Tozai,weekday,09:00,2,0.2
T04,Waseda,Tozai,weekday,09:30,2,0.2
T04,Waseda,Tozai,weekday,10:00,2,0.2
T04,Waseda,Tozai,weekday,10:30,2,0.2
T04,Waseda,Tozai,weekday,11:00,2,0.2
T04,Waseda,Tozai,weekday,11:30,2,0.2
T04,Waseda,Tozai,weekday,12:00,2,0.2
T04,Waseda,Tozai,weekday,12:30,2,0.2
T04,Waseda,Tozai,weekday,13:00,2,0.2
T04,Waseda,Tozai,weekday,13:30,2,0.2
T04,Waseda,Tozai,weekday,14:00,2,0.2
T04,Waseda,Tozai,weekday,14:30,2,0.2
T04,Waseda,Tozai,weekday,15:00,2,0.2
T04,Waseda,Tozai,weekday,15:30,2,0.2
T04,Waseda,Tozai,weekday,16:00,2,0.2
T04,Waseda,Tozai,weekday,16:30,2,0.2
T04,Waseda,Tozai,weekday,17:00,2,0.2
T04,Waseda,Tozai,weekday,17:30,2,0.2
T04,Waseda,Tozai,weekday,18:00,2,0.2
T04,Waseda,Tozai,weekday,18:30,2,0.2
T04,Waseda,Tozai,weekday,19:00,2,0.2
T04,Waseda,Tozai,weekday,19:30,2,0.2
T04,Waseda,Tozai,weekday,20:00,2,0.2
T04,Waseda,Tozai,weekday,20:30,2,0.2
T04,Waseda,Tozai,weekday,21:00,2,0.2
T04,Waseda,Tozai,weekday,21:30,2,0.2
T04,Waseda,Tozai,weekday,22:00,2,0.2
T04,Waseda,Tozai,weekday,22:30,2,0.2
T04,Waseda,Tozai,weekday,23:00,2,0.2
T04,Waseda,Tozai,weekday,23:30,2,0.2
T04,Waseda,Tozai,weekday,24:00:00,2,0.2
T05,Kagurazaka,Tozai,holiday,05:00,1,0.0
T05,Kagurazaka,Tozai,holiday,05:30,2,0.2
T05,Kagurazaka,Tozai,holiday,06:00,2,0.2
T05,Kagurazaka,Tozai,holiday,06:30,2,0.2
T05,Kagurazaka,Tozai,holiday,07:00,2,0.2
T05,Kagurazaka,Tozai,holiday,07:30,2,0.2
T05,Kagurazaka,Tozai,holiday,08:00,2,0.2
T05,Kagurazaka,Tozai,holiday,08:30,2,0.2
T05,Kagurazaka,Tozai,holiday,09:00,2,0.2
T05,Kagurazaka,Tozai,holiday,09:30,2,0.2
T05,Kagurazaka,Tozai,holiday,10:00,2,0.2
T05,Kagurazaka,Tozai,holiday,10:30,2,0.2
T05,Kagurazaka,Tozai,holiday,11:00,2,0.2
T05,Kagurazaka,Tozai,holiday,11:30,2,0.2
T05,Kagurazaka,Tozai,holiday,12:00,2,0.2
T05,Kagurazaka,Tozai,holiday,12:30,2,0.2
T05,Kagurazaka,Tozai,holiday,13:00,2,0.2
T05,Kagurazaka,Tozai,holiday,13:30,2,0.2
T05,Kagurazaka,Tozai,holiday,14:00,2,0.2
T05,Kagurazaka,Tozai,holiday,14:30,2,0.2
T05,Kagurazaka,Tozai,holiday,15:00,2,0.2
T05,Kagurazaka,Tozai,holiday,15:30,2,0.2
T05,Kagurazaka,Tozai,holiday,16:00,2,0.2
T05,Kagurazaka,Tozai,holiday,16:30,2,0.2
T05,Kagurazaka,Tozai,holiday,17:00,2,0.2
T05,Kagurazaka,Tozai,holiday,17:30,2,0.2
T05,Kagurazaka,Tozai,holiday,18:00,2,0.2
T05,Kagurazaka,Tozai,holiday,18:30,2,0.2
T05,Kagurazaka,Tozai,holiday,19:00,2,0.2
T05,Kagurazaka,Tozai,holiday,19:30,2,0.2
T05,Kagurazaka,Tozai,holiday,20:00,2,0.2
T05,Kagurazaka,Tozai,holiday,20:30,2,0.2
T05,Kagurazaka,Tozai,holiday,21:00,2,0.2
T05,Kagurazaka,Tozai,holiday,21:30,2,0.2
T05,Kagurazaka,Tozai,holiday,22:00,2,0.2
T05,Kagurazaka,Tozai,holiday,22:30,2,0.2
T05,Kagurazaka,Tozai,holiday,23:00,2,0.2
T05,Kagurazaka,Tozai,holiday,23:30,2,0.2
T05,Kagurazaka,Tozai,holiday,24:00:00,2,0.2
T05,Kagurazaka,Tozai,weekday,05:00,2,0.2
T05,Kagurazaka,Tozai,weekday,05:30,2,0.2
T05,Kagurazaka,Tozai,weekday,06:00,2,0.2
T05,Kagurazaka,Tozai,weekday,06:30,2,0.2
T05,Kagurazaka,Tozai,weekday,07:00,2,0.2
T05,Kagurazaka,Tozai,weekday,07:30,3,0.4
T05,Kagurazaka,Tozai,weekday,08:00,4,0.6
T05,Kagurazaka,Tozai,weekday,08:30,3,0.4
T05,Kagurazaka,Tozai,weekday,09:00,2,0.2
T05,Kagurazaka,Tozai,weekday,09:30,2,0.2
T05,Kagurazaka,Tozai,weekday,10:00,2,0.2
T05,Kagurazaka,Tozai,weekday,10:30,2,0.2
T05,Kagurazaka,Tozai,weekday,11:00,2,0.2
T05,Kagurazaka,Tozai,weekday,11:30,2,0.2
T05,Kagurazaka,Tozai,weekday,12:00,2,0.2
T05,Kagurazaka,Tozai,weekday,12:30,2,0.2
T05,Kagurazaka,Tozai,weekday,13:00,2,0.2
T05,Kagurazaka,Tozai,weekday,13:30,2,0.2
T05,Kagurazaka,Tozai,weekday,14:00,2,0.2
T05,Kagurazaka,Tozai,weekday,14:30,2,0.2
T05,Kagurazaka,Tozai,weekday,15:00,2,0.2
T05,Kagurazaka,Tozai,weekday,15:30,2,0.2
T05,Kagurazaka,Tozai,weekday,16:00,2,0.2
T05,Kagurazaka,Tozai,weekday,16:30,2,0.2
T05,Kagurazaka,Tozai,weekday,17:00,2,0.2
T05,Kagurazaka,Tozai,weekday,17:30,2,0.2
T05,Kagurazaka,Tozai,weekday,18:00,2,0.2
T05,Kagurazaka,Tozai,weekday,18:30,2,0.2
T05,Kagurazaka,Tozai,weekday,19:00,2,0.2
T05,Kagurazaka,Tozai,weekday,19:30,2,0.2
T05,Kagurazaka,Tozai,weekday,20:00,2,0.2
T05,Kagurazaka,Tozai,weekday,20:30,2,0.2
T05,Kagurazaka,Tozai,weekday,21:00,2,0.2
T05,Kagurazaka,Tozai,weekday,21:30,2,0.2
T05,Kagurazaka,Tozai,weekday,22:00,2,0.2
T05,Kagurazaka,Tozai,weekday,22:30,2,0.2
T05,Kagurazaka,Tozai,weekday,23:00,2,0.2
T05,Kagurazaka,Tozai,weekday,23:30,2,0.2
T05,Kagurazaka,Tozai,weekday,24:00:00,2,0.2
T06,Iidabashi,Tozai,holiday,05:00,1,0.0
T06,Iidabashi,Tozai,holiday,05:30,2,0.2
T06,Iidabashi,Tozai,holiday,06:00,2,0.2
T06,Iidabashi,Tozai,holiday,06:30,2,0.2
T06,Iidabashi,Tozai,holiday,07:00,2,0.2
T06,Iidabashi,Tozai,holiday,07:30,2,0.2
T06,Iidabashi,Tozai,holiday,08:00,2,0.2
T06,Iidabashi,Tozai,holiday,08:30,2,0.2
T06,Iidabashi,Tozai,holiday,09:00,2,0.2
T06,Iidabashi,Tozai,holiday,09:30,2,0.2
T06,Iidabashi,Tozai,holiday,10:00,2,0.2
T06,Iidabashi,Tozai,holiday,10:30,2,0.2
T06,Iidabashi,Tozai,holiday,11:00,2,0.2
T06,Iidabashi,Tozai,holiday,11:30,2,0.2
T06,Iidabashi,Tozai,holiday,12:00,2,0.2
T06,Iidabashi,Tozai,holiday,12:30,2,0.2
T06,Iidabashi,Tozai,holiday,13:00,2,0.2
T06,Iidabashi,Tozai,holiday,13:30,2,0.2
T06,Iidabashi,Tozai,holiday,14:00,2,0.2
T06,Iidabashi,Tozai,holiday,14:30,2,0.2
T06,Iidabashi,Tozai,holiday,15:00,2,0.2
T06,Iidabashi,Tozai,holiday,15:30,2,0.2
T06,Iidabashi,Tozai,holiday,16:00,2,0.2
T06,Iidabashi,Tozai,holiday,16:30,2,0.2
T06,Iidabashi,Tozai,holiday,17:00,2,0.2
T06,Iidabashi,Tozai,holiday,17:30,2,0.2
T06,Iidabashi,Tozai,holiday,18:00,2,0.2
T06,Iidabashi,Tozai,holiday,18:30,2,0.2
T06,Iidabashi,Tozai,holiday,19:00,2,0.2
T06,Iidabashi,Tozai,holiday,19:30,2,0.2
T06,Iidabashi,Tozai,holiday,20:00,2,0.2
T06,Iidabashi,Tozai,holiday,20:30,2,0.2
T06,Iidabashi,Tozai,holiday,21:00,2,0.2
T06,Iidabashi,Tozai,holiday,21:30,2,0.2
T06,Iidabashi,Tozai,holiday,22:00,2,0.2
T06,Iidabashi,Tozai,holiday,22:30,2,0.2
T06,Iidabashi,Tozai,holiday,23:00,2,0.2
T06,Iidabashi,Tozai,holiday,23:30,2,0.2
T06,Iidabashi,Tozai,holiday,24:00:00,2,0.2
T06,Iidabashi,Tozai,weekday,05:00,2,0.2
T06,Iidabashi,Tozai,weekday,05:30,2,0.2
T06,Iidabashi,Tozai,weekday,06:00,2,0.2
T06,Iidabashi,Tozai,weekday,06:30,2,0.2
T06,Iidabashi,Tozai,weekday,07:00,3,0.4
T06,Iidabashi,Tozai,weekday,07:30,3,0.4
T06,Iidabashi,Tozai,weekday,08:00,4,0.6
T06,Iidabashi,Tozai,weekday,08:30,3,0.4
T06,Iidabashi,Tozai,weekday,09:00,2,0.2
T06,Iidabashi,Tozai,weekday,09:30,2,0.2
T06,Iidabashi,Tozai,weekday,10:00,2,0.2
T06,Iidabashi,Tozai,weekday,10:30,2,0.2
T06,Iidabashi,Tozai,weekday,11:00,2,0.2
T06,Iidabashi,Tozai,weekday,11:30,2,0.2
T06,Iidabashi,Tozai,weekday,12:00,2,0.2
T06,Iidabashi,Tozai,weekday,12:30,2,0.2
T06,Iidabashi,Tozai,weekday,13:00,2,0.2
T06,Iidabashi,Tozai,weekday,13:30,2,0.2
T06,Iidabashi,Tozai,weekday,14:00,2,0.2
T06,Iidabashi,Tozai,weekday,14:30,2,0.2
T06,Iidabashi,Tozai,weekday,15:00,2,0.2
T06,Iidabashi,Tozai,weekday,15:30,2,0.2
T06,Iidabashi,Tozai,weekday,16:00,2,0.2
T06,Iidabashi,Tozai,weekday,16:30,2,0.2
T06,Iidabashi,Tozai,weekday,17:00,2,0.2
T06,Iidabashi,Tozai,weekday,17:30,2,0.2
T06,Iidabashi,Tozai,weekday,18:00,2,0.2
T06,Iidabashi,Tozai,weekday,18:30,2,0.2
T06,Iidabashi,Tozai,weekday,19:00,2,0.2
T06,Iidabashi,Tozai,weekday,19:30,2,0.2
T06,Iidabashi,Tozai,weekday,20:00,2,0.2
T06,Iidabashi,Tozai,weekday,20:30,2,0.2
T06,Iidabashi,Tozai,weekday,21:00,2,0.2
T06,Iidabashi,Tozai,weekday,21:30,2,0.2
T06,Iidabashi,Tozai,weekday,22:00,2,0.2
T06,Iidabashi,Tozai,weekday,22:30,2,0.2
T06,Iidabashi,Tozai,weekday,23:00,2,0.2
T06,Iidabashi,Tozai,weekday,23:30,2,0.2
T06,Iidabashi,Tozai,weekday,24:00:00,2,0.2
T07,Kudanshita,Tozai,holiday,05:00,2,0.2
T07,Kudanshita,Tozai,holiday,05:30,2,0.2
T07,Kudanshita,Tozai,holiday,06:00,2,0.2
T07,Kudanshita,Tozai,holiday,06:30,2,0.2
T07,Kudanshita,Tozai,holiday,07:00,2,0.2
T07,Kudanshita,Tozai,holiday,07:30,2,0.2
T07,Kudanshita,Tozai,holiday,08:00,2,0.2
T07,Kudanshita,Tozai,holiday,08:30,2,0.2
T07,Kudanshita,Tozai,holiday,09:00,2,0.2
T07,Kudanshita,Tozai,holiday,09:30,2,0.2
T07,Kudanshita,Tozai,holiday,10:00,2,0.2
T07,Kudanshita,Tozai,holiday,10:30,2,0.2
T07,Kudanshita,Tozai,holiday,11:00,2,0.2
T07,Kudanshita,Tozai,holiday,11:30,2,0.2
T07,Kudanshita,Tozai,holiday,12:00,2,0.2
T07,Kudanshita,Tozai,holiday,12:30,2,0.2
T07,Kudanshita,Tozai,holiday,13:00,2,0.2
T07,Kudanshita,Tozai,holiday,13:30,2,0.2
T07,Kudanshita,Tozai,holiday,14:00,2,0.2
T07,Kudanshita,Tozai,holiday,14:30,2,0.2
T07,Kudanshita,Tozai,holiday,15:00,2,0.2
T07,Kudanshita,Tozai,holiday,15:30,2,0.2
T07,Kudanshita,Tozai,holiday,16:00,2,0.2
T07,Kudanshita,Tozai,holiday,16:30,2,0.2
T07,Kudanshita,Tozai,holiday,17:00,2,0.2
T07,Kudanshita,Tozai,holiday,17:30,2,0.2
T07,Kudanshita,Tozai,holiday,18:00,2,0.2
T07,Kudanshita,Tozai,holiday,18:30,2,0.2
T07,Kudanshita,Tozai,holiday,19:00,2,0.2
T07,Kudanshita,Tozai,holiday,19:30,2,0.2
T07,Kudanshita,Tozai,holiday,20:00,2,0.2
T07,Kudanshita,Tozai,holiday,20:30,2,0.2
T07,Kudanshita,Tozai,holiday,21:00,2,0.2
T07,Kudanshita,Tozai,holiday,21:30,2,0.2
T07,Kudanshita,Tozai,holiday,22:00,2,0.2
T07,Kudanshita,Tozai,holiday,22:30,2,0.2
T07,Kudanshita,Tozai,holiday,23:00,2,0.2
T07,Kudanshita,Tozai,holiday,23:30,2,0.2
T07,Kudanshita,Tozai,holiday,24:00:00,2,0.2
T07,Kudanshita,Tozai,weekday,05:00,2,0.2
T07,Kudanshita,Tozai,weekday,05:30,2,0.2
T07,Kudanshita,Tozai,weekday,06:00,2,0.2
T07,Kudanshita,Tozai,weekday,06:30,2,0.2
T07,Kudanshita,Tozai,weekday,07:00,3,0.4
T07,Kudanshita,Tozai,weekday,07:30,3,0.4
T07,Kudanshita,Tozai,weekday,08:00,4,0.6
T07,Kudanshita,Tozai,weekday,08:30,3,0.4
T07,Kudanshita,Tozai,weekday,09:00,2,0.2
T07,Kudanshita,Tozai,weekday,09:30,2,0.2
T07,Kudanshita,Tozai,weekday,10:00,2,0.2
T07,Kudanshita,Tozai,weekday,10:30,2,0.2
T07,Kudanshita,Tozai,weekday,11:00,2,0.2
T07,Kudanshita,Tozai,weekday,11:30,2,0.2
T07,Kudanshita,Tozai,weekday,12:00,2,0.2
T07,Kudanshita,Tozai,weekday,12:30,2,0.2
T07,Kudanshita,Tozai,weekday,13:00,2,0.2
T07,Kudanshita,Tozai,weekday,13:30,2,0.2
T07,Kudanshita,Tozai,weekday,14:00,2,0.2
T07,Kudanshita,Tozai,weekday,14:30,2,0.2
T07,Kudanshita,Tozai,weekday,15:00,2,0.2
T07,Kudanshita,Tozai,weekday,15:30,2,0.2
T07,Kudanshita,Tozai,weekday,16:00,2,0.2
T07,Kudanshita,Tozai,weekday,16:30,2,0.2
T07,Kudanshita,Tozai,weekday,17:00,2,0.2
T07,Kudanshita,Tozai,weekday,17:30,2,0.2
T07,Kudanshita,Tozai,weekday,18:00,2,0.2
T07,Kudanshita,Tozai,weekday,18:30,3,0.4
T07,Kudanshita,Tozai,weekday,19:00,2,0.2
T07,Kudanshita,Tozai,weekday,19:30,2,0.2
T07,Kudanshita,Tozai,weekday,20:00,2,0.2
T07,Kudanshita,Tozai,weekday,20:30,2,0.2
T07,Kudanshita,Tozai,weekday,21:00,2,0.2
T07,Kudanshita,Tozai,weekday,21:30,2,0.2
T07,Kudanshita,Tozai,weekday,22:00,2,0.2
T07,Kudanshita,Tozai,weekday,22:30,2,0.2
T07,Kudanshita,Tozai,weekday,23:00,2,0.2
T07,Kudanshita,Tozai,weekday,23:30,2,0.2
T07,Kudanshita,Tozai,weekday,24:00:00,2,0.2
T08,Takebashi,Tozai,holiday,05:00,2,0.2
T08,Takebashi,Tozai,holiday,05:30,2,0.2
T08,Takebashi,Tozai,holiday,06:00,2,0.2
T08,Takebashi,Tozai,holiday,06:30,2,0.2
T08,Takebashi,Tozai,holiday,07:00,2,0.2
T08,Takebashi,Tozai,holiday,07:30,2,0.2
T08,Takebashi,Tozai,holiday,08:00,2,0.2
T08,Takebashi,Tozai,holiday,08:30,2,0.2
T08,Takebashi,Tozai,holiday,09:00,2,0.2
T08,Takebashi,Tozai,holiday,09:30,2,0.2
T08,Takebashi,Tozai,holiday,10:00,2,0.2
T08,Takebashi,Tozai,holiday,10:30,2,0.2
T08,Takebashi,Tozai,holiday,11:00,2,0.2
T08,Takebashi,Tozai,holiday,11:30,2,0.2
T08,Takebashi,Tozai,holiday,12:00,2,0.2
T08,Takebashi,Tozai,holiday,12:30,2,0.2
T08,Takebashi,Tozai,holiday,13:00,2,0.2
T08,Takebashi,Tozai,holiday,13:30,2,0.2
T08,Takebashi,Tozai,holiday,14:00,2,0.2
T08,Takebashi,Tozai,holiday,14:30,2,0.2
T08,Takebashi,Tozai,holiday,15:00,2,0.2
T08,Takebashi,Tozai,holiday,15:30,2,0.2
T08,Takebashi,Tozai,holiday,16:00,2,0.2
T08,Takebashi,Tozai,holiday,16:30,2,0.2
T08,Takebashi,Tozai,holiday,17:00,2,0.2
T08,Takebashi,Tozai,holiday,17:30,2,0.2
T08,Takebashi,Tozai,holiday,18:00,2,0.2
T08,Takebashi,Tozai,holiday,18:30,2,0.2
T08,Takebashi,Tozai,holiday,19:00,2,0.2
T08,Takebashi,Tozai,holiday,19:30,2,0.2
T08,Takebashi,Tozai,holiday,20:00,2,0.2
T08,Takebashi,Tozai,holiday,20:30,2,0.2
T08,Takebashi,Tozai,holiday,21:00,2,0.2
T08,Takebashi,Tozai,holiday,21:30,2,0.2
T08,Takebashi,Tozai,holiday,22:00,2,0.2
T08,Takebashi,Tozai,holiday,22:30,2,0.2
T08,Takebashi,Tozai,holiday,23:00,2,0.2
T08,Takebashi,Tozai,holiday,23:30,2,0.2
T08,Takebashi,Tozai,holiday,24:00:00,2,0.2
T08,Takebashi,Tozai,weekday,05:00,2,0.2
T08,Takebashi,Tozai,weekday,05:30,2,0.2
T08,Takebashi,Tozai,weekday,06:00,2,0.2
T08,Takebashi,Tozai,weekday,06:30,2,0.2
T08,Takebashi,Tozai,weekday,07:00,2,0.2
T08,Takebashi,Tozai,weekday,07:30,3,0.4
T08,Takebashi,Tozai,weekday,08:00,4,0.6
T08,Takebashi,Tozai,weekday,08:30,2,0.2
T08,Takebashi,Tozai,weekday,09:00,2,0.2
T08,Takebashi,Tozai,weekday,09:30,2,0.2
T08,Takebashi,Tozai,weekday,10:00,2,0.2
T08,Takebashi,Tozai,weekday,10:30,2,0.2
T08,Takebashi,Tozai,weekday,11:00,2,0.2
T08,Takebashi,Tozai,weekday,11:30,2,0.2
T08,Takebashi,Tozai,weekday,12:00,2,0.2
T08,Takebashi,Tozai,weekday,12:30,2,0.2
T08,Takebashi,Tozai,weekday,13:00,2,0.2
T08,Takebashi,Tozai,weekday,13:30,2,0.2
T08,Takebashi,Tozai,weekday,14:00,2,0.2
T08,Takebashi,Tozai,weekday,14:30,2,0.2
T08,Takebashi,Tozai,weekday,15:00,2,0.2
T08,Takebashi,Tozai,weekday,15:30,2,0.2
T08,Takebashi,Tozai,weekday,16:00,2,0.2
T08,Takebashi,Tozai,weekday,16:30,2,0.2
T08,Takebashi,Tozai,weekday,17:00,2,0.2
T08,Takebashi,Tozai,weekday,17:30,2,0.2
T08,Takebashi,Tozai,weekday,18:00,2,0.2
T08,Takebashi,Tozai,weekday,18:30,3,0.4
T08,Takebashi,Tozai,weekday,19:00,2,0.2
T08,Takebashi,Tozai,weekday,19:30,2,0.2
T08,Takebashi,Tozai,weekday,20:00,2,0.2
T08,Takebashi,Tozai,weekday,20:30,2,0.2
T08,Takebashi,Tozai,weekday,21:00,2,0.2
T08,Takebashi,Tozai,weekday,21:30,2,0.2
T08,Takebashi,Tozai,weekday,22:00,2,0.2
T08,Takebashi,Tozai,weekday,22:30,2,0.2
T08,Takebashi,Tozai,weekday,23:00,2,0.2
T08,Takebashi,Tozai,weekday,23:30,2,0.2
T08,Takebashi,Tozai,weekday,24:00:00,2,0.2
T09,Otemachi,Tozai,holiday,05:00,2,0.2
T09,Otemachi,Tozai,holiday,05:30,2,0.2
T09,Otemachi,Tozai,holiday,06:00,2,0.2
T09,Otemachi,Tozai,holiday,06:30,2,0.2
T09,Otemachi,Tozai,holiday,07:00,2,0.2
T09,Otemachi,Tozai,holiday,07:30,2,0.2
T09,Otemachi,Tozai,holiday,08:00,2,0.2
T09,Otemachi,Tozai,holiday,08:30,2,0.2
T09,Otemachi,Tozai,holiday,09:00,2,0.2
T09,Otemachi,Tozai,holiday,09:30,2,0.2
T09,Otemachi,Tozai,holiday,10:00,2,0.2
T09,Otemachi,Tozai,holiday,10:30,2,0.2
T09,Otemachi,Tozai,holiday,11:00,2,0.2
T09,Otemachi,Tozai,holiday,11:30,2,0.2
T09,Otemachi,Tozai,holiday,12:00,2,0.2
T09,Otemachi,Tozai,holiday,12:30,2,0.2
T09,Otemachi,Tozai,holiday,13:00,2,0.2
T09,Otemachi,Tozai,holiday,13:30,2,0.2
T09,Otemachi,Tozai,holiday,14:00,2,0.2
T09,Otemachi,Tozai,holiday,14:30,2,0.2
T09,Otemachi,Tozai,holiday,15:00,2,0.2
T09,Otemachi,Tozai,holiday,15:30,2,0.2
T09,Otemachi,Tozai,holiday,16:00,2,0.2
T09,Otemachi,Tozai,holiday,16:30,2,0.2
T09,Otemachi,Tozai,holiday,17:00,2,0.2
T09,Otemachi,Tozai,holiday,17:30,2,0.2
T09,Otemachi,Tozai,holiday,18:00,2,0.2
T09,Otemachi,Tozai,holiday,18:30,2,0.2
T09,Otemachi,Tozai,holiday,19:00,2,0.2
T09,Otemachi,Tozai,holiday,19:30,2,0.2
T09,Otemachi,Tozai,holiday,20:00,2,0.2
T09,Otemachi,Tozai,holiday,20:30,2,0.2
T09,Otemachi,Tozai,holiday,21:00,2,0.2
T09,Otemachi,Tozai,holiday,21:30,2,0.2
T09,Otemachi,Tozai,holiday,22:00,2,0.2
T09,Otemachi,Tozai,holiday,22:30,2,0.2
T09,Otemachi,Tozai,holiday,23:00,2,0.2
T09,Otemachi,Tozai,holiday,23:30,2,0.2
T09,Otemachi,Tozai,holiday,24:00:00,2,0.2
T09,Otemachi,Tozai,weekday,05:00,2,0.2
T09,Otemachi,Tozai,weekday,05:30,2,0.2
T09,Otemachi,Tozai,weekday,06:00,2,0.2
T09,Otemachi,Tozai,weekday,06:30,2,0.2
T09,Otemachi,Tozai,weekday,07:00,3,0.4
T09,Otemachi,Tozai,weekday,07:30,3,0.4
T09,Otemachi,Tozai,weekday,08:00,4,0.6
T09,Otemachi,Tozai,weekday,08:30,3,0.4
T09,Otemachi,Tozai,weekday,09:00,2,0.2
T09,Otemachi,Tozai,weekday,09:30,2,0.2
T09,Otemachi,Tozai,weekday,10:00,2,0.2
T09,Otemachi,Tozai,weekday,10:30,2,0.2
T09,Otemachi,Tozai,weekday,11:00,2,0.2
T09,Otemachi,Tozai,weekday,11:30,2,0.2
T09,Otemachi,Tozai,weekday,12:00,2,0.2
T09,Otemachi,Tozai,weekday,12:30,2,0.2
T09,Otemachi,Tozai,weekday,13:00,2,0.2
T09,Otemachi,Tozai,weekday,13:30,2,0.2
T09,Otemachi,Tozai,weekday,14:00,2,0.2
T09,Otemachi,Tozai,weekday,14:30,2,0.2
T09,Otemachi,Tozai,weekday,15:00,2,0.2
T09,Otemachi,Tozai,weekday,15:30,2,0.2
T09,Otemachi,Tozai,weekday,16:00,2,0.2
T09,Otemachi,Tozai,weekday,16:30,2,0.2
T09,Otemachi,Tozai,weekday,17:00,2,0.2
T09,Otemachi,Tozai,weekday,17:30,3,0.4
T09,Otemachi,Tozai,weekday,18:00,3,0.4
T09,Otemachi,Tozai,weekday,18:30,3,0.4
T09,Otemachi,Tozai,weekday,19:00,3,0.4
T09,Otemachi,Tozai,weekday,19:30,3,0.4
T09,Otemachi,Tozai,weekday,20:00,2,0.2
T09,Otemachi,Tozai,weekday,20:30,2,0.2
T09,Otemachi,Tozai,weekday,21:00,2,0.2
T09,Otemachi,Tozai,weekday,21:30,2,0.2
T09,Otemachi,Tozai,weekday,22:00,2,0.2
T09,Otemachi,Tozai,weekday,22:30,2,0.2
T09,Otemachi,Tozai,weekday,23:00,2,0.2
T09,Otemachi,Tozai,weekday,23:30,2,0.2
T09,Otemachi,Tozai,weekday,24:00:00,2,0.2
T10,Nihombashi,Tozai,holiday,05:00,2,0.2
T10,Nihombashi,Tozai,holiday,05:30,2,0.2
T10,Nihombashi,Tozai,holiday,06:00,2,0.2
T10,Nihombashi,Tozai,holiday,06:30,2,0.2
T10,Nihombashi,Tozai,holiday,07:00,2,0.2
T10,Nihombashi,Tozai,holiday,07:30,2,0.2
T10,Nihombashi,Tozai,holiday,08:00,2,0.2
T10,Nihombashi,Tozai,holiday,08:30,2,0.2
T10,Nihombashi,Tozai,holiday,09:00,2,0.2
T10,Nihombashi,Tozai,holiday,09:30,2,0.2
T10,Nihombashi,Tozai,holiday,10:00,2,0.2
T10,Nihombashi,Tozai,holiday,10:30,2,0.2
T10,Nihombashi,Tozai,holiday,11:00,2,0.2
T10,Nihombashi,Tozai,holiday,11:30,2,0.2
T10,Nihombashi,Tozai,holiday,12:00,2,0.2
T10,Nihombashi,Tozai,holiday,12:30,2,0.2
T10,Nihombashi,Tozai,holiday,13:00,2,0.2
T10,Nihombashi,Tozai,holiday,13:30,2,0.2
T10,Nihombashi,Tozai,holiday,14:00,2,0.2
T10,Nihombashi,Tozai,holiday,14:30,2,0.2
T10,Nihombashi,Tozai,holiday,15:00,2,0.2
T10,Nihombashi,Tozai,holiday,15:30,2,0.2
T10,Nihombashi,Tozai,holiday,16:00,2,0.2
T10,Nihombashi,Tozai,holiday,16:30,3,0.4
T10,Nihombashi,Tozai,holiday,17:00,3,0.4
T10,Nihombashi,Tozai,holiday,17:30,3,0.4
T10,Nihombashi,Tozai,holiday,18:00,3,0.4
T10,Nihombashi,Tozai,holiday,18:30,3,0.4
T10,Nihombashi,Tozai,holiday,19:00,3,0.4
T10,Nihombashi,Tozai,holiday,19:30,2,0.2
T10,Nihombashi,Tozai,holiday,20:00,3,0.4
T10,Nihombashi,Tozai,holiday,20:30,3,0.4
T10,Nihombashi,Tozai,holiday,21:00,3,0.4
T10,Nihombashi,Tozai,holiday,21:30,3,0.4
T10,Nihombashi,Tozai,holiday,22:00,3,0.4
T10,Nihombashi,Tozai,holiday,22:30,3,0.4
T10,Nihombashi,Tozai,holiday,23:00,2,0.2
T10,Nihombashi,Tozai,holiday,23:30,2,0.2
T10,Nihombashi,Tozai,holiday,24:00:00,3,0.4
T10,Nihombashi,Tozai,weekday,05:00,2,0.2
T10,Nihombashi,Tozai,weekday,05:30,2,0.2
T10,Nihombashi,Tozai,weekday,06:00,2,0.2
T10,Nihombashi,Tozai,weekday,06:30,2,0.2
T10,Nihombashi,Tozai,weekday,07:00,3,0.4
T10,Nihombashi,Tozai,weekday,07:30,3,0.4
T10,Nihombashi,Tozai,weekday,08:00,4,0.6
T10,Nihombashi,Tozai,weekday,08:30,3,0.4
T10,Nihombashi,Tozai,weekday,09:00,2,0.2
T10,Nihombashi,Tozai,weekday,09:30,2,0.2
T10,Nihombashi,Tozai,weekday,10:00,2,0.2
T10,Nihombashi,Tozai,weekday,10:30,2,0.2
T10,Nihombashi,Tozai,weekday,11:00,2,0.2
T10,Nihombashi,Tozai,weekday,11:30,2,0.2
T10,Nihombashi,Tozai,weekday,12:00,2,0.2
T10,Nihombashi,Tozai,weekday,12:30,2,0.2
T10,Nihombashi,Tozai,weekday,13:00,2,0.2
T10,Nihombashi,Tozai,weekday,13:30,2,0.2
T10,Nihombashi,Tozai,weekday,14:00,2,0.2
T10,Nihombashi,Tozai,weekday,14:30,2,0.2
T10,Nihombashi,Tozai,weekday,15:00,2,0.2
T10,Nihombashi,Tozai,weekday,15:30,3,0.4
T10,Nihombashi,Tozai,weekday,16:00,3,0.4
T10,Nihombashi,Tozai,weekday,16:30,3,0.4
T10,Nihombashi,Tozai,weekday,17:00,3,0.4
T10,Nihombashi,Tozai,weekday,17:30,3,0.4
T10,Nihombashi,Tozai,weekday,18:00,3,0.4
T10,Nihombashi,Tozai,weekday,18:30,4,0.6
T10,Nihombashi,Tozai,weekday,19:00,3,0.4
T10,Nihombashi,Tozai,weekday,19:30,3,0.4
T10,Nihombashi,Tozai,weekday,20:00,3,0.4
T10,Nihombashi,Tozai,weekday,20:30,3,0.4
T10,Nihombashi,Tozai,weekday,21:00,3,0.4
T10,Nihombashi,Tozai,weekday,21:30,3,0.4
T10,Nihombashi,Tozai,weekday,22:00,3,0.4
T10,Nihombashi,Tozai,weekday,22:30,2,0.2
T10,Nihombashi,Tozai,weekday,23:00,2,0.2
T10,Nihombashi,Tozai,weekday,23:30,2,0.2
T10,Nihombashi,Tozai,weekday,24:00:00,3,0.4
T11,Kayabacho,Tozai,holiday,05:00,2,0.2
T11,Kayabacho,Tozai,holiday,05:30,2,0.2
T11,Kayabacho,Tozai,holiday,06:00,2,0.2
T11,Kayabacho,Tozai,holiday,06:30,2,0.2
T11,Kayabacho,Tozai,holiday,07:00,2,0.2
T11,Kayabacho,Tozai,holiday,07:30,2,0.2
T11,Kayabacho,Tozai,holiday,08:00,2,0.2
T11,Kayabacho,Tozai,holiday,08:30,2,0.2
T11,Kayabacho,Tozai,holiday,09:00,2,0.2
T11,Kayabacho,Tozai,holiday,09:30,3,0.4
T11,Kayabacho,Tozai,holiday,10:00,3,0.4
T11,Kayabacho,Tozai,holiday,10:30,3,0.4
T11,Kayabacho,Tozai,holiday,11:00,3,0.4
T11,Kayabacho,Tozai,holiday,11:30,3,0.4
T11,Kayabacho,Tozai,holiday,12:00,2,0.2
T11,Kayabacho,Tozai,holiday,12:30,2,0.2
T11,Kayabacho,Tozai,holiday,13:00,2,0.2
T11,Kayabacho,Tozai,holiday,13:30,2,0.2
T11,Kayabacho,Tozai,holiday,14:00,2,0.2
T11,Kayabacho,Tozai,holiday,14:30,2,0.2
T11,Kayabacho,Tozai,holiday,15:00,2,0.2
T11,Kayabacho,Tozai,holiday,15:30,2,0.2
T11,Kayabacho,Tozai,holiday,16:00,3,0.4
T11,Kayabacho,Tozai,holiday,16:30,3,0.4
T11,Kayabacho,Tozai,holiday,17:00,3,0.4
T11,Kayabacho,Tozai,holiday,17:30,3,0.4
T11,Kayabacho,Tozai,holiday,18:00,3,0.4
T11,Kayabacho,Tozai,holiday,18:30,3,0.4
T11,Kayabacho,Tozai,holiday,19:00,3,0.4
T11,Kayabacho,Tozai,holiday,19:30,3,0.4
T11,Kayabacho,Tozai,holiday,20:00,3,0.4
T11,Kayabacho,Tozai,holiday,20:30,3,0.4
T11,Kayabacho,Tozai,holiday,21:00,3,0.4
T11,Kayabacho,Tozai,holiday,21:30,3,0.4
T11,Kayabacho,Tozai,holiday,22:00,3,0.4
T11,Kayabacho,Tozai,holiday,22:30,3,0.4
T11,Kayabacho,Tozai,holiday,23:00,3,0.4
T11,Kayabacho,Tozai,holiday,23:30,2,0.2
T11,Kayabacho,Tozai,holiday,24:00:00,3,0.4
T11,Kayabacho,Tozai,weekday,05:00,2,0.2
T11,Kayabacho,Tozai,weekday,05:30,2,0.2
T11,Kayabacho,Tozai,weekday,06:00,2,0.2
T11,Kayabacho,Tozai,weekday,06:30,2,0.2
T11,Kayabacho,Tozai,weekday,07:00,3,0.4
T11,Kayabacho,Tozai,weekday,07:30,4,0.6
T11,Kayabacho,Tozai,weekday,08:00,3,0.4
T11,Kayabacho,Tozai,weekday,08:30,3,0.4
T11,Kayabacho,Tozai,weekday,09:00,3,0.4
T11,Kayabacho,Tozai,weekday,09:30,3,0.4
T11,Kayabacho,Tozai,weekday,10:00,3,0.4
T11,Kayabacho,Tozai,weekday,10:30,2,0.2
T11,Kayabacho,Tozai,weekday,11:00,2,0.2
T11,Kayabacho,Tozai,weekday,11:30,2,0.2
T11,Kayabacho,Tozai,weekday,12:00,3,0.4
T11,Kayabacho,Tozai,weekday,12:30,2,0.2
T11,Kayabacho,Tozai,weekday,13:00,2,0.2
T11,Kayabacho,Tozai,weekday,13:30,2,0.2
T11,Kayabacho,Tozai,weekday,14:00,2,0.2
T11,Kayabacho,Tozai,weekday,14:30,2,0.2
T11,Kayabacho,Tozai,weekday,15:00,2,0.2
T11,Kayabacho,Tozai,weekday,15:30,3,0.4
T11,Kayabacho,Tozai,weekday,16:00,3,0.4
T11,Kayabacho,Tozai,weekday,16:30,3,0.4
T11,Kayabacho,Tozai,weekday,17:00,3,0.4
T11,Kayabacho,Tozai,weekday,17:30,4,0.6
T11,Kayabacho,Tozai,weekday,18:00,4,0.6
T11,Kayabacho,Tozai,weekday,18:30,4,0.6
T11,Kayabacho,Tozai,weekday,19:00,4,0.6
T11,Kayabacho,Tozai,weekday,19:30,3,0.4
T11,Kayabacho,Tozai,weekday,20:00,3,0.4
T11,Kayabacho,Tozai,weekday,20:30,3,0.4
T11,Kayabacho,Tozai,weekday,21:00,3,0.4
T11,Kayabacho,Tozai,weekday,21:30,3,0.4
T11,Kayabacho,Tozai,weekday,22:00,3,0.4
T11,Kayabacho,Tozai,weekday,22:30,3,0.4
T11,Kayabacho,Tozai,weekday,23:00,3,0.4
T11,Kayabacho,Tozai,weekday,23:30,2,0.2
T11,Kayabacho,Tozai,weekday,24:00:00,3,0.4
T12,Monzen nakacho,Tozai,holiday,05:00,2,0.2
T12,Monzen nakacho,Tozai,holiday,05:30,2,0.2
T12,Monzen nakacho,Tozai,holiday,06:00,2,0.2
T12,Monzen nakacho,Tozai,holiday,06:30,2,0.2
T12,Monzen nakacho,Tozai,holiday,07:00,2,0.2
T12,Monzen nakacho,Tozai,holiday,07:30,2,0.2
T12,Monzen nakacho,Tozai,holiday,08:00,2,0.2
T12,Monzen nakacho,Tozai,holiday,08:30,2,0.2
T12,Monzen nakacho,Tozai,holiday,09:00,3,0.4
T12,Monzen nakacho,Tozai,holiday,09:30,3,0.4
T12,Monzen nakacho,Tozai,holiday,10:00,3,0.4
T12,Monzen nakacho,Tozai,holiday,10:30,3,0.4
T12,Monzen nakacho,Tozai,holiday,11:00,3,0.4
T12,Monzen nakacho,Tozai,holiday,11:30,3,0.4
T12,Monzen nakacho,Tozai,holiday,12:00,3,0.4
T12,Monzen nakacho,Tozai,holiday,12:30,2,0.2
T12,Monzen nakacho,Tozai,holiday,13:00,2,0.2
T12,Monzen nakacho,Tozai,holiday,13:30,2,0.2
T12,Monzen nakacho,Tozai,holiday,14:00,2,0.2
T12,Monzen nakacho,Tozai,holiday,14:30,2,0.2
T12,Monzen nakacho,Tozai,holiday,15:00,2,0.2
T12,Monzen nakacho,Tozai,holiday,15:30,2,0.2
T12,Monzen nakacho,Tozai,holiday,16:00,2,0.2
T12,Monzen nakacho,Tozai,holiday,16:30,3,0.4
T12,Monzen nakacho,Tozai,holiday,17:00,3,0.4
T12,Monzen nakacho,Tozai,holiday,17:30,3,0.4
T12,Monzen nakacho,Tozai,holiday,18:00,3,0.4
T12,Monzen nakacho,Tozai,holiday,18:30,3,0.4
T12,Monzen nakacho,Tozai,holiday,19:00,3,0.4
T12,Monzen nakacho,Tozai,holiday,19:30,3,0.4
T12,Monzen nakacho,Tozai,holiday,20:00,3,0.4
T12,Monzen nakacho,Tozai,holiday,20:30,3,0.4
T12,Monzen nakacho,Tozai,holiday,21:00,3,0.4
T12,Monzen nakacho,Tozai,holiday,21:30,3,0.4
T12,Monzen nakacho,Tozai,holiday,22:00,3,0.4
T12,Monzen nakacho,Tozai,holiday,22:30,3,0.4
T12,Monzen nakacho,Tozai,holiday,23:00,3,0.4
T12,Monzen nakacho,Tozai,holiday,23:30,3,0.4
T12,Monzen nakacho,Tozai,holiday,24:00:00,3,0.4
T12,Monzen nakacho,Tozai,weekday,05:00,2,0.2
T12,Monzen nakacho,Tozai,weekday,05:30,2,0.2
T12,Monzen nakacho,Tozai,weekday,06:00,2,0.2
T12,Monzen nakacho,Tozai,weekday,06:30,3,0.4
T12,Monzen nakacho,Tozai,weekday,07:00,4,0.6
T12,Monzen nakacho,Tozai,weekday,07:30,4,0.6
T12,Monzen nakacho,Tozai,weekday,08:00,4,0.6
T12,Monzen nakacho,Tozai,weekday,08:30,3,0.4
T12,Monzen nakacho,Tozai,weekday,09:00,3,0.4
T12,Monzen nakacho,Tozai,weekday,09:30,3,0.4
T12,Monzen nakacho,Tozai,weekday,10:00,3,0.4
T12,Monzen nakacho,Tozai,weekday,10:30,3,0.4
T12,Monzen nakacho,Tozai,weekday,11:00,2,0.2
T12,Monzen nakacho,Tozai,weekday,11:30,2,0.2
T12,Monzen nakacho,Tozai,weekday,12:00,3,0.4
T12,Monzen nakacho,Tozai,weekday,12:30,2,0.2
T12,Monzen nakacho,Tozai,weekday,13:00,2,0.2
T12,Monzen nakacho,Tozai,weekday,13:30,2,0.2
T12,Monzen nakacho,Tozai,weekday,14:00,2,0.2
T12,Monzen nakacho,Tozai,weekday,14:30,2,0.2
T12,Monzen nakacho,Tozai,weekday,15:00,2,0.2
T12,Monzen nakacho,Tozai,weekday,15:30,3,0.4
T12,Monzen nakacho,Tozai,weekday,16:00,3,0.4
T12,Monzen nakacho,Tozai,weekday,16:30,3,0.4
T12,Monzen nakacho,Tozai,weekday,17:00,3,0.4
T12,Monzen nakacho,Tozai,weekday,17:30,4,0.6
T12,Monzen nakacho,Tozai,weekday,18:00,5,0.8
T12,Monzen nakacho,Tozai,weekday,18:30,5,0.8
T12,Monzen nakacho,Tozai,weekday,19:00,4,0.6
T12,Monzen nakacho,Tozai,weekday,19:30,4,0.6
T12,Monzen nakacho,Tozai,weekday,20:00,3,0.4
T12,Monzen nakacho,Tozai,weekday,20:30,3,0.4
T12,Monzen nakacho,Tozai,weekday,21:00,3,0.4
T12,Monzen nakacho,Tozai,weekday,21:30,3,0.4
T12,Monzen nakacho,Tozai,weekday,22:00,3,0.4
T12,Monzen nakacho,Tozai,weekday,22:30,3,0.4
T12,Monzen nakacho,Tozai,weekday,23:00,3,0.4
T12,Monzen nakacho,Tozai,weekday,23:30,2,0.2
T12,Monzen nakacho,Tozai,weekday,24:00:00,3,0.4
T13,Kiba,Tozai,holiday,05:00,2,0.2
T13,Kiba,Tozai,holiday,05:30,2,0.2
T13,Kiba,Tozai,holiday,06:00,2,0.2
T13,Kiba,Tozai,holiday,06:30,2,0.2
T13,Kiba,Tozai,holiday,07:00,2,0.2
T13,Kiba,Tozai,holiday,07:30,2,0.2
T13,Kiba,Tozai,holiday,08:00,2,0.2
T13,Kiba,Tozai,holiday,08:30,2,0.2
T13,Kiba,Tozai,holiday,09:00,3,0.4
T13,Kiba,Tozai,holiday,09:30,3,0.4
T13,Kiba,Tozai,holiday,10:00,3,0.4
T13,Kiba,Tozai,holiday,10:30,3,0.4
T13,Kiba,Tozai,holiday,11:00,3,0.4
T13,Kiba,Tozai,holiday,11:30,3,0.4
T13,Kiba,Tozai,holiday,12:00,3,0.4
T13,Kiba,Tozai,holiday,12:30,2,0.2
T13,Kiba,Tozai,holiday,13:00,2,0.2
T13,Kiba,Tozai,holiday,13:30,2,0.2
T13,Kiba,Tozai,holiday,14:00,2,0.2
T13,Kiba,Tozai,holiday,14:30,2,0.2
T13,Kiba,Tozai,holiday,15:00,2,0.2
T13,Kiba,Tozai,holiday,15:30,2,0.2
T13,Kiba,Tozai,holiday,16:00,2,0.2
T13,Kiba,Tozai,holiday,16:30,2,0.2
T13,Kiba,Tozai,holiday,17:00,3,0.4
T13,Kiba,Tozai,holiday,17:30,3,0.4
T13,Kiba,Tozai,holiday,18:00,3,0.4
T13,Kiba,Tozai,holiday,18:30,3,0.4
T13,Kiba,Tozai,holiday,19:00,3,0.4
T13,Kiba,Tozai,holiday,19:30,3,0.4
T13,Kiba,Tozai,holiday,20:00,2,0.2
T13,Kiba,Tozai,holiday,20:30,3,0.4
T13,Kiba,Tozai,holiday,21:00,3,0.4
T13,Kiba,Tozai,holiday,21:30,3,0.4
T13,Kiba,Tozai,holiday,22:00,3,0.4
T13,Kiba,Tozai,holiday,22:30,3,0.4
T13,Kiba,Tozai,holiday,23:00,2,0.2
T13,Kiba,Tozai,holiday,23:30,2,0.2
T13,Kiba,Tozai,holiday,24:00:00,2,0.2
T13,Kiba,Tozai,weekday,05:00,2,0.2
T13,Kiba,Tozai,weekday,05:30,2,0.2
T13,Kiba,Tozai,weekday,06:00,2,0.2
T13,Kiba,Tozai,weekday,06:30,3,0.4
T13,Kiba,Tozai,weekday,07:00,4,0.6
T13,Kiba,Tozai,weekday,07:30,5,0.8
T13,Kiba,Tozai,weekday,08:00,5,0.8
T13,Kiba,Tozai,weekday,08:30,3,0.4
T13,Kiba,Tozai,weekday,09:00,4,0.6
T13,Kiba,Tozai,weekday,09:30,3,0.4
T13,Kiba,Tozai,weekday,10:00,3,0.4
T13,Kiba,Tozai,weekday,10:30,3,0.4
T13,Kiba,Tozai,weekday,11:00,2,0.2
T13,Kiba,Tozai,weekday,11:30,2,0.2
T13,Kiba,Tozai,weekday,12:00,3,0.4
T13,Kiba,Tozai,weekday,12:30,2,0.2
T13,Kiba,Tozai,weekday,13:00,2,0.2
T13,Kiba,Tozai,weekday,13:30,2,0.2
T13,Kiba,Tozai,weekday,14:00,2,0.2
T13,Kiba,Tozai,weekday,14:30,2,0.2
T13,Kiba,Tozai,weekday,15:00,2,0.2
T13,Kiba,Tozai,weekday,15:30,2,0.2
T13,Kiba,Tozai,weekday,16:00,3,0.4
T13,Kiba,Tozai,weekday,16:30,3,0.4
T13,Kiba,Tozai,weekday,17:00,3,0.4
T13,Kiba,Tozai,weekday,17:30,4,0.6
T13,Kiba,Tozai,weekday,18:00,4,0.6
T13,Kiba,Tozai,weekday,18:30,5,0.8
T13,Kiba,Tozai,weekday,19:00,4,0.6
T13,Kiba,Tozai,weekday,19:30,4,0.6
T13,Kiba,Tozai,weekday,20:00,3,0.4
T13,Kiba,Tozai,weekday,20:30,3,0.4
T13,Kiba,Tozai,weekday,21:00,3,0.4
T13,Kiba,Tozai,weekday,21:30,3,0.4
T13,Kiba,Tozai,weekday,22:00,3,0.4
T13,Kiba,Tozai,weekday,22:30,2,0.2
T13,Kiba,Tozai,weekday,23:00,3,0.4
T13,Kiba,Tozai,weekday,23:30,2,0.2
T13,Kiba,Tozai,weekday,24:00:00,3,0.4
T14,Toyocho,Tozai,holiday,04:30,1,0.0
T14,Toyocho,Tozai,holiday,05:00,2,0.2
T14,Toyocho,Tozai,holiday,05:30,2,0.2
T14,Toyocho,Tozai,holiday,06:00,2,0.2
T14,Toyocho,Tozai,holiday,06:30,2,0.2
T14,Toyocho,Tozai,holiday,07:00,2,0.2
T14,Toyocho,Tozai,holiday,07:30,2,0.2
T14,Toyocho,Tozai,holiday,08:00,2,0.2
T14,Toyocho,Tozai,holiday,08:30,2,0.2
T14,Toyocho,Tozai,holiday,09:00,3,0.4
T14,Toyocho,Tozai,holiday,09:30,3,0.4
T14,Toyocho,Tozai,holiday,10:00,3,0.4
T14,Toyocho,Tozai,holiday,10:30,3,0.4
T14,Toyocho,Tozai,holiday,11:00,3,0.4
T14,Toyocho,Tozai,holiday,11:30,3,0.4
T14,Toyocho,Tozai,holiday,12:00,2,0.2
T14,Toyocho,Tozai,holiday,12:30,2,0.2
T14,Toyocho,Tozai,holiday,13:00,2,0.2
T14,Toyocho,Tozai,holiday,13:30,2,0.2
T14,Toyocho,Tozai,holiday,14:00,2,0.2
T14,Toyocho,Tozai,holiday,14:30,2,0.2
T14,Toyocho,Tozai,holiday,15:00,2,0.2
T14,Toyocho,Tozai,holiday,15:30,2,0.2
T14,Toyocho,Tozai,holiday,16:00,2,0.2
T14,Toyocho,Tozai,holiday,16:30,2,0.2
T14,Toyocho,Tozai,holiday,17:00,2,0.2
T14,Toyocho,Tozai,holiday,17:30,3,0.4
T14,Toyocho,Tozai,holiday,18:00,3,0.4
T14,Toyocho,Tozai,holiday,18:30,3,0.4
T14,Toyocho,Tozai,holiday,19:00,2,0.2
T14,Toyocho,Tozai,holiday,19:30,2,0.2
T14,Toyocho,Tozai,holiday,20:00,2,0.2
T14,Toyocho,Tozai,holiday,20:30,3,0.4
T14,Toyocho,Tozai,holiday,21:00,2,0.2
T14,Toyocho,Tozai,holiday,21:30,2,0.2
T14,Toyocho,Tozai,holiday,22:00,3,0.4
T14,Toyocho,Tozai,holiday,22:30,3,0.4
T14,Toyocho,Tozai,holiday,23:00,2,0.2
T14,Toyocho,Tozai,holiday,23:30,2,0.2
T14,Toyocho,Tozai,holiday,24:00:00,2,0.2
T14,Toyocho,Tozai,weekday,04:30,1,0.0
T14,Toyocho,Tozai,weekday,05:00,2,0.2
T14,Toyocho,Tozai,weekday,05:30,2,0.2
T14,Toyocho,Tozai,weekday,06:00,2,0.2
T14,Toyocho,Tozai,weekday,06:30,3,0.4
T14,Toyocho,Tozai,weekday,07:00,4,0.6
T14,Toyocho,Tozai,weekday,07:30,5,0.8
T14,Toyocho,Tozai,weekday,08:00,5,0.8
T14,Toyocho,Tozai,weekday,08:30,4,0.6
T14,Toyocho,Tozai,weekday,09:00,4,0.6
T14,Toyocho,Tozai,weekday,09:30,3,0.4
T14,Toyocho,Tozai,weekday,10:00,3,0.4
T14,Toyocho,Tozai,weekday,10:30,3,0.4
T14,Toyocho,Tozai,weekday,11:00,2,0.2
T14,Toyocho,Tozai,weekday,11:30,2,0.2
T14,Toyocho,Tozai,weekday,12:00,3,0.4
T14,Toyocho,Tozai,weekday,12:30,2,0.2
T14,Toyocho,Tozai,weekday,13:00,2,0.2
T14,Toyocho,Tozai,weekday,13:30,2,0.2
T14,Toyocho,Tozai,weekday,14:00,2,0.2
T14,Toyocho,Tozai,weekday,14:30,2,0.2
T14,Toyocho,Tozai,weekday,15:00,2,0.2
T14,Toyocho,Tozai,weekday,15:30,2,0.2
T14,Toyocho,Tozai,weekday,16:00,2,0.2
T14,Toyocho,Tozai,weekday,16:30,3,0.4
T14,Toyocho,Tozai,weekday,17:00,3,0.4
T14,Toyocho,Tozai,weekday,17:30,4,0.6
T14,Toyocho,Tozai,weekday,18:00,4,0.6
T14,Toyocho,Tozai,weekday,18:30,5,0.8
T14,Toyocho,Tozai,weekday,19:00,4,0.6
T14,Toyocho,Tozai,weekday,19:30,4,0.6
T14,Toyocho,Tozai,weekday,20:00,3,0.4
T14,Toyocho,Tozai,weekday,20:30,3,0.4
T14,Toyocho,Tozai,weekday,21:00,3,0.4
T14,Toyocho,Tozai,weekday,21:30,3,0.4
T14,Toyocho,Tozai,weekday,22:00,3,0.4
T14,Toyocho,Tozai,weekday,22:30,2,0.2
T14,Toyocho,Tozai,weekday,23:00,2,0.2
T14,Toyocho,Tozai,weekday,23:30,2,0.2
T14,Toyocho,Tozai,weekday,24:00:00,1,0.0
T15,Minami sunamachi,Tozai,holiday,05:00,2,0.2
T15,Minami sunamachi,Tozai,holiday,05:30,2,0.2
T15,Minami sunamachi,Tozai,holiday,06:00,2,0.2
T15,Minami sunamachi,Tozai,holiday,06:30,2,0.2
T15,Minami sunamachi,Tozai,holiday,07:00,2,0.2
T15,Minami sunamachi,Tozai,holiday,07:30,2,0.2
T15,Minami sunamachi,Tozai,holiday,08:00,2,0.2
T15,Minami sunamachi,Tozai,holiday,08:30,2,0.2
T15,Minami sunamachi,Tozai,holiday,09:00,2,0.2
T15,Minami sunamachi,Tozai,holiday,09:30,2,0.2
T15,Minami sunamachi,Tozai,holiday,10:00,2,0.2
T15,Minami sunamachi,Tozai,holiday,10:30,3,0.4
T15,Minami sunamachi,Tozai,holiday,11:00,2,0.2
T15,Minami sunamachi,Tozai,holiday,11:30,2,0.2
T15,Minami sunamachi,Tozai,holiday,12:00,2,0.2
T15,Minami sunamachi,Tozai,holiday,12:30,2,0.2
T15,Minami sunamachi,Tozai,holiday,13:00,2,0.2
T15,Minami sunamachi,Tozai,holiday,13:30,2,0.2
T15,Minami sunamachi,Tozai,holiday,14:00,2,0.2
T15,Minami sunamachi,Tozai,holiday,14:30,2,0.2
T15,Minami sunamachi,Tozai,holiday,15:00,2,0.2
T15,Minami sunamachi,Tozai,holiday,15:30,2,0.2
T15,Minami sunamachi,Tozai,holiday,16:00,2,0.2
T15,Minami sunamachi,Tozai,holiday,16:30,2,0.2
T15,Minami sunamachi,Tozai,holiday,17:00,2,0.2
T15,Minami sunamachi,Tozai,holiday,17:30,2,0.2
T15,Minami sunamachi,Tozai,holiday,18:00,3,0.4
T15,Minami sunamachi,Tozai,holiday,18:30,3,0.4
T15,Minami sunamachi,Tozai,holiday,19:00,2,0.2
T15,Minami sunamachi,Tozai,holiday,19:30,2,0.2
T15,Minami sunamachi,Tozai,holiday,20:00,2,0.2
T15,Minami sunamachi,Tozai,holiday,20:30,3,0.4
T15,Minami sunamachi,Tozai,holiday,21:00,2,0.2
T15,Minami sunamachi,Tozai,holiday,21:30,3,0.4
T15,Minami sunamachi,Tozai,holiday,22:00,3,0.4
T15,Minami sunamachi,Tozai,holiday,22:30,3,0.4
T15,Minami sunamachi,Tozai,holiday,23:00,2,0.2
T15,Minami sunamachi,Tozai,holiday,23:30,2,0.2
T15,Minami sunamachi,Tozai,holiday,24:00:00,2,0.2
T15,Minami sunamachi,Tozai,weekday,05:00,4,0.6
T15,Minami sunamachi,Tozai,weekday,05:30,3,0.4
T15,Minami sunamachi,Tozai,weekday,06:00,3,0.4
T15,Minami sunamachi,Tozai,weekday,06:30,3,0.4
T15,Minami sunamachi,Tozai,weekday,07:00,4,0.6
T15,Minami sunamachi,Tozai,weekday,07:30,5,0.8
T15,Minami sunamachi,Tozai,weekday,08:00,4,0.6
T15,Minami sunamachi,Tozai,weekday,08:30,3,0.4
T15,Minami sunamachi,Tozai,weekday,09:00,3,0.4
T15,Minami sunamachi,Tozai,weekday,09:30,2,0.2
T15,Minami sunamachi,Tozai,weekday,10:00,2,0.2
T15,Minami sunamachi,Tozai,weekday,10:30,2,0.2
T15,Minami sunamachi,Tozai,weekday,11:00,2,0.2
T15,Minami sunamachi,Tozai,weekday,11:30,2,0.2
T15,Minami sunamachi,Tozai,weekday,12:00,2,0.2
T15,Minami sunamachi,Tozai,weekday,12:30,2,0.2
T15,Minami sunamachi,Tozai,weekday,13:00,2,0.2
T15,Minami sunamachi,Tozai,weekday,13:30,2,0.2
T15,Minami sunamachi,Tozai,weekday,14:00,2,0.2
T15,Minami sunamachi,Tozai,weekday,14:30,2,0.2
T15,Minami sunamachi,Tozai,weekday,15:00,2,0.2
T15,Minami sunamachi,Tozai,weekday,15:30,2,0.2
T15,Minami sunamachi,Tozai,weekday,16:00,2,0.2
T15,Minami sunamachi,Tozai,weekday,16:30,3,0.4
T15,Minami sunamachi,Tozai,weekday,17:00,3,0.4
T15,Minami sunamachi,Tozai,weekday,17:30,4,0.6
T15,Minami sunamachi,Tozai,weekday,18:00,4,0.6
T15,Minami sunamachi,Tozai,weekday,18:30,4,0.6
T15,Minami sunamachi,Tozai,weekday,19:00,4,0.6
T15,Minami sunamachi,Tozai,weekday,19:30,3,0.4
T15,Minami sunamachi,Tozai,weekday,20:00,3,0.4
T15,Minami sunamachi,Tozai,weekday,20:30,3,0.4
T15,Minami sunamachi,Tozai,weekday,21:00,3,0.4
T15,Minami sunamachi,Tozai,weekday,21:30,3,0.4
T15,Minami sunamachi,Tozai,weekday,22:00,2,0.2
T15,Minami sunamachi,Tozai,weekday,22:30,2,0.2
T15,Minami sunamachi,Tozai,weekday,23:00,2,0.2
T15,Minami sunamachi,Tozai,weekday,23:30,2,0.2
T15,Minami sunamachi,Tozai,weekday,24:00:00,2,0.2
T16,Nishi kasai,Tozai,holiday,05:00,2,0.2
T16,Nishi kasai,Tozai,holiday,05:30,2,0.2
T16,Nishi kasai,Tozai,holiday,06:00,2,0.2
T16,Nishi kasai,Tozai,holiday,06:30,2,0.2
T16,Nishi kasai,Tozai,holiday,07:00,2,0.2
T16,Nishi kasai,Tozai,holiday,07:30,2,0.2
T16,Nishi kasai,Tozai,holiday,08:00,2,0.2
T16,Nishi kasai,Tozai,holiday,08:30,2,0.2
T16,Nishi kasai,Tozai,holiday,09:00,2,0.2
T16,Nishi kasai,Tozai,holiday,09:30,2,0.2
T16,Nishi kasai,Tozai,holiday,10:00,2,0.2
T16,Nishi kasai,Tozai,holiday,10:30,2,0.2
T16,Nishi kasai,Tozai,holiday,11:00,2,0.2
T16,Nishi kasai,Tozai,holiday,11:30,2,0.2
T16,Nishi kasai,Tozai,holiday,12:00,2,0.2
T16,Nishi kasai,Tozai,holiday,12:30,2,0.2
T16,Nishi kasai,Tozai,holiday,13:00,2,0.2
T16,Nishi kasai,Tozai,holiday,13:30,2,0.2
T16,Nishi kasai,Tozai,holiday,14:00,2,0.2
T16,Nishi kasai,Tozai,holiday,14:30,2,0.2
T16,Nishi kasai,Tozai,holiday,15:00,2,0.2
T16,Nishi kasai,Tozai,holiday,15:30,2,0.2
T16,Nishi kasai,Tozai,holiday,16:00,2,0.2
T16,Nishi kasai,Tozai,holiday,16:30,2,0.2
T16,Nishi kasai,Tozai,holiday,17:00,2,0.2
T16,Nishi kasai,Tozai,holiday,17:30,2,0.2
T16,Nishi kasai,Tozai,holiday,18:00,2,0.2
T16,Nishi kasai,Tozai,holiday,18:30,2,0.2
T16,Nishi kasai,Tozai,holiday,19:00,2,0.2
T16,Nishi kasai,Tozai,holiday,19:30,2,0.2
T16,Nishi kasai,Tozai,holiday,20:00,2,0.2
T16,Nishi kasai,Tozai,holiday,20:30,2,0.2
T16,Nishi kasai,Tozai,holiday,21:00,2,0.2
T16,Nishi kasai,Tozai,holiday,21:30,2,0.2
T16,Nishi kasai,Tozai,holiday,22:00,2,0.2
T16,Nishi kasai,Tozai,holiday,22:30,2,0.2
T16,Nishi kasai,Tozai,holiday,23:00,2,0.2
T16,Nishi kasai,Tozai,holiday,23:30,2,0.2
T16,Nishi kasai,Tozai,holiday,24:00:00,2,0.2
T16,Nishi kasai,Tozai,weekday,05:00,3,0.4
T16,Nishi kasai,Tozai,weekday,05:30,2,0.2
T16,Nishi kasai,Tozai,weekday,06:00,2,0.2
T16,Nishi kasai,Tozai,weekday,06:30,3,0.4
T16,Nishi kasai,Tozai,weekday,07:00,4,0.6
T16,Nishi kasai,Tozai,weekday,07:30,5,0.8
T16,Nishi kasai,Tozai,weekday,08:00,4,0.6
T16,Nishi kasai,Tozai,weekday,08:30,3,0.4
T16,Nishi kasai,Tozai,weekday,09:00,3,0.4
T16,Nishi kasai,Tozai,weekday,09:30,2,0.2
T16,Nishi kasai,Tozai,weekday,10:00,2,0.2
T16,Nishi kasai,Tozai,weekday,10:30,2,0.2
T16,Nishi kasai,Tozai,weekday,11:00,2,0.2
T16,Nishi kasai,Tozai,weekday,11:30,2,0.2
T16,Nishi kasai,Tozai,weekday,12:00,2,0.2
T16,Nishi kasai,Tozai,weekday,12:30,2,0.2
T16,Nishi kasai,Tozai,weekday,13:00,2,0.2
T16,Nishi kasai,Tozai,weekday,13:30,2,0.2
T16,Nishi kasai,Tozai,weekday,14:00,2,0.2
T16,Nishi kasai,Tozai,weekday,14:30,2,0.2
T16,Nishi kasai,Tozai,weekday,15:00,2,0.2
T16,Nishi kasai,Tozai,weekday,15:30,2,0.2
T16,Nishi kasai,Tozai,weekday,16:00,2,0.2
T16,Nishi kasai,Tozai,weekday,16:30,2,0.2
T16,Nishi kasai,Tozai,weekday,17:00,2,0.2
T16,Nishi kasai,Tozai,weekday,17:30,3,0.4
T16,Nishi kasai,Tozai,weekday,18:00,3,0.4
T16,Nishi kasai,Tozai,weekday,18:30,3,0.4
T16,Nishi kasai,Tozai,weekday,19:00,3,0.4
T16,Nishi kasai,Tozai,weekday,19:30,3,0.4
T16,Nishi kasai,Tozai,weekday,20:00,3,0.4
T16,Nishi kasai,Tozai,weekday,20:30,2,0.2
T16,Nishi kasai,Tozai,weekday,21:00,2,0.2
T16,Nishi kasai,Tozai,weekday,21:30,2,0.2
T16,Nishi kasai,Tozai,weekday,22:00,2,0.2
T16,Nishi kasai,Tozai,weekday,22:30,2,0.2
T16,Nishi kasai,Tozai,weekday,23:00,2,0.2
T16,Nishi kasai,Tozai,weekday,23:30,2,0.2
T16,Nishi kasai,Tozai,weekday,24:00:00,2,0.2
T17,Kasai,Tozai,holiday,05:00,2,0.2
T17,Kasai,Tozai,holiday,05:30,2,0.2
T17,Kasai,Tozai,holiday,06:00,2,0.2
T17,Kasai,Tozai,holiday,06:30,2,0.2
T17,Kasai,Tozai,holiday,07:00,2,0.2
T17,Kasai,Tozai,holiday,07:30,2,0.2
T17,Kasai,Tozai,holiday,08:00,2,0.2
T17,Kasai,Tozai,holiday,08:30,2,0.2
T17,Kasai,Tozai,holiday,09:00,2,0.2
T17,Kasai,Tozai,holiday,09:30,2,0.2
T17,Kasai,Tozai,holiday,10:00,2,0.2
T17,Kasai,Tozai,holiday,10:30,2,0.2
T17,Kasai,Tozai,holiday,11:00,2,0.2
T17,Kasai,Tozai,holiday,11:30,2,0.2
T17,Kasai,Tozai,holiday,12:00,2,0.2
T17,Kasai,Tozai,holiday,12:30,2,0.2
T17,Kasai,Tozai,holiday,13:00,2,0.2
T17,Kasai,Tozai,holiday,13:30,2,0.2
T17,Kasai,Tozai,holiday,14:00,2,0.2
T17,Kasai,Tozai,holiday,14:30,2,0.2
T17,Kasai,Tozai,holiday,15:00,2,0.2
T17,Kasai,Tozai,holiday,15:30,2,0.2
T17,Kasai,Tozai,holiday,16:00,2,0.2
T17,Kasai,Tozai,holiday,16:30,2,0.2
T17,Kasai,Tozai,holiday,17:00,2,0.2
T17,Kasai,Tozai,holiday,17:30,2,0.2
T17,Kasai,Tozai,holiday,18:00,2,0.2
T17,Kasai,Tozai,holiday,18:30,2,0.2
T17,Kasai,Tozai,holiday,19:00,2,0.2
T17,Kasai,Tozai,holiday,19:30,2,0.2
T17,Kasai,Tozai,holiday,20:00,2,0.2
T17,Kasai,Tozai,holiday,20:30,2,0.2
T17,Kasai,Tozai,holiday,21:00,2,0.2
T17,Kasai,Tozai,holiday,21:30,2,0.2
T17,Kasai,Tozai,holiday,22:00,2,0.2
T17,Kasai,Tozai,holiday,22:30,2,0.2
T17,Kasai,Tozai,holiday,23:00,2,0.2
T17,Kasai,Tozai,holiday,23:30,2,0.2
T17,Kasai,Tozai,holiday,24:00:00,2,0.2
T17,Kasai,Tozai,holiday,24:30:00,2,0.2
T17,Kasai,Tozai,weekday,05:00,2,0.2
T17,Kasai,Tozai,weekday,05:30,2,0.2
T17,Kasai,Tozai,weekday,06:00,2,0.2
T17,Kasai,Tozai,weekday,06:30,3,0.4
T17,Kasai,Tozai,weekday,07:00,4,0.6
T17,Kasai,Tozai,weekday,07:30,4,0.6
T17,Kasai,Tozai,weekday,08:00,3,0.4
T17,Kasai,Tozai,weekday,08:30,3,0.4
T17,Kasai,Tozai,weekday,09:00,3,0.4
T17,Kasai,Tozai,weekday,09:30,2,0.2
T17,Kasai,Tozai,weekday,10:00,2,0.2
T17,Kasai,Tozai,weekday,10:30,2,0.2
T17,Kasai,Tozai,weekday,11:00,2,0.2
T17,Kasai,Tozai,weekday,11:30,2,0.2
T17,Kasai,Tozai,weekday,12:00,2,0.2
T17,Kasai,Tozai,weekday,12:30,2,0.2
T17,Kasai,Tozai,weekday,13:00,2,0.2
T17,Kasai,Tozai,weekday,13:30,1,0.0
T17,Kasai,Tozai,weekday,14:00,1,0.0
T17,Kasai,Tozai,weekday,14:30,1,0.0
T17,Kasai,Tozai,weekday,15:00,2,0.2
T17,Kasai,Tozai,weekday,15:30,2,0.2
T17,Kasai,Tozai,weekday,16:00,2,0.2
T17,Kasai,Tozai,weekday,16:30,2,0.2
T17,Kasai,Tozai,weekday,17:00,2,0.2
T17,Kasai,Tozai,weekday,17:30,2,0.2
T17,Kasai,Tozai,weekday,18:00,3,0.4
T17,Kasai,Tozai,weekday,18:30,3,0.4
T17,Kasai,Tozai,weekday,19:00,3,0.4
T17,Kasai,Tozai,weekday,19:30,2,0.2
T17,Kasai,Tozai,weekday,20:00,2,0.2
T17,Kasai,Tozai,weekday,20:30,2,0.2
T17,Kasai,Tozai,weekday,21:00,2,0.2
T17,Kasai,Tozai,weekday,21:30,2,0.2
T17,Kasai,Tozai,weekday,22:00,2,0.2
T17,Kasai,Tozai,weekday,22:30,2,0.2
T17,Kasai,Tozai,weekday,23:00,2,0.2
T17,Kasai,Tozai,weekday,23:30,2,0.2
T17,Kasai,Tozai,weekday,24:00:00,2,0.2
T17,Kasai,Tozai,weekday,24:30:00,2,0.2
T18,Urayasu,Tozai,holiday,05:00,2,0.2
T18,Urayasu,Tozai,holiday,05:30,2,0.2
T18,Urayasu,Tozai,holiday,06:00,2,0.2
T18,Urayasu,Tozai,holiday,06:30,2,0.2
T18,Urayasu,Tozai,holiday,07:00,2,0.2
T18,Urayasu,Tozai,holiday,07:30,2,0.2
T18,Urayasu,Tozai,holiday,08:00,2,0.2
T18,Urayasu,Tozai,holiday,08:30,2,0.2
T18,Urayasu,Tozai,holiday,09:00,2,0.2
T18,Urayasu,Tozai,holiday,09:30,2,0.2
T18,Urayasu,Tozai,holiday,10:00,2,0.2
T18,Urayasu,Tozai,holiday,10:30,2,0.2
T18,Urayasu,Tozai,holiday,11:00,2,0.2
T18,Urayasu,Tozai,holiday,11:30,2,0.2
T18,Urayasu,Tozai,holiday,12:00,2,0.2
T18,Urayasu,Tozai,holiday,12:30,2,0.2
T18,Urayasu,Tozai,holiday,13:00,2,0.2
T18,Urayasu,Tozai,holiday,13:30,2,0.2
T18,Urayasu,Tozai,holiday,14:00,2,0.2
T18,Urayasu,Tozai,holiday,14:30,2,0.2
T18,Urayasu,Tozai,holiday,15:00,2,0.2
T18,Urayasu,Tozai,holiday,15:30,2,0.2
T18,Urayasu,Tozai,holiday,16:00,2,0.2
T18,Urayasu,Tozai,holiday,16:30,2,0.2
T18,Urayasu,Tozai,holiday,17:00,2,0.2
T18,Urayasu,Tozai,holiday,17:30,2,0.2
T18,Urayasu,Tozai,holiday,18:00,2,0.2
T18,Urayasu,Tozai,holiday,18:30,2,0.2
T18,Urayasu,Tozai,holiday,19:00,2,0.2
T18,Urayasu,Tozai,holiday,19:30,2,0.2
T18,Urayasu,Tozai,holiday,20:00,2,0.2
T18,Urayasu,Tozai,holiday,20:30,2,0.2
T18,Urayasu,Tozai,holiday,21:00,2,0.2
T18,Urayasu,Tozai,holiday,21:30,2,0.2
T18,Urayasu,Tozai,holiday,22:00,2,0.2
T18,Urayasu,Tozai,holiday,22:30,2,0.2
T18,Urayasu,Tozai,holiday,23:00,2,0.2
T18,Urayasu,Tozai,holiday,23:30,2,0.2
T18,Urayasu,Tozai,holiday,24:00:00,2,0.2
T18,Urayasu,Tozai,holiday,24:30:00,2,0.2
T18,Urayasu,Tozai,weekday,05:00,2,0.2
T18,Urayasu,Tozai,weekday,05:30,2,0.2
T18,Urayasu,Tozai,weekday,06:00,2,0.2
T18,Urayasu,Tozai,weekday,06:30,2,0.2
T18,Urayasu,Tozai,weekday,07:00,3,0.4
T18,Urayasu,Tozai,weekday,07:30,4,0.6
T18,Urayasu,Tozai,weekday,08:00,4,0.6
T18,Urayasu,Tozai,weekday,08:30,3,0.4
T18,Urayasu,Tozai,weekday,09:00,2,0.2
T18,Urayasu,Tozai,weekday,09:30,2,0.2
T18,Urayasu,Tozai,weekday,10:00,2,0.2
T18,Urayasu,Tozai,weekday,10:30,2,0.2
T18,Urayasu,Tozai,weekday,11:00,2,0.2
T18,Urayasu,Tozai,weekday,11:30,2,0.2
T18,Urayasu,Tozai,weekday,12:00,2,0.2
T18,Urayasu,Tozai,weekday,12:30,2,0.2
T18,Urayasu,Tozai,weekday,13:00,2,0.2
T18,Urayasu,Tozai,weekday,13:30,1,0.0
T18,Urayasu,Tozai,weekday,14:00,1,0.0
T18,Urayasu,Tozai,weekday,14:30,2,0.2
T18,Urayasu,Tozai,weekday,15:00,2,0.2
T18,Urayasu,Tozai,weekday,15:30,2,0.2
T18,Urayasu,Tozai,weekday,16:00,2,0.2
T18,Urayasu,Tozai,weekday,16:30,2,0.2
T18,Urayasu,Tozai,weekday,17:00,2,0.2
T18,Urayasu,Tozai,weekday,17:30,3,0.4
T18,Urayasu,Tozai,weekday,18:00,3,0.4
T18,Urayasu,Tozai,weekday,18:30,3,0.4
T18,Urayasu,Tozai,weekday,19:00,3,0.4
T18,Urayasu,Tozai,weekday,19:30,2,0.2
T18,Urayasu,Tozai,weekday,20:00,2,0.2
T18,Urayasu,Tozai,weekday,20:30,2,0.2
T18,Urayasu,Tozai,weekday,21:00,2,0.2
T18,Urayasu,Tozai,weekday,21:30,2,0.2
T18,Urayasu,Tozai,weekday,22:00,2,0.2
T18,Urayasu,Tozai,weekday,22:30,2,0.2
T18,Urayasu,Tozai,weekday,23:00,2,0.2
T18,Urayasu,Tozai,weekday,23:30,2,0.2
T18,Urayasu,Tozai,weekday,24:00:00,2,0.2
T18,Urayasu,Tozai,weekday,24:30:00,2,0.2
T19,Minami gyotoku,Tozai,holiday,05:00,1,0.0
T19,Minami gyotoku,Tozai,holiday,05:30,2,0.2
T19,Minami gyotoku,Tozai,holiday,06:00,2,0.2
T19,Minami gyotoku,Tozai,holiday,06:30,2,0.2
T19,Minami gyotoku,Tozai,holiday,07:00,2,0.2
T19,Minami gyotoku,Tozai,holiday,07:30,2,0.2
T19,Minami gyotoku,Tozai,holiday,08:00,2,0.2
T19,Minami gyotoku,Tozai,holiday,08:30,2,0.2
T19,Minami gyotoku,Tozai,holiday,09:00,2,0.2
T19,Minami gyotoku,Tozai,holiday,09:30,2,0.2
T19,Minami gyotoku,Tozai,holiday,10:00,2,0.2
T19,Minami gyotoku,Tozai,holiday,10:30,2,0.2
T19,Minami gyotoku,Tozai,holiday,11:00,2,0.2
T19,Minami gyotoku,Tozai,holiday,11:30,2,0.2
T19,Minami gyotoku,Tozai,holiday,12:00,2,0.2
T19,Minami gyotoku,Tozai,holiday,12:30,2,0.2
T19,Minami gyotoku,Tozai,holiday,13:00,2,0.2
T19,Minami gyotoku,Tozai,holiday,13:30,2,0.2
T19,Minami gyotoku,Tozai,holiday,14:00,2,0.2
T19,Minami gyotoku,Tozai,holiday,14:30,2,0.2
T19,Minami gyotoku,Tozai,holiday,15:00,2,0.2
T19,Minami gyotoku,Tozai,holiday,15:30,2,0.2
T19,Minami gyotoku,Tozai,holiday,16:00,2,0.2
T19,Minami gyotoku,Tozai,holiday,16:30,2,0.2
T19,Minami gyotoku,Tozai,holiday,17:00,2,0.2
T19,Minami gyotoku,Tozai,holiday,17:30,2,0.2
T19,Minami gyotoku,Tozai,holiday,18:00,2,0.2
T19,Minami gyotoku,Tozai,holiday,18:30,2,0.2
T19,Minami gyotoku,Tozai,holiday,19:00,2,0.2
T19,Minami gyotoku,Tozai,holiday,19:30,2,0.2
T19,Minami gyotoku,Tozai,holiday,20:00,2,0.2
T19,Minami gyotoku,Tozai,holiday,20:30,2,0.2
T19,Minami gyotoku,Tozai,holiday,21:00,2,0.2
T19,Minami gyotoku,Tozai,holiday,21:30,2,0.2
T19,Minami gyotoku,Tozai,holiday,22:00,2,0.2
T19,Minami gyotoku,Tozai,holiday,22:30,2,0.2
T19,Minami gyotoku,Tozai,holiday,23:00,2,0.2
T19,Minami gyotoku,Tozai,holiday,23:30,2,0.2
T19,Minami gyotoku,Tozai,holiday,24:00:00,2,0.2
T19,Minami gyotoku,Tozai,holiday,24:30:00,2,0.2
T19,Minami gyotoku,Tozai,weekday,05:00,2,0.2
T19,Minami gyotoku,Tozai,weekday,05:30,2,0.2
T19,Minami gyotoku,Tozai,weekday,06:00,2,0.2
T19,Minami gyotoku,Tozai,weekday,06:30,2,0.2
T19,Minami gyotoku,Tozai,weekday,07:00,3,0.4
T19,Minami gyotoku,Tozai,weekday,07:30,4,0.6
T19,Minami gyotoku,Tozai,weekday,08:00,3,0.4
T19,Minami gyotoku,Tozai,weekday,08:30,2,0.2
T19,Minami gyotoku,Tozai,weekday,09:00,2,0.2
T19,Minami gyotoku,Tozai,weekday,09:30,2,0.2
T19,Minami gyotoku,Tozai,weekday,10:00,2,0.2
T19,Minami gyotoku,Tozai,weekday,10:30,2,0.2
T19,Minami gyotoku,Tozai,weekday,11:00,2,0.2
T19,Minami gyotoku,Tozai,weekday,11:30,2,0.2
T19,Minami gyotoku,Tozai,weekday,12:00,2,0.2
T19,Minami gyotoku,Tozai,weekday,12:30,2,0.2
T19,Minami gyotoku,Tozai,weekday,13:00,1,0.0
T19,Minami gyotoku,Tozai,weekday,13:30,1,0.0
T19,Minami gyotoku,Tozai,weekday,14:00,1,0.0
T19,Minami gyotoku,Tozai,weekday,14:30,1,0.0
T19,Minami gyotoku,Tozai,weekday,15:00,1,0.0
T19,Minami gyotoku,Tozai,weekday,15:30,2,0.2
T19,Minami gyotoku,Tozai,weekday,16:00,2,0.2
T19,Minami gyotoku,Tozai,weekday,16:30,2,0.2
T19,Minami gyotoku,Tozai,weekday,17:00,2,0.2
T19,Minami gyotoku,Tozai,weekday,17:30,2,0.2
T19,Minami gyotoku,Tozai,weekday,18:00,2,0.2
T19,Minami gyotoku,Tozai,weekday,18:30,2,0.2
T19,Minami gyotoku,Tozai,weekday,19:00,2,0.2
T19,Minami gyotoku,Tozai,weekday,19:30,2,0.2
T19,Minami gyotoku,Tozai,weekday,20:00,2,0.2
T19,Minami gyotoku,Tozai,weekday,20:30,2,0.2
T19,Minami gyotoku,Tozai,weekday,21:00,2,0.2
T19,Minami gyotoku,Tozai,weekday,21:30,2,0.2
T19,Minami gyotoku,Tozai,weekday,22:00,2,0.2
T19,Minami gyotoku,Tozai,weekday,22:30,2,0.2
T19,Minami gyotoku,Tozai,weekday,23:00,2,0.2
T19,Minami gyotoku,Tozai,weekday,23:30,2,0.2
T19,Minami gyotoku,Tozai,weekday,24:00:00,2,0.2
T19,Minami gyotoku,Tozai,weekday,24:30:00,2,0.2
T20,Gyotoku,Tozai,holiday,05:00,1,0.0
T20,Gyotoku,Tozai,holiday,05:30,2,0.2
T20,Gyotoku,Tozai,holiday,06:00,2,0.2
T20,Gyotoku,Tozai,holiday,06:30,2,0.2
T20,Gyotoku,Tozai,holiday,07:00,2,0.2
T20,Gyotoku,Tozai,holiday,07:30,2,0.2
T20,Gyotoku,Tozai,holiday,08:00,2,0.2
T20,Gyotoku,Tozai,holiday,08:30,2,0.2
T20,Gyotoku,Tozai,holiday,09:00,2,0.2
T20,Gyotoku,Tozai,holiday,09:30,2,0.2
T20,Gyotoku,Tozai,holiday,10:00,2,0.2
T20,Gyotoku,Tozai,holiday,10:30,2,0.2
T20,Gyotoku,Tozai,holiday,11:00,2,0.2
T20,Gyotoku,Tozai,holiday,11:30,2,0.2
T20,Gyotoku,Tozai,holiday,12:00,2,0.2
T20,Gyotoku,Tozai,holiday,12:30,2,0.2
T20,Gyotoku,Tozai,holiday,13:00,2,0.2
T20,Gyotoku,Tozai,holiday,13:30,2,0.2
T20,Gyotoku,Tozai,holiday,14:00,2,0.2
T20,Gyotoku,Tozai,holiday,14:30,2,0.2
T20,Gyotoku,Tozai,holiday,15:00,2,0.2
T20,Gyotoku,Tozai,holiday,15:30,2,0.2
T20,Gyotoku,Tozai,holiday,16:00,2,0.2
T20,Gyotoku,Tozai,holiday,16:30,2,0.2
T20,Gyotoku,Tozai,holiday,17:00,2,0.2
T20,Gyotoku,Tozai,holiday,17:30,2,0.2
T20,Gyotoku,Tozai,holiday,18:00,2,0.2
T20,Gyotoku,Tozai,holiday,18:30,2,0.2
T20,Gyotoku,Tozai,holiday,19:00,2,0.2
T20,Gyotoku,Tozai,holiday,19:30,2,0.2
T20,Gyotoku,Tozai,holiday,20:00,2,0.2
T20,Gyotoku,Tozai,holiday,20:30,2,0.2
T20,Gyotoku,Tozai,holiday,21:00,2,0.2
T20,Gyotoku,Tozai,holiday,21:30,2,0.2
T20,Gyotoku,Tozai,holiday,22:00,2,0.2
T20,Gyotoku,Tozai,holiday,22:30,2,0.2
T20,Gyotoku,Tozai,holiday,23:00,2,0.2
T20,Gyotoku,Tozai,holiday,23:30,1,0.0
T20,Gyotoku,Tozai,holiday,24:00:00,1,0.0
T20,Gyotoku,Tozai,holiday,24:30:00,2,0.2
T20,Gyotoku,Tozai,weekday,05:00,2,0.2
T20,Gyotoku,Tozai,weekday,05:30,2,0.2
T20,Gyotoku,Tozai,weekday,06:00,2,0.2
T20,Gyotoku,Tozai,weekday,06:30,2,0.2
T20,Gyotoku,Tozai,weekday,07:00,3,0.4
T20,Gyotoku,Tozai,weekday,07:30,3,0.4
T20,Gyotoku,Tozai,weekday,08:00,3,0.4
T20,Gyotoku,Tozai,weekday,08:30,2,0.2
T20,Gyotoku,Tozai,weekday,09:00,2,0.2
T20,Gyotoku,Tozai,weekday,09:30,2,0.2
T20,Gyotoku,Tozai,weekday,10:00,2,0.2
T20,Gyotoku,Tozai,weekday,10:30,2,0.2
T20,Gyotoku,Tozai,weekday,11:00,2,0.2
T20,Gyotoku,Tozai,weekday,11:30,1,0.0
T20,Gyotoku,Tozai,weekday,12:00,2,0.2
T20,Gyotoku,Tozai,weekday,12:30,1,0.0
T20,Gyotoku,Tozai,weekday,13:00,1,0.0
T20,Gyotoku,Tozai,weekday,13:30,1,0.0
T20,Gyotoku,Tozai,weekday,14:00,1,0.0
T20,Gyotoku,Tozai,weekday,14:30,1,0.0
T20,Gyotoku,Tozai,weekday,15:00,1,0.0
T20,Gyotoku,Tozai,weekday,15:30,2,0.2
T20,Gyotoku,Tozai,weekday,16:00,2,0.2
T20,Gyotoku,Tozai,weekday,16:30,2,0.2
T20,Gyotoku,Tozai,weekday,17:00,2,0.2
T20,Gyotoku,Tozai,weekday,17:30,2,0.2
T20,Gyotoku,Tozai,weekday,18:00,2,0.2
T20,Gyotoku,Tozai,weekday,18:30,2,0.2
T20,Gyotoku,Tozai,weekday,19:00,2,0.2
T20,Gyotoku,Tozai,weekday,19:30,2,0.2
T20,Gyotoku,Tozai,weekday,20:00,2,0.2
T20,Gyotoku,Tozai,weekday,20:30,2,0.2
T20,Gyotoku,Tozai,weekday,21:00,2,0.2
T20,Gyotoku,Tozai,weekday,21:30,2,0.2
T20,Gyotoku,Tozai,weekday,22:00,2,0.2
T20,Gyotoku,Tozai,weekday,22:30,2,0.2
T20,Gyotoku,Tozai,weekday,23:00,2,0.2
T20,Gyotoku,Tozai,weekday,23:30,2,0.2
T20,Gyotoku,Tozai,weekday,24:00:00,2,0.2
T20,Gyotoku,Tozai,weekday,24:30:00,2,0.2
T21,Myoden,Tozai,holiday,05:00,1,0.0
T21,Myoden,Tozai,holiday,05:30,1,0.0
T21,Myoden,Tozai,holiday,06:00,2,0.2
T21,Myoden,Tozai,holiday,06:30,2,0.2
T21,Myoden,Tozai,holiday,07:00,2,0.2
T21,Myoden,Tozai,holiday,07:30,2,0.2
T21,Myoden,Tozai,holiday,08:00,2,0.2
T21,Myoden,Tozai,holiday,08:30,2,0.2
T21,Myoden,Tozai,holiday,09:00,2,0.2
T21,Myoden,Tozai,holiday,09:30,2,0.2
T21,Myoden,Tozai,holiday,10:00,2,0.2
T21,Myoden,Tozai,holiday,10:30,2,0.2
T21,Myoden,Tozai,holiday,11:00,2,0.2
T21,Myoden,Tozai,holiday,11:30,2,0.2
T21,Myoden,Tozai,holiday,12:00,2,0.2
T21,Myoden,Tozai,holiday,12:30,2,0.2
T21,Myoden,Tozai,holiday,13:00,1,0.0
T21,Myoden,Tozai,holiday,13:30,2,0.2
T21,Myoden,Tozai,holiday,14:00,2,0.2
T21,Myoden,Tozai,holiday,14:30,2,0.2
T21,Myoden,Tozai,holiday,15:00,2,0.2
T21,Myoden,Tozai,holiday,15:30,2,0.2
T21,Myoden,Tozai,holiday,16:00,2,0.2
T21,Myoden,Tozai,holiday,16:30,2,0.2
T21,Myoden,Tozai,holiday,17:00,2,0.2
T21,Myoden,Tozai,holiday,17:30,2,0.2
T21,Myoden,Tozai,holiday,18:00,2,0.2
T21,Myoden,Tozai,holiday,18:30,2,0.2
T21,Myoden,Tozai,holiday,19:00,2,0.2
T21,Myoden,Tozai,holiday,19:30,2,0.2
T21,Myoden,Tozai,holiday,20:00,2,0.2
T21,Myoden,Tozai,holiday,20:30,2,0.2
T21,Myoden,Tozai,holiday,21:00,2,0.2
T21,Myoden,Tozai,holiday,21:30,2,0.2
T21,Myoden,Tozai,holiday,22:00,2,0.2
T21,Myoden,Tozai,holiday,22:30,2,0.2
T21,Myoden,Tozai,holiday,23:00,2,0.2
T21,Myoden,Tozai,holiday,23:30,1,0.0
T21,Myoden,Tozai,holiday,24:00:00,1,0.0
T21,Myoden,Tozai,weekday,05:00,2,0.2
T21,Myoden,Tozai,weekday,05:30,2,0.2
T21,Myoden,Tozai,weekday,06:00,2,0.2
T21,Myoden,Tozai,weekday,06:30,2,0.2
T21,Myoden,Tozai,weekday,07:00,3,0.4
T21,Myoden,Tozai,weekday,07:30,2,0.2
T21,Myoden,Tozai,weekday,08:00,2,0.2
T21,Myoden,Tozai,weekday,08:30,2,0.2
T21,Myoden,Tozai,weekday,09:00,2,0.2
T21,Myoden,Tozai,weekday,09:30,2,0.2
T21,Myoden,Tozai,weekday,10:00,2,0.2
T21,Myoden,Tozai,weekday,10:30,2,0.2
T21,Myoden,Tozai,weekday,11:00,2,0.2
T21,Myoden,Tozai,weekday,11:30,1,0.0
T21,Myoden,Tozai,weekday,12:00,1,0.0
T21,Myoden,Tozai,weekday,12:30,1,0.0
T21,Myoden,Tozai,weekday,13:00,1,0.0
T21,Myoden,Tozai,weekday,13:30,1,0.0
T21,Myoden,Tozai,weekday,14:00,1,0.0
T21,Myoden,Tozai,weekday,14:30,1,0.0
T21,Myoden,Tozai,weekday,15:00,1,0.0
T21,Myoden,Tozai,weekday,15:30,1,0.0
T21,Myoden,Tozai,weekday,16:00,2,0.2
T21,Myoden,Tozai,weekday,16:30,2,0.2
T21,Myoden,Tozai,weekday,17:00,2,0.2
T21,Myoden,Tozai,weekday,17:30,2,0.2
T21,Myoden,Tozai,weekday,18:00,2,0.2
T21,Myoden,Tozai,weekday,18:30,2,0.2
T21,Myoden,Tozai,weekday,19:00,2,0.2
T21,Myoden,Tozai,weekday,19:30,2,0.2
T21,Myoden,Tozai,weekday,20:00,1,0.0
T21,Myoden,Tozai,weekday,20:30,2,0.2
T21,Myoden,Tozai,weekday,21:00,2,0.2
T21,Myoden,Tozai,weekday,21:30,2,0.2
T21,Myoden,Tozai,weekday,22:00,1,0.0
T21,Myoden,Tozai,weekday,22:30,2,0.2
T21,Myoden,Tozai,weekday,23:00,1,0.0
T21,Myoden,Tozai,weekday,23:30,2,0.2
T21,Myoden,Tozai,weekday,24:00:00,2,0.2
T21,Myoden,Tozai,weekday,24:30:00,2,0.2
T22,Baraki nakayama,Tozai,holiday,05:00,1,0.0
T22,Baraki nakayama,Tozai,holiday,05:30,2,0.2
T22,Baraki nakayama,Tozai,holiday,06:00,2,0.2
T22,Baraki nakayama,Tozai,holiday,06:30,1,0.0
T22,Baraki nakayama,Tozai,holiday,07:00,2,0.2
T22,Baraki nakayama,Tozai,holiday,07:30,2,0.2
T22,Baraki nakayama,Tozai,holiday,08:00,2,0.2
T22,Baraki nakayama,Tozai,holiday,08:30,2,0.2
T22,Baraki nakayama,Tozai,holiday,09:00,2,0.2
T22,Baraki nakayama,Tozai,holiday,09:30,2,0.2
T22,Baraki nakayama,Tozai,holiday,10:00,2,0.2
T22,Baraki nakayama,Tozai,holiday,10:30,2,0.2
T22,Baraki nakayama,Tozai,holiday,11:00,2,0.2
T22,Baraki nakayama,Tozai,holiday,11:30,2,0.2
T22,Baraki nakayama,Tozai,holiday,12:00,2,0.2
T22,Baraki nakayama,Tozai,holiday,12:30,2,0.2
T22,Baraki nakayama,Tozai,holiday,13:00,1,0.0
T22,Baraki nakayama,Tozai,holiday,13:30,2,0.2
T22,Baraki nakayama,Tozai,holiday,14:00,1,0.0
T22,Baraki nakayama,Tozai,holiday,14:30,2,0.2
T22,Baraki nakayama,Tozai,holiday,15:00,2,0.2
T22,Baraki nakayama,Tozai,holiday,15:30,2,0.2
T22,Baraki nakayama,Tozai,holiday,16:00,2,0.2
T22,Baraki nakayama,Tozai,holiday,16:30,2,0.2
T22,Baraki nakayama,Tozai,holiday,17:00,2,0.2
T22,Baraki nakayama,Tozai,holiday,17:30,2,0.2
T22,Baraki nakayama,Tozai,holiday,18:00,2,0.2
T22,Baraki nakayama,Tozai,holiday,18:30,2,0.2
T22,Baraki nakayama,Tozai,holiday,19:00,2,0.2
T22,Baraki nakayama,Tozai,holiday,19:30,2,0.2
T22,Baraki nakayama,Tozai,holiday,20:00,2,0.2
T22,Baraki nakayama,Tozai,holiday,20:30,2,0.2
T22,Baraki nakayama,Tozai,holiday,21:00,2,0.2
T22,Baraki nakayama,Tozai,holiday,21:30,2,0.2
T22,Baraki nakayama,Tozai,holiday,22:00,2,0.2
T22,Baraki nakayama,Tozai,holiday,22:30,2,0.2
T22,Baraki nakayama,Tozai,holiday,23:00,1,0.0
T22,Baraki nakayama,Tozai,holiday,23:30,1,0.0
T22,Baraki nakayama,Tozai,holiday,24:00:00,1,0.0
T22,Baraki nakayama,Tozai,weekday,05:00,2,0.2
T22,Baraki nakayama,Tozai,weekday,05:30,2,0.2
T22,Baraki nakayama,Tozai,weekday,06:00,2,0.2
T22,Baraki nakayama,Tozai,weekday,06:30,2,0.2
T22,Baraki nakayama,Tozai,weekday,07:00,2,0.2
T22,Baraki nakayama,Tozai,weekday,07:30,3,0.4
T22,Baraki nakayama,Tozai,weekday,08:00,3,0.4
T22,Baraki nakayama,Tozai,weekday,08:30,2,0.2
T22,Baraki nakayama,Tozai,weekday,09:00,2,0.2
T22,Baraki nakayama,Tozai,weekday,09:30,1,0.0
T22,Baraki nakayama,Tozai,weekday,10:00,2,0.2
T22,Baraki nakayama,Tozai,weekday,10:30,2,0.2
T22,Baraki nakayama,Tozai,weekday,11:00,2,0.2
T22,Baraki nakayama,Tozai,weekday,11:30,1,0.0
T22,Baraki nakayama,Tozai,weekday,12:00,1,0.0
T22,Baraki nakayama,Tozai,weekday,12:30,1,0.0
T22,Baraki nakayama,Tozai,weekday,13:00,1,0.0
T22,Baraki nakayama,Tozai,weekday,13:30,1,0.0
T22,Baraki nakayama,Tozai,weekday,14:00,1,0.0
T22,Baraki nakayama,Tozai,weekday,14:30,1,0.0
T22,Baraki nakayama,Tozai,weekday,15:00,1,0.0
T22,Baraki nakayama,Tozai,weekday,15:30,1,0.0
T22,Baraki nakayama,Tozai,weekday,16:00,2,0.2
T22,Baraki nakayama,Tozai,weekday,16:30,2,0.2
T22,Baraki nakayama,Tozai,weekday,17:00,2,0.2
T22,Baraki nakayama,Tozai,weekday,17:30,2,0.2
T22,Baraki nakayama,Tozai,weekday,18:00,2,0.2
T22,Baraki nakayama,Tozai,weekday,18:30,2,0.2
T22,Baraki nakayama,Tozai,weekday,19:00,2,0.2
T22,Baraki nakayama,Tozai,weekday,19:30,2,0.2
T22,Baraki nakayama,Tozai,weekday,20:00,1,0.0
T22,Baraki nakayama,Tozai,weekday,20:30,2,0.2
T22,Baraki nakayama,Tozai,weekday,21:00,1,0.0
T22,Baraki nakayama,Tozai,weekday,21:30,2,0.2
T22,Baraki nakayama,Tozai,weekday,22:00,1,0.0
T22,Baraki nakayama,Tozai,weekday,22:30,2,0.2
T22,Baraki nakayama,Tozai,weekday,23:00,1,0.0
T22,Baraki nakayama,Tozai,weekday,23:30,1,0.0
T22,Baraki nakayama,Tozai,weekday,24:00:00,2,0.2
T22,Baraki nakayama,Tozai,weekday,24:30:00,2,0.2
T23,Nishi funabashi,Tozai,holiday,05:00,1,0.0
T23,Nishi funabashi,Tozai,holiday,05:30,1,0.0
T23,Nishi funabashi,Tozai,holiday,06:00,2,0.2
T23,Nishi funabashi,Tozai,holiday,06:30,1,0.0
T23,Nishi funabashi,Tozai,holiday,07:00,2,0.2
T23,Nishi funabashi,Tozai,holiday,07:30,2,0.2
T23,Nishi funabashi,Tozai,holiday,08:00,2,0.2
T23,Nishi funabashi,Tozai,holiday,08:30,2,0.2
T23,Nishi funabashi,Tozai,holiday,09:00,2,0.2
T23,Nishi funabashi,Tozai,holiday,09:30,2,0.2
T23,Nishi funabashi,Tozai,holiday,10:00,2,0.2
T23,Nishi funabashi,Tozai,holiday,10:30,2,0.2
T23,Nishi funabashi,Tozai,holiday,11:00,2,0.2
T23,Nishi funabashi,Tozai,holiday,11:30,2,0.2
T23,Nishi funabashi,Tozai,holiday,12:00,2,0.2
T23,Nishi funabashi,Tozai,holiday,12:30,2,0.2
T23,Nishi funabashi,Tozai,holiday,13:00,2,0.2
T23,Nishi funabashi,Tozai,holiday,13:30,1,0.0
T23,Nishi funabashi,Tozai,holiday,14:00,1,0.0
T23,Nishi funabashi,Tozai,holiday,14:30,1,0.0
T23,Nishi funabashi,Tozai,holiday,15:00,1,0.0
T23,Nishi funabashi,Tozai,holiday,15:30,1,0.0
T23,Nishi funabashi,Tozai,holiday,16:00,1,0.0
T23,Nishi funabashi,Tozai,holiday,16:30,1,0.0
T23,Nishi funabashi,Tozai,holiday,17:00,2,0.2
T23,Nishi funabashi,Tozai,holiday,17:30,2,0.2
T23,Nishi funabashi,Tozai,holiday,18:00,2,0.2
T23,Nishi funabashi,Tozai,holiday,18:30,2,0.2
T23,Nishi funabashi,Tozai,holiday,19:00,2,0.2
T23,Nishi funabashi,Tozai,holiday,19:30,2,0.2
T23,Nishi funabashi,Tozai,holiday,20:00,1,0.0
T23,Nishi funabashi,Tozai,holiday,20:30,1,0.0
T23,Nishi funabashi,Tozai,holiday,21:00,2,0.2
T23,Nishi funabashi,Tozai,holiday,21:30,2,0.2
T23,Nishi funabashi,Tozai,holiday,22:00,2,0.2
T23,Nishi funabashi,Tozai,holiday,22:30,2,0.2
T23,Nishi funabashi,Tozai,holiday,23:00,2,0.2
T23,Nishi funabashi,Tozai,holiday,23:30,1,0.0
T23,Nishi funabashi,Tozai,holiday,24:00:00,1,0.0
T23,Nishi funabashi,Tozai,weekday,05:00,2,0.2
T23,Nishi funabashi,Tozai,weekday,05:30,2,0.2
T23,Nishi funabashi,Tozai,weekday,06:00,2,0.2
T23,Nishi funabashi,Tozai,weekday,06:30,2,0.2
T23,Nishi funabashi,Tozai,weekday,07:00,3,0.4
T23,Nishi funabashi,Tozai,weekday,07:30,3,0.4
T23,Nishi funabashi,Tozai,weekday,08:00,3,0.4
T23,Nishi funabashi,Tozai,weekday,08:30,2,0.2
T23,Nishi funabashi,Tozai,weekday,09:00,2,0.2
T23,Nishi funabashi,Tozai,weekday,09:30,2,0.2
T23,Nishi funabashi,Tozai,weekday,10:00,2,0.2
T23,Nishi funabashi,Tozai,weekday,10:30,2,0.2
T23,Nishi funabashi,Tozai,weekday,11:00,2,0.2
T23,Nishi funabashi,Tozai,weekday,11:30,1,0.0
T23,Nishi funabashi,Tozai,weekday,12:00,2,0.2
T23,Nishi funabashi,Tozai,weekday,12:30,2,0.2
T23,Nishi funabashi,Tozai,weekday,13:00,1,0.0
T23,Nishi funabashi,Tozai,weekday,13:30,1,0.0
T23,Nishi funabashi,Tozai,weekday,14:00,1,0.0
T23,Nishi funabashi,Tozai,weekday,14:30,1,0.0
T23,Nishi funabashi,Tozai,weekday,15:00,1,0.0
T23,Nishi funabashi,Tozai,weekday,15:30,1,0.0
T23,Nishi funabashi,Tozai,weekday,16:00,2,0.2
T23,Nishi funabashi,Tozai,weekday,16:30,2,0.2
T23,Nishi funabashi,Tozai,weekday,17:00,2,0.2
T23,Nishi funabashi,Tozai,weekday,17:30,1,0.0
T23,Nishi funabashi,Tozai,weekday,18:00,2,0.2
T23,Nishi funabashi,Tozai,weekday,18:30,2,0.2
T23,Nishi funabashi,Tozai,weekday,19:00,2,0.2
T23,Nishi funabashi,Tozai,weekday,19:30,1,0.0
T23,Nishi funabashi,Tozai,weekday,20:00,1,0.0
T23,Nishi funabashi,Tozai,weekday,20:30,1,0.0
T23,Nishi funabashi,Tozai,weekday,21:00,1,0.0
T23,Nishi funabashi,Tozai,weekday,21:30,1,0.0
T23,Nishi funabashi,Tozai,weekday,22:00,1,0.0
T23,Nishi funabashi,Tozai,weekday,22:30,1,0.0
T23,Nishi funabashi,Tozai,weekday,23:00,1,0.0
T23,Nishi funabashi,Tozai,weekday,23:30,1,0.0
T23,Nishi funabashi,Tozai,weekday,24:00:00,2,0.2
